#
# A fatal error has been detected by the Java Runtime Environment:
#
#  EXCEPTION_ACCESS_VIOLATION (0xc0000005) at pc=0x00007ffa97129bd8, pid=18908, tid=14900
#
# JRE version: OpenJDK Runtime Environment (17.0.15+10) (build 17.0.15+10-LTS)
# Java VM: OpenJDK 64-Bit Server VM (17.0.15+10-LTS, mixed mode, sharing, tiered, compressed oops, compressed class ptrs, g1 gc, windows-amd64)
# Problematic frame:
# C  [bulletjme-x86_64.dll+0x9bd8]
#
# No core dump will be written. Minidumps are not enabled by default on client versions of Windows
#
# If you would like to submit a bug report, please visit:
#   https://bell-sw.com/support
# The crash happened outside the Java Virtual Machine in native code.
# See problematic frame for where to report the bug.
#

---------------  S U M M A R Y ------------

Command Line: -javaagent:C:\Program Files\JetBrains\IntelliJIdea2025.1\lib\idea_rt.jar=59327 -Dfile.encoding=UTF-8 test.Game --add-opens=java.base/java.nio=ALL-UNNAMED

Host: Intel(R) Core(TM) i7-6950X CPU @ 3.00GHz, 20 cores, 31G,  Windows 10 , 64 bit Build 19041 (10.0.19041.662)
Time: Thu Jun 26 09:40:07 2025 RTZ 2 (s 10 , 64 bit Build 19041 (10.0.19041.662) elapsed time: 44.786373 seconds (0d 0h 0m 44s)

---------------  T H R E A D  ---------------

Current thread (0x000002370ac460a0):  JavaThread "jME3 Main" [_thread_in_native, id=14900, stack(0x000000acc2b00000,0x000000acc2c00000)]

Stack: [0x000000acc2b00000,0x000000acc2c00000],  sp=0x000000acc2bfed90,  free space=1019k
Native frames: (J=compiled Java code, j=interpreted, Vv=VM code, C=native code)
C  [bulletjme-x86_64.dll+0x9bd8]

Java frames: (J=compiled Java code, j=interpreted, Vv=VM code)
J 5034  com.jme3.bullet.PhysicsSpace.stepSimulation(JFIFZZZ)V (0 bytes) @ 0x00000236a4c5228a [0x00000236a4c52220+0x000000000000006a]
J 5555 c1 com.jme3.bullet.PhysicsSpace.update(FIZZZ)V (121 bytes) @ 0x000002369ceba714 [0x000002369ceba380+0x0000000000000394]
J 5554 c1 com.jme3.bullet.DefaultContactManager.update(FI)V (68 bytes) @ 0x000002369d0320ec [0x000002369d032040+0x00000000000000ac]
J 5553 c1 com.jme3.bullet.PhysicsSpace.update(F)V (85 bytes) @ 0x000002369cf85084 [0x000002369cf84f40+0x0000000000000144]
J 5552 c1 com.jme3.bullet.BulletAppState.render(Lcom/jme3/renderer/RenderManager;)V (97 bytes) @ 0x000002369ce94dc4 [0x000002369ce94b60+0x0000000000000264]
J 5684 c2 com.jme3.app.state.AppStateManager.render(Lcom/jme3/renderer/RenderManager;)V (95 bytes) @ 0x00000236a4bbf804 [0x00000236a4bbf5e0+0x0000000000000224]
j  com.jme3.app.SimpleApplication.update()V+161
j  com.jme3.system.lwjgl.LwjglWindow.runLoop()V+37
j  com.jme3.system.lwjgl.LwjglWindow.run()V+54
j  java.lang.Thread.run()V+11 java.base@17.0.15
v  ~StubRoutines::call_stub

siginfo: EXCEPTION_ACCESS_VIOLATION (0xc0000005), reading address 0x0000000000000118


Registers:
RAX=0x00000237cd258880, RBX=0x00000000000008a2, RCX=0x0000000000000000, RDX=0x0000000000000000
RSP=0x000000acc2bfed90, RBP=0x0000000000000004, RSI=0x0000023714ba0340, RDI=0x0000000000004510
R8 =0x0000000000000004, R9 =0x0000000000000000, R10=0x00007ffa972a3a10, R11=0x0000000000000000
R12=0x0000000000000000, R13=0x00000000e7cf8f4f, R14=0x000000acc2bfeed8, R15=0x000002370ac460a0
RIP=0x00007ffa97129bd8, EFLAGS=0x0000000000010297

XMM[0]=0x0000000000000000 0x0000000044152308
XMM[1]=0x0000000000000000 0x000000003d888889
XMM[2]=0x0000000000000000 0x000000003c157800
XMM[3]=0x0000000000000000 0x000000003c888889
XMM[4]=0x0000000000000000 0x00000000442e055d
XMM[5]=0x0000000000000000 0x00000000444e93f9
XMM[6]=0x0000000000000000 0x000000003d888889
XMM[7]=0x0000000000000000 0x00000000c44970d8
XMM[8]=0x0000000000000000 0x00000000c4560549
XMM[9]=0x0000000000000000 0x000000003d85e2b2
XMM[10]=0x0000000000000000 0x00000000bdea7d6d
XMM[11]=0x0000000000000000 0x000000003c0f0307
XMM[12]=0x0000000000000000 0x000000003743debe
XMM[13]=0x0000000000000000 0x00000000374a22cf
XMM[14]=0x0000000000000000 0x00000000be746339
XMM[15]=0x0000000000000000 0x00000000bd93d47b
  MXCSR=0x00001fa5


Register to memory mapping:

RIP=0x00007ffa97129bd8 bulletjme-x86_64.dll
RAX=0x00000237cd258880 points into unknown readable memory: 0x0000023724c97b70 | 70 7b c9 24 37 02 00 00
RBX=0x00000000000008a2 is an unknown value
RCX=0x0 is NULL
RDX=0x0 is NULL
RSP=0x000000acc2bfed90 is pointing into the stack for thread: 0x000002370ac460a0
RBP=0x0000000000000004 is an unknown value
RSI=0x0000023714ba0340 points into unknown readable memory: 0x00007ffa972eadf8 | f8 ad 2e 97 fa 7f 00 00
RDI=0x0000000000004510 is an unknown value
R8 =0x0000000000000004 is an unknown value
R9 =0x0 is NULL
R10=0x00007ffa972a3a10 bulletjme-x86_64.dll
R11=0x0 is NULL
R12=0x0 is NULL
R13=0x00000000e7cf8f4f is an unknown value
R14=0x000000acc2bfeed8 is pointing into the stack for thread: 0x000002370ac460a0
R15=0x000002370ac460a0 is a thread


Top of Stack: (sp=0x000000acc2bfed90)
0x000000acc2bfed90:   00000236a4289520 0000000000000000
0x000000acc2bfeda0:   000000060322a940 00000007ffec94d8
0x000000acc2bfedb0:   000000003c888889 0000000000000000
0x000000acc2bfedc0:   0000000000000254 00007ffa9712ab58
0x000000acc2bfedd0:   0000000000000004 0000023714ba0340
0x000000acc2bfede0:   00000236c32742a8 000000060296073c
0x000000acc2bfedf0:   00000000c42e055c 0000000000000000
0x000000acc2bfee00:   0000000000000000 00007ffa972a3a4e
0x000000acc2bfee10:   000000acc2bfeef0 0000000000000001
0x000000acc2bfee20:   0000000000000001 00000006af4281b8
0x000000acc2bfee30:   0000000602960700 00000006af428100
0x000000acc2bfee40:   0000000615ccc801 00000236a4d2d59c
0x000000acc2bfee50:   000000ac00000000 00000236a4c52338
0x000000acc2bfee60:   000000acc2bfee60 0000023705a5c9e5
0x000000acc2bfee70:   00000236c32742a8 00000007ffec9440
0x000000acc2bfee80:   0000000000000004 000000063c888889
0x000000acc2bfee90:   0000000000000000 0000000000000000
0x000000acc2bfeea0:   0000000000000001 0000000602960740
0x000000acc2bfeeb0:   00000006028b20a8 00007ffa00000000
0x000000acc2bfeec0:   000002370ac460a0 0000023600000000
0x000000acc2bfeed0:   0000000615d5e180 00000007fff21f60
0x000000acc2bfeee0:   0000000000000011 00007ffa9276526d
0x000000acc2bfeef0:   00000000c050e133 000002369ceba714
0x000000acc2bfef00:   000000acc2bfefa8 00000007ffeb6318
0x000000acc2bfef10:   0000000000000110 00000236a429c3b2
0x000000acc2bfef20:   00000236a4289520 00000000000000c3
0x000000acc2bfef30:   00000236a4289520 00000007fff631a0
0x000000acc2bfef40:   000000acc2bfefb0 00000236a4289634
0x000000acc2bfef50:   00000236a4289634 000000003f7d40f1
0x000000acc2bfef60:   00000007fff291b0 0000000000000004
0x000000acc2bfef70:   0000000100000000 000002370ac46358
0x000000acc2bfef80:   00000237411ee05d 0000023705e55278 

Instructions: (pc=0x00007ffa97129bd8)
0x00007ffa97129ad8:   14 c8 4a 8d 0c d5 f8 ff ff ff 4a 8b 04 01 48 89
0x00007ffa97129ae8:   02 49 8b 83 60 01 00 00 4c 89 0c 01 41 ff 8b 54
0x00007ffa97129af8:   01 00 00 48 8b 4b 28 48 8b d3 e8 89 e1 05 00 48
0x00007ffa97129b08:   8b 4b 30 48 8b d3 48 83 c4 20 5b e9 78 e1 05 00
0x00007ffa97129b18:   cc cc cc cc cc cc cc cc 40 53 4c 63 91 74 01 00
0x00007ffa97129b28:   00 33 c0 4c 8b da 48 8b d9 45 85 d2 7e 5d 4c 8b
0x00007ffa97129b38:   81 80 01 00 00 0f 1f 00 4d 39 18 74 17 ff c0 49
0x00007ffa97129b48:   83 c0 08 41 3b c2 7c f0 49 8b d3 48 8b cb 5b e9
0x00007ffa97129b58:   e4 e8 07 00 41 3b c2 7d 32 4c 8b 81 80 01 00 00
0x00007ffa97129b68:   48 63 c8 4d 8b 0c c8 49 8d 14 c8 4a 8d 0c d5 f8
0x00007ffa97129b78:   ff ff ff 4a 8b 04 01 48 89 02 48 8b 83 80 01 00
0x00007ffa97129b88:   00 4c 89 0c 01 ff 8b 74 01 00 00 49 8b d3 48 8b
0x00007ffa97129b98:   cb 5b e9 a1 e8 07 00 cc 48 89 5c 24 10 56 48 83
0x00007ffa97129ba8:   ec 30 33 db 0f 29 74 24 20 0f 28 f1 48 8b f1 39
0x00007ffa97129bb8:   59 0c 7e 57 48 89 7c 24 40 8b fb 0f 1f 40 00 66
0x00007ffa97129bc8:   0f 1f 84 00 00 00 00 00 48 8b 46 18 48 8b 0c 07
0x00007ffa97129bd8:   f6 81 18 01 00 00 02 74 22 48 85 c9 74 1d 83 b9
0x00007ffa97129be8:   f8 00 00 00 02 74 14 8b 81 e8 00 00 00 d1 e8 a8
0x00007ffa97129bf8:   01 74 08 0f 28 ce e8 3d e2 05 00 ff c3 48 83 c7
0x00007ffa97129c08:   08 3b 5e 0c 7c c2 48 8b 7c 24 40 48 8b 5c 24 48
0x00007ffa97129c18:   0f 28 74 24 20 48 83 c4 30 5e c3 cc cc cc cc cc
0x00007ffa97129c28:   cc cc cc cc cc cc cc cc 48 89 5c 24 08 57 48 83
0x00007ffa97129c38:   ec 20 48 8b fa 48 8b d9 e8 3b e8 16 00 8b 43 40
0x00007ffa97129c48:   89 47 20 8b 43 44 89 47 24 8b 43 48 89 47 28 8b
0x00007ffa97129c58:   43 4c 89 47 2c 8b 43 30 89 47 10 8b 43 34 89 47
0x00007ffa97129c68:   14 8b 43 38 89 47 18 8b 43 3c 89 47 1c 8b 43 50
0x00007ffa97129c78:   48 8b 5c 24 30 89 47 30 48 8d 05 c1 13 1c 00 c7
0x00007ffa97129c88:   47 34 00 00 00 00 48 83 c4 20 5f c3 cc cc cc cc
0x00007ffa97129c98:   cc cc cc cc cc cc cc cc 48 89 5c 24 10 48 89 6c
0x00007ffa97129ca8:   24 18 48 89 74 24 20 57 41 54 41 56 48 83 ec 30
0x00007ffa97129cb8:   48 8b 02 48 8b e9 48 8b ca 4c 89 7c 24 50 48 8b
0x00007ffa97129cc8:   f2 ff 50 38 48 8b 06 ba 68 00 00 00 41 b8 01 00 


Stack slot to memory mapping:
stack at sp + 0 slots: 0x00000236a4289520 is at code_begin+1152 in an Interpreter codelet
return entry points  [0x00000236a42890a0, 0x00000236a4289c00]  2912 bytes
stack at sp + 1 slots: 0x0 is NULL
stack at sp + 2 slots: 0x000000060322a940 is an oop: org.apache.logging.slf4j.Log4jLoggerFactory 
{0x000000060322a940} - klass: 'org/apache/logging/slf4j/Log4jLoggerFactory'
 - ---- fields (total size 3 words):
 - protected final 'registry' 'Ljava/util/Map;' @12  a 'java/util/concurrent/ConcurrentHashMap'{0x000000060322a958} (c064552b)
 - private final 'lock' 'Ljava/util/concurrent/locks/ReadWriteLock;' @16  a 'java/util/concurrent/locks/ReentrantReadWriteLock'{0x000000060322ab58} (c064556b)
 - private final 'markerFactory' 'Lorg/apache/logging/slf4j/Log4jMarkerFactory;' @20  a 'org/apache/logging/slf4j/Log4jMarkerFactory'{0x000000060322aad0} (c064555a)
stack at sp + 3 slots: 0x00000007ffec94d8 is an oop: java.lang.String 
{0x00000007ffec94d8} - klass: 'java/lang/String'
 - string: "com.jme3.bullet.PhysicsSpace"
stack at sp + 4 slots: 0x000000003c888889 is an unknown value
stack at sp + 5 slots: 0x0 is NULL
stack at sp + 6 slots: 0x0000000000000254 is an unknown value
stack at sp + 7 slots: 0x00007ffa9712ab58 bulletjme-x86_64.dll


Compiled method (n/a)   44829 5034     n 0       com.jme3.bullet.PhysicsSpace::stepSimulation (native)
 total in heap  [0x00000236a4c52090,0x00000236a4c52478] = 1000
 relocation     [0x00000236a4c521e8,0x00000236a4c52218] = 48
 main code      [0x00000236a4c52220,0x00000236a4c52470] = 592
 oops           [0x00000236a4c52470,0x00000236a4c52478] = 8

[Constant Pool (empty)]

[MachCode]
[Entry Point]
  # {method} {0x0000023705c76298} 'stepSimulation' '(JFIFZZZ)V' in 'com/jme3/bullet/PhysicsSpace'
  # parm0:    rdx:rdx   = long
  # parm1:    xmm0      = float
  # parm2:    r8        = int
  # parm3:    xmm1      = float
  # parm4:    r9        = boolean
  # parm5:    rdi       = boolean
  # parm6:    rsi       = boolean
  #           [sp+0xa0]  (sp of caller)
  0x00000236a4c52220: 448b 5208 | 49bb 0000 | 00c3 3602 | 0000 4d03 | d349 3bc2 | 0f84 0600 

  0x00000236a4c52238: ;   {runtime_call ic_miss_stub}
  0x00000236a4c52238: 0000 e941 | ee67 ff90 
[Verified Entry Point]
  0x00000236a4c52240: 8984 2400 | 90ff ff55 | 488b ec48 | 81ec 9000 | 0000 4889 | 7424 4048 | 897c 2438 | 4c89 4c24 
  0x00000236a4c52260: 30c5 fa11 | 4c24 284c | 8944 2420 | c5f9 28d8 

  0x00000236a4c52270: ;   {oop(a 'java/lang/Class'{0x00000007fff21f60} = 'com/jme3/bullet/PhysicsSpace')}
  0x00000236a4c52270: 4c8b c249 | be60 1ff2 | ff07 0000 | 004c 8974 | 2478 4c8d | 7424 7849 | 8bd6 c5f8 

  0x00000236a4c5228c: ;   {internal_word}
  0x00000236a4c5228c: 7749 ba8a | 22c5 a436 | 0200 004d | 8997 a002 | 0000 4989 | a798 0200 

  0x00000236a4c522a4: ;   {external_word}
  0x00000236a4c522a4: 0049 ba12 | 1af7 92fa | 7f00 0041 | 803a 000f | 8460 0000 | 0052 4150 | 4883 ec10 | c5fb 111c 
  0x00000236a4c522c4: ;   {metadata({method} {0x0000023705c76298} 'stepSimulation' '(JFIFZZZ)V' in 'com/jme3/bullet/PhysicsSpace')}
  0x00000236a4c522c4: 2448 ba90 | 62c7 0537 | 0200 0049 | 8bcf 4883 | ec20 f7c4 | 0f00 0000 | 0f84 1a00 | 0000 4883 
  0x00000236a4c522e4: ;   {runtime_call}
  0x00000236a4c522e4: ec08 49ba | 6067 ac92 | fa7f 0000 | 41ff d248 | 83c4 08e9 | 0d00 0000 

  0x00000236a4c522fc: ;   {runtime_call}
  0x00000236a4c522fc: 49ba 6067 | ac92 fa7f | 0000 41ff | d248 83c4 | 20c5 fb10 | 1c24 4883 | c410 4158 | 5a49 8d8f 
  0x00000236a4c5231c: b802 0000 | 41c7 8740 | 0300 0004 

  0x00000236a4c52328: ;   {runtime_call}
  0x00000236a4c52328: 0000 0049 | ba10 3a2a | 97fa 7f00 | 0041 ffd2 | c5f8 7741 | c787 4003 | 0000 0500 | 0000 f083 
  0x00000236a4c52348: 4424 c000 | 493b af48 | 0300 000f | 8711 0000 | 0041 81bf | 3003 0000 | 0000 0000 | 0f84 2400 
  0x00000236a4c52368: 0000 c5f8 | 7749 8bcf | 4c8b e448 | 83ec 2048 

  0x00000236a4c52378: ;   {runtime_call}
  0x00000236a4c52378: 83e4 f049 | ba80 79bc | 92fa 7f00 | 0041 ffd2 | 498b e44d | 33e4 41c7 | 8740 0300 | 0008 0000 
  0x00000236a4c52398: 0041 81bf | b003 0000 | 0200 0000 | 0f84 9b00 

  0x00000236a4c523a8: ;   {external_word}
  0x00000236a4c523a8: 0000 49ba | 121a f792 | fa7f 0000 | 4180 3a00 | 0f84 4800 

  0x00000236a4c523bc: ;   {metadata({method} {0x0000023705c76298} 'stepSimulation' '(JFIFZZZ)V' in 'com/jme3/bullet/PhysicsSpace')}
  0x00000236a4c523bc: 0000 48ba | 9062 c705 | 3702 0000 | 498b cf48 | 83ec 20f7 | c40f 0000 | 000f 841a | 0000 0048 
  0x00000236a4c523dc: ;   {runtime_call}
  0x00000236a4c523dc: 83ec 0849 | ba60 67ac | 92fa 7f00 | 0041 ffd2 | 4883 c408 | e90d 0000 

  0x00000236a4c523f4: ;   {runtime_call}
  0x00000236a4c523f4: 0049 ba60 | 67ac 92fa | 7f00 0041 | ffd2 4883 | c420 49c7 | 8798 0200 | 0000 0000 | 0049 c787 
  0x00000236a4c52414: a002 0000 | 0000 0000 | c5f8 7749 | 8b8f d800 | 0000 c781 | 0001 0000 | 0000 0000 | c949 817f 
  0x00000236a4c52434: 0800 0000 | 000f 8501 | 0000 00c3 

  0x00000236a4c52440: ;   {runtime_call StubRoutines (1)}
  0x00000236a4c52440: e9bb ea62 | ffc5 f877 | 4c8b e448 | 83ec 2048 

  0x00000236a4c52450: ;   {runtime_call}
  0x00000236a4c52450: 83e4 f049 | ba00 98ac | 92fa 7f00 | 0041 ffd2 | 498b e44d | 33e4 e93f | ffff fff4 | f4f4 f4f4 
[/MachCode]


Compiled method (c1)   44834 5555       3       com.jme3.bullet.PhysicsSpace::update (121 bytes)
 total in heap  [0x000002369ceba190,0x000002369ceba958] = 1992
 relocation     [0x000002369ceba2e8,0x000002369ceba368] = 128
 main code      [0x000002369ceba380,0x000002369ceba7c0] = 1088
 stub code      [0x000002369ceba7c0,0x000002369ceba838] = 120
 oops           [0x000002369ceba838,0x000002369ceba840] = 8
 metadata       [0x000002369ceba840,0x000002369ceba858] = 24
 scopes data    [0x000002369ceba858,0x000002369ceba8d0] = 120
 scopes pcs     [0x000002369ceba8d0,0x000002369ceba950] = 128
 dependencies   [0x000002369ceba950,0x000002369ceba958] = 8

[Constant Pool (empty)]

[MachCode]
[Entry Point]
  # {method} {0x0000023705c728b0} 'update' '(FIZZZ)V' in 'com/jme3/bullet/PhysicsSpace'
  # this:     rdx:rdx   = 'com/jme3/bullet/PhysicsSpace'
  # parm0:    xmm0      = float
  # parm1:    r8        = int
  # parm2:    r9        = boolean
  # parm3:    rdi       = boolean
  # parm4:    rsi       = boolean
  #           [sp+0xa0]  (sp of caller)
  0x000002369ceba380: 448b 5208 | 49bb 0000 | 00c3 3602 | 0000 4d03 | d34c 3bd0 

  0x000002369ceba394: ;   {runtime_call ic_miss_stub}
  0x000002369ceba394: 0f85 e66c | 4107 660f | 1f44 0000 
[Verified Entry Point]
  0x000002369ceba3a0: 8984 2400 | 90ff ff55 | 4881 ec90 

  0x000002369ceba3ac: ;   {metadata(method data for {method} {0x0000023705c728b0} 'update' '(FIZZZ)V' in 'com/jme3/bullet/PhysicsSpace')}
  0x000002369ceba3ac: 0000 0048 | bb90 55e8 | 0537 0200 | 008b 83cc | 0000 0083 | c002 8983 | cc00 0000 | 81e0 fe07 
  0x000002369ceba3cc: 0000 83f8 | 000f 8453 

  0x000002369ceba3d4: ;   {metadata(method data for {method} {0x0000023705c728b0} 'update' '(FIZZZ)V' in 'com/jme3/bullet/PhysicsSpace')}
  0x000002369ceba3d4: 0300 0048 | bb90 55e8 | 0537 0200 | 00ff 8310 

  0x000002369ceba3e4: ;   {metadata(method data for {method} {0x0000023705c728b0} 'update' '(FIZZZ)V' in 'com/jme3/bullet/PhysicsSpace')}
  0x000002369ceba3e4: 0100 0048 | bb90 55e8 | 0537 0200 | 00ff 8370 | 0100 0089 | 7424 7489 | 7c24 7044 | 894c 246c 
  0x000002369ceba404: 4489 4424 | 68c5 fa11 | 8424 8000 | 0000 4889 

  0x000002369ceba414: ;   {metadata(method data for {method} {0x0000023705c728b0} 'update' '(FIZZZ)V' in 'com/jme3/bullet/PhysicsSpace')}
  0x000002369ceba414: 5424 6048 | bb90 55e8 | 0537 0200 | 0048 8383 | d001 0000 | 0166 0f1f 

  0x000002369ceba42c: ;   {static_call}
  0x000002369ceba42c: 4400 00e8 

  0x000002369ceba430: ; ImmutableOopMap {[96]=Oop }
                      ;*invokestatic jniEnvId {reexecute=0 rethrow=0 return_oop=0}
                      ; - com.jme3.bullet.PhysicsSpace::update@48 (line 1015)
  0x000002369ceba430: 0c73 d907 | 488b 5424 

  0x000002369ceba438: ;   {metadata(method data for {method} {0x0000023705c728b0} 'update' '(FIZZZ)V' in 'com/jme3/bullet/PhysicsSpace')}
  0x000002369ceba438: 6048 be90 | 55e8 0537 | 0200 008b | 5208 49ba | 0000 00c3 | 3602 0000 | 4903 d248 | 3b96 f001 
  0x000002369ceba458: 0000 750d | 4883 86f8 | 0100 0001 | e966 0000 | 0048 3b96 | 0002 0000 | 750d 4883 | 8608 0200 
  0x000002369ceba478: 0001 e950 | 0000 0048 | 81be f001 | 0000 0000 | 0000 7517 | 4889 96f0 | 0100 0048 | c786 f801 
  0x000002369ceba498: 0000 0100 | 0000 e92c | 0000 0048 | 81be 0002 | 0000 0000 | 0000 7517 | 4889 9600 | 0200 0048 
  0x000002369ceba4b8: c786 0802 | 0000 0100 | 0000 e908 | 0000 0048 | 8386 e001 | 0000 0148 | 8b54 2460 | 4889 4424 
  0x000002369ceba4d8: 7866 0f1f 

  0x000002369ceba4dc: ;   {optimized virtual_call}
  0x000002369ceba4dc: 4400 00e8 

  0x000002369ceba4e0: ; ImmutableOopMap {[96]=Oop }
                      ;*invokevirtual jniEnvId {reexecute=0 rethrow=0 return_oop=0}
                      ; - com.jme3.bullet.PhysicsSpace::update@52 (line 1015)
  0x000002369ceba4e0: fc77 2700 | 4c8b 4424 | 784c 3bc0 

  0x000002369ceba4ec: ;   {metadata(method data for {method} {0x0000023705c728b0} 'update' '(FIZZZ)V' in 'com/jme3/bullet/PhysicsSpace')}
  0x000002369ceba4ec: 49b8 9055 | e805 3702 | 0000 49c7 | c118 0200 | 000f 8407 | 0000 0049 | c7c1 2802 | 0000 4b8b 
  0x000002369ceba50c: 1408 488d | 5201 4b89 | 1408 0f84 | c000 0000 

  0x000002369ceba51c: ;   {oop(a 'java/util/logging/Logger'{0x00000007ffec9440})}
  0x000002369ceba51c: 48ba 4094 | ecff 0700 | 0000 4c8b 

  0x000002369ceba528: ;   {metadata(method data for {method} {0x0000023705c728b0} 'update' '(FIZZZ)V' in 'com/jme3/bullet/PhysicsSpace')}
  0x000002369ceba528: c249 b990 | 55e8 0537 | 0200 0045 | 8b40 0849 | ba00 0000 | c336 0200 | 004d 03c2 | 4d3b 8148 
  0x000002369ceba548: 0200 0075 | 0d49 8381 | 5002 0000 | 01e9 6600 | 0000 4d3b | 8158 0200 | 0075 0d49 | 8381 6002 
  0x000002369ceba568: 0000 01e9 | 5000 0000 | 4981 b948 | 0200 0000 | 0000 0075 | 174d 8981 | 4802 0000 | 49c7 8150 
  0x000002369ceba588: 0200 0001 | 0000 00e9 | 2c00 0000 | 4981 b958 | 0200 0000 | 0000 0075 | 174d 8981 | 5802 0000 
  0x000002369ceba5a8: 49c7 8160 | 0200 0001 | 0000 00e9 | 0800 0000 | 4983 8138 | 0200 0001 

  0x000002369ceba5c0: ;   {oop(a 'java/util/logging/Level'{0x0000000602a9fed8})}
  0x000002369ceba5c0: 49b8 d8fe | a902 0600 

  0x000002369ceba5c8: ;   {oop("invoked from wrong thread"{0x0000000615d5e180})}
  0x000002369ceba5c8: 0000 49b9 | 80e1 d515 | 0600 0000 

  0x000002369ceba5d4: ;   {optimized virtual_call}
  0x000002369ceba5d4: 6666 90e8 

  0x000002369ceba5d8: ; ImmutableOopMap {[96]=Oop }
                      ;*invokevirtual log {reexecute=0 rethrow=0 return_oop=0}
                      ; - com.jme3.bullet.PhysicsSpace::update@68 (line 1016)
  0x000002369ceba5d8: 6427 e707 | 488b 5424 

  0x000002369ceba5e0: ;   {metadata(method data for {method} {0x0000023705c728b0} 'update' '(FIZZZ)V' in 'com/jme3/bullet/PhysicsSpace')}
  0x000002369ceba5e0: 6049 b890 | 55e8 0537 | 0200 008b | 5208 49ba | 0000 00c3 | 3602 0000 | 4903 d249 | 3b90 8002 
  0x000002369ceba600: 0000 750d | 4983 8088 | 0200 0001 | e966 0000 | 0049 3b90 | 9002 0000 | 750d 4983 | 8098 0200 
  0x000002369ceba620: 0001 e950 | 0000 0049 | 81b8 8002 | 0000 0000 | 0000 7517 | 4989 9080 | 0200 0049 | c780 8802 
  0x000002369ceba640: 0000 0100 | 0000 e92c | 0000 0049 | 81b8 9002 | 0000 0000 | 0000 7517 | 4989 9090 | 0200 0049 
  0x000002369ceba660: c780 9802 | 0000 0100 | 0000 e908 | 0000 0049 | 8380 7002 

  0x000002369ceba674: ;   {metadata(method data for {method} {0x0000023704449cb0} 'nativeId' '()J' in 'com/jme3/bullet/NativePhysicsObject')}
  0x000002369ceba674: 0000 0148 | ba00 bbe3 | 0537 0200 | 0044 8b82 | cc00 0000 | 4183 c002 | 4489 82cc | 0000 0041 
  0x000002369ceba694: 81e0 feff | 1f00 4183 | f800 0f84 | a700 0000 

  0x000002369ceba6a4: ;   {metadata(method data for {method} {0x0000023704449cb0} 'nativeId' '()J' in 'com/jme3/bullet/NativePhysicsObject')}
  0x000002369ceba6a4: 48ba 00bb | e305 3702 | 0000 ff82 | 1001 0000 | 488b 5424 | 604c 8b42 

  0x000002369ceba6bc: ;   {metadata(method data for {method} {0x0000023705c728b0} 'update' '(FIZZZ)V' in 'com/jme3/bullet/PhysicsSpace')}
  0x000002369ceba6bc: 1049 b990 | 55e8 0537 | 0200 0041 | ff81 a802 | 0000 8b5c | 2474 8b74 | 2470 8b7c | 246c 448b 
  0x000002369ceba6dc: 4c24 68c5 | fa10 8424 | 8000 0000 | c5fa 104a 

  0x000002369ceba6ec: ;   {metadata(method data for {method} {0x0000023705c728b0} 'update' '(FIZZZ)V' in 'com/jme3/bullet/PhysicsSpace')}
  0x000002369ceba6ec: 3448 ba90 | 55e8 0537 | 0200 0048 | 8382 f802 | 0000 0149 | 8bd0 4d8b | c14c 8bcf | 488b fe48 
  0x000002369ceba70c: ;   {static_call}
  0x000002369ceba70c: 8bf3 90e8 

  0x000002369ceba710: ; ImmutableOopMap {}
                      ;*invokestatic stepSimulation {reexecute=0 rethrow=0 return_oop=0}
                      ; - com.jme3.bullet.PhysicsSpace::update@117 (line 1021)
  0x000002369ceba710: 2c7b d907 | 4881 c490 | 0000 005d 

  0x000002369ceba71c: ;   {poll_return}
  0x000002369ceba71c: 493b a748 | 0300 000f | 8743 0000 

  0x000002369ceba728: ;   {metadata({method} {0x0000023705c728b0} 'update' '(FIZZZ)V' in 'com/jme3/bullet/PhysicsSpace')}
  0x000002369ceba728: 00c3 49ba | a828 c705 | 3702 0000 | 4c89 5424 | 0848 c704 | 24ff ffff 

  0x000002369ceba740: ;   {runtime_call counter_overflow Runtime1 stub}
  0x000002369ceba740: ffe8 3a0e 

  0x000002369ceba744: ; ImmutableOopMap {rdx=Oop }
                      ;*synchronization entry
                      ; - com.jme3.bullet.PhysicsSpace::update@-1 (line 1012)
  0x000002369ceba744: 4c07 e98c 

  0x000002369ceba748: ;   {metadata({method} {0x0000023704449cb0} 'nativeId' '()J' in 'com/jme3/bullet/NativePhysicsObject')}
  0x000002369ceba748: fcff ff49 | baa8 9c44 | 0437 0200 | 004c 8954 | 2408 48c7 | 0424 ffff 

  0x000002369ceba760: ;   {runtime_call counter_overflow Runtime1 stub}
  0x000002369ceba760: ffff e819 

  0x000002369ceba764: ; ImmutableOopMap {[96]=Oop }
                      ;*synchronization entry
                      ; - com.jme3.bullet.NativePhysicsObject::nativeId@-1 (line 145)
                      ; - com.jme3.bullet.PhysicsSpace::update@72 (line 1019)
  0x000002369ceba764: 0e4c 07e9 | 38ff ffff 

  0x000002369ceba76c: ;   {internal_word}
  0x000002369ceba76c: 49ba 1ca7 | eb9c 3602 | 0000 4d89 | 9760 0300 

  0x000002369ceba77c: ;   {runtime_call SafepointBlob}
  0x000002369ceba77c: 00e9 7ed2 | 4107 9090 | 498b 87d8 | 0300 0049 | c787 d803 | 0000 0000 | 0000 49c7 | 87e0 0300 
  0x000002369ceba79c: 0000 0000 | 0048 81c4 | 9000 0000 

  0x000002369ceba7a8: ;   {runtime_call unwind_exception Runtime1 stub}
  0x000002369ceba7a8: 5de9 52d4 | 4207 f4f4 | f4f4 f4f4 | f4f4 f4f4 | f4f4 f4f4 | f4f4 f4f4 
[Stub Code]
  0x000002369ceba7c0: ;   {no_reloc}
  0x000002369ceba7c0: 0f1f 4400 

  0x000002369ceba7c4: ;   {static_stub}
  0x000002369ceba7c4: 0048 bb00 | 0000 0000 

  0x000002369ceba7cc: ;   {runtime_call}
  0x000002369ceba7cc: 0000 00e9 | fbff ffff 

  0x000002369ceba7d4: ;   {static_stub}
  0x000002369ceba7d4: 9048 bbc8 | 7bc6 0537 

  0x000002369ceba7dc: ;   {runtime_call I2C/C2I adapters}
  0x000002369ceba7dc: 0200 00e9 | 75b5 4107 

  0x000002369ceba7e4: ;   {static_stub}
  0x000002369ceba7e4: 9048 bb38 | a127 c336 

  0x000002369ceba7ec: ;   {runtime_call I2C/C2I adapters}
  0x000002369ceba7ec: 0200 00e9 | ed31 4107 

  0x000002369ceba7f4: ;   {static_stub}
  0x000002369ceba7f4: 9048 bb00 | 0000 0000 

  0x000002369ceba7fc: ;   {runtime_call}
  0x000002369ceba7fc: 0000 00e9 | fbff ffff 
[Exception Handler]
  0x000002369ceba804: ;   {runtime_call handle_exception_from_callee Runtime1 stub}
  0x000002369ceba804: e877 d74b 

  0x000002369ceba808: ;   {external_word}
  0x000002369ceba808: 0748 b9e0 | d8d0 92fa | 7f00 0048 

  0x000002369ceba814: ;   {runtime_call}
  0x000002369ceba814: 83e4 f049 | bae0 5d99 | 92fa 7f00 | 0041 ffd2 

  0x000002369ceba824: ;   {section_word}
  0x000002369ceba824: f449 ba25 | a8eb 9c36 | 0200 0041 

  0x000002369ceba830: ;   {runtime_call DeoptimizationBlob}
  0x000002369ceba830: 52e9 6ac4 | 4107 f4f4 
[/MachCode]


Compiled method (c1)   44839 5554       3       com.jme3.bullet.DefaultContactManager::update (68 bytes)
 total in heap  [0x000002369d031e90,0x000002369d032268] = 984
 relocation     [0x000002369d031fe8,0x000002369d032028] = 64
 main code      [0x000002369d032040,0x000002369d032180] = 320
 stub code      [0x000002369d032180,0x000002369d0321c8] = 72
 oops           [0x000002369d0321c8,0x000002369d0321d0] = 8
 metadata       [0x000002369d0321d0,0x000002369d0321e0] = 16
 scopes data    [0x000002369d0321e0,0x000002369d032200] = 32
 scopes pcs     [0x000002369d032200,0x000002369d032250] = 80
 dependencies   [0x000002369d032250,0x000002369d032258] = 8
 nul chk table  [0x000002369d032258,0x000002369d032268] = 16

[Constant Pool (empty)]

[MachCode]
[Entry Point]
  # {method} {0x0000023705d2ad90} 'update' '(FI)V' in 'com/jme3/bullet/DefaultContactManager'
  # this:     rdx:rdx   = 'com/jme3/bullet/DefaultContactManager'
  # parm0:    xmm0      = float
  # parm1:    r8        = int
  #           [sp+0x50]  (sp of caller)
  0x000002369d032040: 448b 5208 | 49bb 0000 | 00c3 3602 | 0000 4d03 | d34c 3bd0 

  0x000002369d032054: ;   {runtime_call ic_miss_stub}
  0x000002369d032054: 0f85 26f0 | 2907 660f | 1f44 0000 
[Verified Entry Point]
  0x000002369d032060: 8984 2400 | 90ff ff55 | 4883 ec40 

  0x000002369d03206c: ;   {metadata(method data for {method} {0x0000023705d2ad90} 'update' '(FI)V' in 'com/jme3/bullet/DefaultContactManager')}
  0x000002369d03206c: 49b9 3853 | e805 3702 | 0000 418b | b9cc 0000 | 0083 c702 | 4189 b9cc | 0000 0081 | e7fe 0700 
  0x000002369d03208c: 0083 ff00 | 0f84 6900 

  0x000002369d032094: ;   {metadata(method data for {method} {0x0000023705d2ad90} 'update' '(FI)V' in 'com/jme3/bullet/DefaultContactManager')}
  0x000002369d032094: 0000 49b9 | 3853 e805 | 3702 0000 | 41ff 8110 

  0x000002369d0320a4: ;   {metadata(method data for {method} {0x0000023705d2ad90} 'update' '(FI)V' in 'com/jme3/bullet/DefaultContactManager')}
  0x000002369d0320a4: 0100 0049 | b938 53e8 | 0537 0200 | 0041 ff81 | 7001 0000 | 8b5a 2848 | c1e3 0344 | 0fbe 4a0c 
  0x000002369d0320c4: 0fbe 7a0d | 0fbe 720e 

  0x000002369d0320cc: ; implicit exception: dispatches to 0x000002369d032120
  0x000002369d0320cc: 483b 0348 

  0x000002369d0320d0: ;   {metadata(method data for {method} {0x0000023705d2ad90} 'update' '(FI)V' in 'com/jme3/bullet/DefaultContactManager')}
  0x000002369d0320d0: 8bd3 48b8 | 3853 e805 | 3702 0000 | 4883 80e8 | 0100 0001 

  0x000002369d0320e4: ;   {optimized virtual_call}
  0x000002369d0320e4: 488b d3e8 

  0x000002369d0320e8: ; ImmutableOopMap {}
                      ;*invokevirtual update {reexecute=0 rethrow=0 return_oop=0}
                      ; - com.jme3.bullet.DefaultContactManager::update@64 (line 314)
  0x000002369d0320e8: b482 e8ff | 4883 c440 

  0x000002369d0320f0: ;   {poll_return}
  0x000002369d0320f0: 5d49 3ba7 | 4803 0000 | 0f87 2700 

  0x000002369d0320fc: ;   {metadata({method} {0x0000023705d2ad90} 'update' '(FI)V' in 'com/jme3/bullet/DefaultContactManager')}
  0x000002369d0320fc: 0000 c349 | ba88 add2 | 0537 0200 | 004c 8954 | 2408 48c7 | 0424 ffff 

  0x000002369d032114: ;   {runtime_call counter_overflow Runtime1 stub}
  0x000002369d032114: ffff e865 

  0x000002369d032118: ; ImmutableOopMap {rdx=Oop }
                      ;*synchronization entry
                      ; - com.jme3.bullet.DefaultContactManager::update@-1 (line 311)
  0x000002369d032118: 9434 07e9 | 76ff ffff 

  0x000002369d032120: ;   {runtime_call throw_null_pointer_exception Runtime1 stub}
  0x000002369d032120: e87b 3d34 

  0x000002369d032124: ; ImmutableOopMap {rbx=Oop }
                      ;*invokevirtual update {reexecute=0 rethrow=0 return_oop=0}
                      ; - com.jme3.bullet.DefaultContactManager::update@64 (line 314)
                      ;   {internal_word}
  0x000002369d032124: 0749 baf1 | 2003 9d36 | 0200 004d | 8997 6003 

  0x000002369d032134: ;   {runtime_call SafepointBlob}
  0x000002369d032134: 0000 e9c5 | 582a 0790 | 9049 8b87 | d803 0000 | 49c7 87d8 | 0300 0000 | 0000 0049 | c787 e003 
  0x000002369d032154: 0000 0000 | 0000 4883 

  0x000002369d03215c: ;   {runtime_call unwind_exception Runtime1 stub}
  0x000002369d03215c: c440 5de9 | 9c5a 2b07 | f4f4 f4f4 | f4f4 f4f4 | f4f4 f4f4 | f4f4 f4f4 | f4f4 f4f4 | f4f4 f4f4 
  0x000002369d03217c: f4f4 f4f4 
[Stub Code]
  0x000002369d032180: ;   {no_reloc}
  0x000002369d032180: 0f1f 4400 

  0x000002369d032184: ;   {static_stub}
  0x000002369d032184: 0048 bb00 | 0000 0000 

  0x000002369d03218c: ;   {runtime_call}
  0x000002369d03218c: 0000 00e9 | fbff ffff 
[Exception Handler]
  0x000002369d032194: ;   {runtime_call handle_exception_from_callee Runtime1 stub}
  0x000002369d032194: e8e7 5d34 

  0x000002369d032198: ;   {external_word}
  0x000002369d032198: 0748 b9e0 | d8d0 92fa | 7f00 0048 

  0x000002369d0321a4: ;   {runtime_call}
  0x000002369d0321a4: 83e4 f049 | bae0 5d99 | 92fa 7f00 | 0041 ffd2 

  0x000002369d0321b4: ;   {section_word}
  0x000002369d0321b4: f449 bab5 | 2103 9d36 | 0200 0041 

  0x000002369d0321c0: ;   {runtime_call DeoptimizationBlob}
  0x000002369d0321c0: 52e9 da4a | 2a07 f4f4 
[/MachCode]


---------------  P R O C E S S  ---------------

Threads class SMR info:
_java_thread_list=0x00000237f4e84b90, length=67, elements={
0x00000236bfa74400, 0x00000236bfa75280, 0x00000236c2b11af0, 0x00000236c2b153e0,
0x00000236c2b15da0, 0x00000236c2b16760, 0x00000236c2b20520, 0x00000236c2b2ac80,
0x00000236c2b3a2f0, 0x00000236bfa614e0, 0x000002370847bf80, 0x00000237082c7d90,
0x0000023708f74030, 0x0000023708fa3c70, 0x0000023708f11620, 0x0000023708ebb9b0,
0x0000023708ecade0, 0x0000023708ecc220, 0x000002370ac43820, 0x000002370ac465b0,
0x000002370ac460a0, 0x000002370ac45170, 0x000002370ac44750, 0x000002370ac45680,
0x000002370ac45b90, 0x000002370ac46fd0, 0x000002370ac46ac0, 0x000002370ac428f0,
0x000002370ac474e0, 0x000002370ac48920, 0x000002370ac479f0, 0x000002370ac43d30,
0x000002370ac48e30, 0x000002370ac4a270, 0x000002370ac47f00, 0x000002370ac49850,
0x000002370ac48410, 0x000002370ac44240, 0x000002370ac49340, 0x000002370ac49d60,
0x000002370ac42e00, 0x000002370ac43310, 0x0000023714c66800, 0x0000023714c66d10,
0x0000023714c69590, 0x0000023714c69080, 0x0000023714c67220, 0x0000023714c67730,
0x0000023714c67c40, 0x0000023714c68660, 0x0000023714c662f0, 0x0000023714c6b900,
0x0000023714c6a9d0, 0x0000023714c653c0, 0x0000023714c69aa0, 0x0000023714c6be10,
0x0000023714c6c320, 0x0000023714c68150, 0x0000023714c6aee0, 0x0000023714c658d0,
0x0000023714c6b3f0, 0x0000023714c64eb0, 0x0000023714c69fb0, 0x0000023708ec9eb0,
0x0000023708ecb2f0, 0x000002371d3ca790, 0x00000237197cbce0
}

Java Threads: ( => current thread )
  0x00000236bfa74400 JavaThread "Reference Handler" daemon [_thread_blocked, id=17500, stack(0x000000acbfd00000,0x000000acbfe00000)]
  0x00000236bfa75280 JavaThread "Finalizer" daemon [_thread_blocked, id=1252, stack(0x000000acbfe00000,0x000000acbff00000)]
  0x00000236c2b11af0 JavaThread "Signal Dispatcher" daemon [_thread_blocked, id=18800, stack(0x000000acbff00000,0x000000acc0000000)]
  0x00000236c2b153e0 JavaThread "Attach Listener" daemon [_thread_blocked, id=6728, stack(0x000000acc0000000,0x000000acc0100000)]
  0x00000236c2b15da0 JavaThread "Service Thread" daemon [_thread_blocked, id=15548, stack(0x000000acc0100000,0x000000acc0200000)]
  0x00000236c2b16760 JavaThread "Monitor Deflation Thread" daemon [_thread_blocked, id=13868, stack(0x000000acc0200000,0x000000acc0300000)]
  0x00000236c2b20520 JavaThread "C2 CompilerThread0" daemon [_thread_in_native, id=14208, stack(0x000000acc0300000,0x000000acc0400000)]
  0x00000236c2b2ac80 JavaThread "C1 CompilerThread0" daemon [_thread_blocked, id=14640, stack(0x000000acc0400000,0x000000acc0500000)]
  0x00000236c2b3a2f0 JavaThread "Sweeper thread" daemon [_thread_blocked, id=15960, stack(0x000000acc0500000,0x000000acc0600000)]
  0x00000236bfa614e0 JavaThread "Common-Cleaner" daemon [_thread_blocked, id=17200, stack(0x000000acc0600000,0x000000acc0700000)]
  0x000002370847bf80 JavaThread "Monitor Ctrl-Break" daemon [_thread_in_native, id=6992, stack(0x000000acc0b00000,0x000000acc0c00000)]
  0x00000237082c7d90 JavaThread "Notification Thread" daemon [_thread_blocked, id=8516, stack(0x000000acc0c00000,0x000000acc0d00000)]
  0x0000023708f74030 JavaThread "RMI TCP Accept-0" daemon [_thread_in_native, id=13788, stack(0x000000acc0e00000,0x000000acc0f00000)]
  0x0000023708fa3c70 JavaThread "RMI TCP Connection(1)-172.16.0.2" daemon [_thread_in_native, id=9496, stack(0x000000acc0f00000,0x000000acc1000000)]
  0x0000023708f11620 JavaThread "RMI Scheduler(0)" daemon [_thread_blocked, id=14824, stack(0x000000acc1000000,0x000000acc1100000)]
  0x0000023708ebb9b0 JavaThread "JMX server connection timeout 29" daemon [_thread_blocked, id=13692, stack(0x000000acc1100000,0x000000acc1200000)]
  0x0000023708ecade0 JavaThread "Java2D Disposer" daemon [_thread_blocked, id=10812, stack(0x000000acc1e00000,0x000000acc1f00000)]
  0x0000023708ecc220 JavaThread "AWT-Windows" daemon [_thread_in_native, id=14720, stack(0x000000acc2000000,0x000000acc2100000)]
  0x000002370ac43820 JavaThread "D3D Screen Updater" daemon [_thread_blocked, id=18088, stack(0x000000acc2c00000,0x000000acc2d00000)]
  0x000002370ac465b0 JavaThread "TimerQueue" daemon [_thread_blocked, id=18240, stack(0x000000acc2d00000,0x000000acc2e00000)]
=>0x000002370ac460a0 JavaThread "jME3 Main" [_thread_in_native, id=14900, stack(0x000000acc2b00000,0x000000acc2c00000)]
  0x000002370ac45170 JavaThread "DestroyJavaVM" [_thread_blocked, id=15876, stack(0x000000acbf600000,0x000000acbf700000)]
  0x000002370ac44750 JavaThread "LWJGL Deallocator" daemon [_thread_blocked, id=14596, stack(0x000000acc3460000,0x000000acc3560000)]
  0x000002370ac45680 JavaThread "jME3 Audio Decoder" daemon [_thread_blocked, id=15440, stack(0x000000acc3860000,0x000000acc3960000)]
  0x000002370ac45b90 JavaThread "CGE-ComputeTask-1" daemon [_thread_blocked, id=7068, stack(0x000000acc3960000,0x000000acc3a60000)]
  0x000002370ac46fd0 JavaThread "CGE-ComputeTask-2" daemon [_thread_blocked, id=6620, stack(0x000000acc3a60000,0x000000acc3b60000)]
  0x000002370ac46ac0 JavaThread "CGE-ComputeTask-3" daemon [_thread_blocked, id=4936, stack(0x000000acc3b60000,0x000000acc3c60000)]
  0x000002370ac428f0 JavaThread "CGE-ComputeTask-4" daemon [_thread_blocked, id=14712, stack(0x000000acc3c60000,0x000000acc3d60000)]
  0x000002370ac474e0 JavaThread "CGE-ComputeTask-5" daemon [_thread_blocked, id=16996, stack(0x000000acc3d60000,0x000000acc3e60000)]
  0x000002370ac48920 JavaThread "CGE-ComputeTask-6" daemon [_thread_blocked, id=18176, stack(0x000000acc3e60000,0x000000acc3f60000)]
  0x000002370ac479f0 JavaThread "CGE-ComputeTask-7" daemon [_thread_blocked, id=7116, stack(0x000000acc3f60000,0x000000acc4060000)]
  0x000002370ac43d30 JavaThread "CGE-ComputeTask-8" daemon [_thread_blocked, id=12848, stack(0x000000acc4060000,0x000000acc4160000)]
  0x000002370ac48e30 JavaThread "CGE-ComputeTask-9" daemon [_thread_blocked, id=4876, stack(0x000000acc4160000,0x000000acc4260000)]
  0x000002370ac4a270 JavaThread "CGE-ComputeTask-10" daemon [_thread_blocked, id=18316, stack(0x000000acc4260000,0x000000acc4360000)]
  0x000002370ac47f00 JavaThread "CGE-ComputeTask-11" daemon [_thread_blocked, id=18192, stack(0x000000acc4360000,0x000000acc4460000)]
  0x000002370ac49850 JavaThread "CGE-ComputeTask-12" daemon [_thread_blocked, id=3520, stack(0x000000acc4460000,0x000000acc4560000)]
  0x000002370ac48410 JavaThread "CGE-ComputeTask-13" daemon [_thread_blocked, id=12828, stack(0x000000acc4560000,0x000000acc4660000)]
  0x000002370ac44240 JavaThread "CGE-ComputeTask-14" daemon [_thread_blocked, id=10352, stack(0x000000acc4660000,0x000000acc4760000)]
  0x000002370ac49340 JavaThread "CGE-ComputeTask-15" daemon [_thread_blocked, id=5004, stack(0x000000acc4760000,0x000000acc4860000)]
  0x000002370ac49d60 JavaThread "CGE-ComputeTask-16" daemon [_thread_blocked, id=16776, stack(0x000000acc4860000,0x000000acc4960000)]
  0x000002370ac42e00 JavaThread "ModuleInit-Worker" daemon [_thread_blocked, id=19080, stack(0x000000acc4960000,0x000000acc4a60000)]
  0x000002370ac43310 JavaThread "CGE-ComputeTask-17" daemon [_thread_blocked, id=17724, stack(0x000000acc4a60000,0x000000acc4b60000)]
  0x0000023714c66800 JavaThread "CGE-ComputeTask-18" daemon [_thread_blocked, id=18516, stack(0x000000acc4b60000,0x000000acc4c60000)]
  0x0000023714c66d10 JavaThread "ModuleInit-Worker" daemon [_thread_blocked, id=12516, stack(0x000000acc4c60000,0x000000acc4d60000)]
  0x0000023714c69590 JavaThread "CompletableFutureDelayScheduler" daemon [_thread_blocked, id=15784, stack(0x000000acc4d60000,0x000000acc4e60000)]
  0x0000023714c69080 JavaThread "ModuleInit-Worker" daemon [_thread_blocked, id=16248, stack(0x000000acc4f60000,0x000000acc5060000)]
  0x0000023714c67220 JavaThread "ModuleInit-Worker" daemon [_thread_blocked, id=2772, stack(0x000000acc5060000,0x000000acc5160000)]
  0x0000023714c67730 JavaThread "ModuleInit-Worker" daemon [_thread_blocked, id=10680, stack(0x000000acc5160000,0x000000acc5260000)]
  0x0000023714c67c40 JavaThread "ModuleInit-Worker" daemon [_thread_blocked, id=18892, stack(0x000000acc5260000,0x000000acc5360000)]
  0x0000023714c68660 JavaThread "ModuleInit-Worker" daemon [_thread_blocked, id=15804, stack(0x000000acc5360000,0x000000acc5460000)]
  0x0000023714c662f0 JavaThread "ModuleInit-Worker" daemon [_thread_blocked, id=17592, stack(0x000000acc5460000,0x000000acc5560000)]
  0x0000023714c6b900 JavaThread "ModuleInit-Worker" daemon [_thread_blocked, id=8584, stack(0x000000acc5560000,0x000000acc5660000)]
  0x0000023714c6a9d0 JavaThread "Physics Cleaner" daemon [_thread_blocked, id=6864, stack(0x000000acc5660000,0x000000acc5760000)]
  0x0000023714c653c0 JavaThread "pool-2-thread-1" [_thread_blocked, id=11132, stack(0x000000acc5760000,0x000000acc5860000)]
  0x0000023714c69aa0 JavaThread "pool-2-thread-2" [_thread_blocked, id=6244, stack(0x000000acc5860000,0x000000acc5960000)]
  0x0000023714c6be10 JavaThread "CGE-Scheduler-1" daemon [_thread_blocked, id=11356, stack(0x000000acc5960000,0x000000acc5a60000)]
  0x0000023714c6c320 JavaThread "ModelLoader-588944426" daemon [_thread_blocked, id=13452, stack(0x000000acc5a60000,0x000000acc5b60000)]
  0x0000023714c68150 JavaThread "ForkJoinPool.commonPool-worker-1" daemon [_thread_blocked, id=16184, stack(0x000000acc5b60000,0x000000acc5c60000)]
  0x0000023714c6aee0 JavaThread "CGE-ComputeTask-19" daemon [_thread_blocked, id=15860, stack(0x000000acc5c60000,0x000000acc5d60000)]
  0x0000023714c658d0 JavaThread "CGE-ComputeTask-20" daemon [_thread_blocked, id=14560, stack(0x000000acc5d60000,0x000000acc5e60000)]
  0x0000023714c6b3f0 JavaThread "CGE-Scheduler-2" daemon [_thread_blocked, id=14392, stack(0x000000acc5e60000,0x000000acc5f60000)]
  0x0000023714c64eb0 JavaThread "CGE-Scheduler-3" daemon [_thread_blocked, id=16800, stack(0x000000acc6160000,0x000000acc6260000)]
  0x0000023714c69fb0 JavaThread "CGE-Scheduler-4" daemon [_thread_blocked, id=14480, stack(0x000000acc6560000,0x000000acc6660000)]
  0x0000023708ec9eb0 JavaThread "ModelLoader-537605354" daemon [_thread_blocked, id=15004, stack(0x000000acc1f00000,0x000000acc2000000)]
  0x0000023708ecb2f0 JavaThread "pool-3-thread-1" [_thread_in_native, id=13528, stack(0x000000acc2400000,0x000000acc2500000)]
  0x000002371d3ca790 JavaThread "pool-3-thread-2" [_thread_in_native, id=19328, stack(0x000000acc6260000,0x000000acc6360000)]
  0x00000237197cbce0 JavaThread "C1 CompilerThread1" daemon [_thread_blocked, id=11140, stack(0x000000acc0700000,0x000000acc0800000)]

Other Threads:
  0x00000236bfa6fd60 VMThread "VM Thread" [stack: 0x000000acbfc00000,0x000000acbfd00000] [id=8972]
  0x000002370845e4a0 WatcherThread [stack: 0x000000acc0d00000,0x000000acc0e00000] [id=18884]
  0x00000236bf8c0c10 GCTaskThread "GC Thread#0" [stack: 0x000000acbf700000,0x000000acbf800000] [id=17308]
  0x0000023708f73ce0 GCTaskThread "GC Thread#1" [stack: 0x000000acc1200000,0x000000acc1300000] [id=14364]
  0x0000023708ec6610 GCTaskThread "GC Thread#2" [stack: 0x000000acc1300000,0x000000acc1400000] [id=17992]
  0x0000023708f29ea0 GCTaskThread "GC Thread#3" [stack: 0x000000acc1400000,0x000000acc1500000] [id=14284]
  0x0000023709033db0 GCTaskThread "GC Thread#4" [stack: 0x000000acc1500000,0x000000acc1600000] [id=13108]
  0x0000023708f05b90 GCTaskThread "GC Thread#5" [stack: 0x000000acc1600000,0x000000acc1700000] [id=16952]
  0x0000023708f06660 GCTaskThread "GC Thread#6" [stack: 0x000000acc1700000,0x000000acc1800000] [id=15572]
  0x0000023708f06920 GCTaskThread "GC Thread#7" [stack: 0x000000acc1800000,0x000000acc1900000] [id=18452]
  0x0000023708f06be0 GCTaskThread "GC Thread#8" [stack: 0x000000acc1900000,0x000000acc1a00000] [id=13112]
  0x0000023708f072b0 GCTaskThread "GC Thread#9" [stack: 0x000000acc1a00000,0x000000acc1b00000] [id=7868]
  0x0000023708f07980 GCTaskThread "GC Thread#10" [stack: 0x000000acc1b00000,0x000000acc1c00000] [id=8780]
  0x0000023709079040 GCTaskThread "GC Thread#11" [stack: 0x000000acc1c00000,0x000000acc1d00000] [id=9520]
  0x0000023709078ac0 GCTaskThread "GC Thread#12" [stack: 0x000000acc2100000,0x000000acc2200000] [id=19164]
  0x0000023709079300 GCTaskThread "GC Thread#13" [stack: 0x000000acc2200000,0x000000acc2300000] [id=16468]
  0x0000023709079880 GCTaskThread "GC Thread#14" [stack: 0x000000acc2300000,0x000000acc2400000] [id=9720]
  0x0000023693fcb5f0 ConcurrentGCThread "G1 Main Marker" [stack: 0x000000acbf800000,0x000000acbf900000] [id=18584]
  0x0000023693fcc010 ConcurrentGCThread "G1 Conc#0" [stack: 0x000000acbf900000,0x000000acbfa00000] [id=5104]
  0x0000023709078540 ConcurrentGCThread "G1 Conc#1" [stack: 0x000000acc2800000,0x000000acc2900000] [id=16396]
  0x0000023709078800 ConcurrentGCThread "G1 Conc#2" [stack: 0x000000acc2900000,0x000000acc2a00000] [id=10248]
  0x000002370ac95570 ConcurrentGCThread "G1 Conc#3" [stack: 0x000000acc2a00000,0x000000acc2b00000] [id=19076]
  0x00000236bf9a9b20 ConcurrentGCThread "G1 Refine#0" [stack: 0x000000acbfa00000,0x000000acbfb00000] [id=14916]
  0x00000236bf9aa550 ConcurrentGCThread "G1 Service" [stack: 0x000000acbfb00000,0x000000acbfc00000] [id=14120]

Threads with active compile tasks:
C2 CompilerThread0    44843 7279       4       com.jme3.util.SortUtil::msort (48 bytes)

VM state: not at safepoint (normal execution)

VM Mutex/Monitor currently owned by a thread: None

Heap address: 0x0000000602800000, size: 8152 MB, Compressed Oops mode: Zero based, Oop shift amount: 3

CDS archive(s) mapped at: [0x00000236c3000000-0x00000236c3bc0000-0x00000236c3bc0000), size 12320768, SharedBaseAddress: 0x00000236c3000000, ArchiveRelocationMode: 1.
Compressed class space mapped at: 0x00000236c4000000-0x0000023704000000, reserved size: 1073741824
Narrow klass base: 0x00000236c3000000, Narrow klass shift: 0, Narrow klass range: 0x100000000

GC Precious Log:
 CPUs: 20 total, 20 available
 Memory: 32605M
 Large Page Support: Disabled
 NUMA Support: Disabled
 Compressed Oops: Enabled (Zero based)
 Heap Region Size: 4M
 Heap Min Capacity: 8M
 Heap Initial Capacity: 512M
 Heap Max Capacity: 8152M
 Pre-touch: Disabled
 Parallel Workers: 15
 Concurrent Workers: 4
 Concurrent Refinement Workers: 15
 Periodic GC: Disabled

Heap:
 garbage-first heap   total 2957312K, used 2704685K [0x0000000602800000, 0x0000000800000000)
  region size 4096K, 6 young (24576K), 5 survivors (20480K)
 Metaspace       used 37110K, committed 37568K, reserved 1114112K
  class space    used 3956K, committed 4160K, reserved 1048576K

Heap Regions: E=young(eden), S=young(survivor), O=old, HS=humongous(starts), HC=humongous(continues), CS=collection set, F=free, OA=open archive, CA=closed archive, TAMS=top-at-mark-start (previous, next)
|   0|0x0000000602800000, 0x0000000602c00000, 0x0000000602c00000|100%| O|  |TAMS 0x0000000602c00000, 0x0000000602800000| Untracked 
|   1|0x0000000602c00000, 0x0000000603000000, 0x0000000603000000|100%| O|  |TAMS 0x0000000603000000, 0x0000000602c00000| Untracked 
|   2|0x0000000603000000, 0x00000006033ad930, 0x0000000603400000| 91%| O|  |TAMS 0x00000006033ad930, 0x0000000603000000| Untracked 
|   3|0x0000000603400000, 0x0000000603800000, 0x0000000603800000|100%| O|  |TAMS 0x0000000603800000, 0x0000000603400000| Untracked 
|   4|0x0000000603800000, 0x0000000603c00000, 0x0000000603c00000|100%| O|  |TAMS 0x0000000603c00000, 0x0000000603800000| Untracked 
|   5|0x0000000603c00000, 0x0000000604000000, 0x0000000604000000|100%| O|  |TAMS 0x0000000604000000, 0x0000000603c00000| Untracked 
|   6|0x0000000604000000, 0x0000000604400000, 0x0000000604400000|100%| O|  |TAMS 0x0000000604400000, 0x0000000604000000| Untracked 
|   7|0x0000000604400000, 0x0000000604800000, 0x0000000604800000|100%| O|  |TAMS 0x0000000604800000, 0x0000000604400000| Untracked 
|   8|0x0000000604800000, 0x0000000604c00000, 0x0000000604c00000|100%| O|  |TAMS 0x0000000604c00000, 0x0000000604800000| Untracked 
|   9|0x0000000604c00000, 0x0000000605000000, 0x0000000605000000|100%| O|  |TAMS 0x0000000605000000, 0x0000000604c00000| Untracked 
|  10|0x0000000605000000, 0x0000000605400000, 0x0000000605400000|100%| O|  |TAMS 0x0000000605400000, 0x0000000605000000| Untracked 
|  11|0x0000000605400000, 0x0000000605800000, 0x0000000605800000|100%| O|  |TAMS 0x0000000605800000, 0x0000000605400000| Untracked 
|  12|0x0000000605800000, 0x0000000605c00000, 0x0000000605c00000|100%| O|  |TAMS 0x0000000605c00000, 0x0000000605800000| Untracked 
|  13|0x0000000605c00000, 0x0000000606000000, 0x0000000606000000|100%| O|  |TAMS 0x0000000606000000, 0x0000000605c00000| Untracked 
|  14|0x0000000606000000, 0x0000000606400000, 0x0000000606400000|100%| O|  |TAMS 0x0000000606400000, 0x0000000606000000| Untracked 
|  15|0x0000000606400000, 0x0000000606800000, 0x0000000606800000|100%| O|  |TAMS 0x0000000606800000, 0x0000000606400000| Untracked 
|  16|0x0000000606800000, 0x0000000606c00000, 0x0000000606c00000|100%| O|  |TAMS 0x0000000606c00000, 0x0000000606800000| Untracked 
|  17|0x0000000606c00000, 0x0000000607000000, 0x0000000607000000|100%| O|  |TAMS 0x0000000607000000, 0x0000000606c00000| Untracked 
|  18|0x0000000607000000, 0x0000000607400000, 0x0000000607400000|100%| O|  |TAMS 0x0000000607400000, 0x0000000607000000| Untracked 
|  19|0x0000000607400000, 0x0000000607800000, 0x0000000607800000|100%| O|  |TAMS 0x0000000607800000, 0x0000000607400000| Untracked 
|  20|0x0000000607800000, 0x0000000607c00000, 0x0000000607c00000|100%| O|  |TAMS 0x0000000607c00000, 0x0000000607800000| Untracked 
|  21|0x0000000607c00000, 0x0000000608000000, 0x0000000608000000|100%| O|  |TAMS 0x0000000608000000, 0x0000000607c00000| Untracked 
|  22|0x0000000608000000, 0x0000000608400000, 0x0000000608400000|100%| O|  |TAMS 0x0000000608400000, 0x0000000608000000| Untracked 
|  23|0x0000000608400000, 0x0000000608800000, 0x0000000608800000|100%| O|  |TAMS 0x0000000608800000, 0x0000000608400000| Untracked 
|  24|0x0000000608800000, 0x0000000608c00000, 0x0000000608c00000|100%| O|  |TAMS 0x0000000608c00000, 0x0000000608800000| Untracked 
|  25|0x0000000608c00000, 0x0000000609000000, 0x0000000609000000|100%| O|  |TAMS 0x0000000609000000, 0x0000000608c00000| Untracked 
|  26|0x0000000609000000, 0x0000000609400000, 0x0000000609400000|100%| O|  |TAMS 0x0000000609400000, 0x0000000609000000| Untracked 
|  27|0x0000000609400000, 0x0000000609800000, 0x0000000609800000|100%| O|  |TAMS 0x0000000609800000, 0x0000000609400000| Untracked 
|  28|0x0000000609800000, 0x0000000609c00000, 0x0000000609c00000|100%| O|  |TAMS 0x0000000609c00000, 0x0000000609800000| Untracked 
|  29|0x0000000609c00000, 0x000000060a000000, 0x000000060a000000|100%| O|  |TAMS 0x000000060a000000, 0x0000000609c00000| Untracked 
|  30|0x000000060a000000, 0x000000060a400000, 0x000000060a400000|100%| O|  |TAMS 0x000000060a400000, 0x000000060a000000| Untracked 
|  31|0x000000060a400000, 0x000000060a800000, 0x000000060a800000|100%| O|  |TAMS 0x000000060a800000, 0x000000060a400000| Untracked 
|  32|0x000000060a800000, 0x000000060ac00000, 0x000000060ac00000|100%| O|  |TAMS 0x000000060ac00000, 0x000000060a800000| Untracked 
|  33|0x000000060ac00000, 0x000000060b000000, 0x000000060b000000|100%| O|  |TAMS 0x000000060b000000, 0x000000060ac00000| Untracked 
|  34|0x000000060b000000, 0x000000060b400000, 0x000000060b400000|100%| O|  |TAMS 0x000000060b400000, 0x000000060b000000| Untracked 
|  35|0x000000060b400000, 0x000000060b800000, 0x000000060b800000|100%| O|  |TAMS 0x000000060b800000, 0x000000060b400000| Untracked 
|  36|0x000000060b800000, 0x000000060bc00000, 0x000000060bc00000|100%| O|  |TAMS 0x000000060bc00000, 0x000000060b800000| Untracked 
|  37|0x000000060bc00000, 0x000000060c000000, 0x000000060c000000|100%| O|  |TAMS 0x000000060c000000, 0x000000060bc00000| Untracked 
|  38|0x000000060c000000, 0x000000060c400000, 0x000000060c400000|100%| O|  |TAMS 0x000000060c400000, 0x000000060c000000| Untracked 
|  39|0x000000060c400000, 0x000000060c800000, 0x000000060c800000|100%| O|  |TAMS 0x000000060c400000, 0x000000060c400000| Untracked 
|  40|0x000000060c800000, 0x000000060cc00000, 0x000000060cc00000|100%| O|  |TAMS 0x000000060cc00000, 0x000000060c800000| Untracked 
|  41|0x000000060cc00000, 0x000000060d000000, 0x000000060d000000|100%| O|  |TAMS 0x000000060d000000, 0x000000060cc00000| Untracked 
|  42|0x000000060d000000, 0x000000060d400000, 0x000000060d400000|100%| O|  |TAMS 0x000000060d400000, 0x000000060d000000| Untracked 
|  43|0x000000060d400000, 0x000000060d800000, 0x000000060d800000|100%| O|  |TAMS 0x000000060d800000, 0x000000060d400000| Untracked 
|  44|0x000000060d800000, 0x000000060dc00000, 0x000000060dc00000|100%| O|  |TAMS 0x000000060dc00000, 0x000000060d800000| Untracked 
|  45|0x000000060dc00000, 0x000000060e000000, 0x000000060e000000|100%| O|  |TAMS 0x000000060e000000, 0x000000060dc00000| Untracked 
|  46|0x000000060e000000, 0x000000060e400000, 0x000000060e400000|100%| O|  |TAMS 0x000000060e400000, 0x000000060e000000| Untracked 
|  47|0x000000060e400000, 0x000000060e800000, 0x000000060e800000|100%| O|  |TAMS 0x000000060e800000, 0x000000060e400000| Untracked 
|  48|0x000000060e800000, 0x000000060ec00000, 0x000000060ec00000|100%| O|  |TAMS 0x000000060ec00000, 0x000000060e800000| Untracked 
|  49|0x000000060ec00000, 0x000000060f000000, 0x000000060f000000|100%| O|  |TAMS 0x000000060f000000, 0x000000060ec00000| Untracked 
|  50|0x000000060f000000, 0x000000060f400000, 0x000000060f400000|100%| O|  |TAMS 0x000000060f400000, 0x000000060f000000| Untracked 
|  51|0x000000060f400000, 0x000000060f800000, 0x000000060f800000|100%| O|  |TAMS 0x000000060f800000, 0x000000060f400000| Untracked 
|  52|0x000000060f800000, 0x000000060fc00000, 0x000000060fc00000|100%| O|  |TAMS 0x000000060fc00000, 0x000000060f800000| Untracked 
|  53|0x000000060fc00000, 0x0000000610000000, 0x0000000610000000|100%| O|  |TAMS 0x0000000610000000, 0x000000060fc00000| Untracked 
|  54|0x0000000610000000, 0x0000000610400000, 0x0000000610400000|100%| O|  |TAMS 0x0000000610400000, 0x0000000610000000| Untracked 
|  55|0x0000000610400000, 0x0000000610800000, 0x0000000610800000|100%| O|  |TAMS 0x0000000610800000, 0x0000000610400000| Untracked 
|  56|0x0000000610800000, 0x0000000610c00000, 0x0000000610c00000|100%| O|  |TAMS 0x0000000610c00000, 0x0000000610800000| Untracked 
|  57|0x0000000610c00000, 0x0000000611000000, 0x0000000611000000|100%| O|  |TAMS 0x0000000611000000, 0x0000000610c00000| Untracked 
|  58|0x0000000611000000, 0x0000000611400000, 0x0000000611400000|100%| O|  |TAMS 0x0000000611400000, 0x0000000611000000| Untracked 
|  59|0x0000000611400000, 0x0000000611800000, 0x0000000611800000|100%| O|  |TAMS 0x0000000611800000, 0x0000000611400000| Untracked 
|  60|0x0000000611800000, 0x0000000611c00000, 0x0000000611c00000|100%| O|  |TAMS 0x0000000611c00000, 0x0000000611800000| Untracked 
|  61|0x0000000611c00000, 0x0000000612000000, 0x0000000612000000|100%| O|  |TAMS 0x0000000612000000, 0x0000000611c00000| Untracked 
|  62|0x0000000612000000, 0x0000000612400000, 0x0000000612400000|100%| O|  |TAMS 0x0000000612400000, 0x0000000612000000| Untracked 
|  63|0x0000000612400000, 0x0000000612800000, 0x0000000612800000|100%| O|  |TAMS 0x0000000612800000, 0x0000000612400000| Untracked 
|  64|0x0000000612800000, 0x0000000612c00000, 0x0000000612c00000|100%| O|  |TAMS 0x0000000612c00000, 0x0000000612800000| Untracked 
|  65|0x0000000612c00000, 0x0000000613000000, 0x0000000613000000|100%| O|  |TAMS 0x0000000613000000, 0x0000000612c00000| Untracked 
|  66|0x0000000613000000, 0x0000000613400000, 0x0000000613400000|100%| O|  |TAMS 0x0000000613400000, 0x0000000613000000| Untracked 
|  67|0x0000000613400000, 0x0000000613800000, 0x0000000613800000|100%| O|  |TAMS 0x0000000613800000, 0x0000000613400000| Untracked 
|  68|0x0000000613800000, 0x0000000613c00000, 0x0000000613c00000|100%| O|  |TAMS 0x0000000613c00000, 0x0000000613800000| Untracked 
|  69|0x0000000613c00000, 0x0000000614000000, 0x0000000614000000|100%| O|  |TAMS 0x0000000614000000, 0x0000000613c00000| Untracked 
|  70|0x0000000614000000, 0x0000000614400000, 0x0000000614400000|100%| O|  |TAMS 0x0000000614400000, 0x0000000614000000| Untracked 
|  71|0x0000000614400000, 0x0000000614800000, 0x0000000614800000|100%| O|  |TAMS 0x0000000614800000, 0x0000000614400000| Untracked 
|  72|0x0000000614800000, 0x0000000614c00000, 0x0000000614c00000|100%| O|  |TAMS 0x0000000614c00000, 0x0000000614800000| Untracked 
|  73|0x0000000614c00000, 0x0000000615000000, 0x0000000615000000|100%| O|  |TAMS 0x0000000615000000, 0x0000000614c00000| Untracked 
|  74|0x0000000615000000, 0x0000000615400000, 0x0000000615400000|100%| O|  |TAMS 0x0000000615400000, 0x0000000615000000| Untracked 
|  75|0x0000000615400000, 0x0000000615800000, 0x0000000615800000|100%| O|  |TAMS 0x0000000615800000, 0x0000000615400000| Untracked 
|  76|0x0000000615800000, 0x0000000615c00000, 0x0000000615c00000|100%| O|  |TAMS 0x0000000615c00000, 0x0000000615800000| Untracked 
|  77|0x0000000615c00000, 0x0000000616000000, 0x0000000616000000|100%| O|  |TAMS 0x0000000616000000, 0x0000000615c00000| Untracked 
|  78|0x0000000616000000, 0x0000000616400000, 0x0000000616400000|100%| O|  |TAMS 0x0000000616400000, 0x0000000616000000| Untracked 
|  79|0x0000000616400000, 0x0000000616800000, 0x0000000616800000|100%| O|  |TAMS 0x0000000616800000, 0x0000000616400000| Untracked 
|  80|0x0000000616800000, 0x0000000616c00000, 0x0000000616c00000|100%| O|  |TAMS 0x0000000616c00000, 0x0000000616800000| Untracked 
|  81|0x0000000616c00000, 0x0000000617000000, 0x0000000617000000|100%| O|  |TAMS 0x0000000617000000, 0x0000000616c00000| Untracked 
|  82|0x0000000617000000, 0x0000000617400000, 0x0000000617400000|100%| O|  |TAMS 0x0000000617400000, 0x0000000617000000| Untracked 
|  83|0x0000000617400000, 0x0000000617800000, 0x0000000617800000|100%| O|  |TAMS 0x0000000617800000, 0x0000000617400000| Untracked 
|  84|0x0000000617800000, 0x0000000617c00000, 0x0000000617c00000|100%| O|  |TAMS 0x0000000617c00000, 0x0000000617800000| Untracked 
|  85|0x0000000617c00000, 0x0000000618000000, 0x0000000618000000|100%| O|  |TAMS 0x0000000618000000, 0x0000000617c00000| Untracked 
|  86|0x0000000618000000, 0x0000000618400000, 0x0000000618400000|100%| O|  |TAMS 0x0000000618400000, 0x0000000618000000| Untracked 
|  87|0x0000000618400000, 0x0000000618800000, 0x0000000618800000|100%| O|  |TAMS 0x0000000618800000, 0x0000000618400000| Untracked 
|  88|0x0000000618800000, 0x0000000618c00000, 0x0000000618c00000|100%| O|  |TAMS 0x0000000618c00000, 0x0000000618800000| Untracked 
|  89|0x0000000618c00000, 0x0000000619000000, 0x0000000619000000|100%| O|  |TAMS 0x0000000619000000, 0x0000000618c00000| Untracked 
|  90|0x0000000619000000, 0x0000000619400000, 0x0000000619400000|100%| O|  |TAMS 0x0000000619400000, 0x0000000619000000| Untracked 
|  91|0x0000000619400000, 0x0000000619800000, 0x0000000619800000|100%| O|  |TAMS 0x0000000619800000, 0x0000000619400000| Untracked 
|  92|0x0000000619800000, 0x0000000619c00000, 0x0000000619c00000|100%| O|  |TAMS 0x0000000619c00000, 0x0000000619800000| Untracked 
|  93|0x0000000619c00000, 0x000000061a000000, 0x000000061a000000|100%| O|  |TAMS 0x000000061a000000, 0x0000000619c00000| Untracked 
|  94|0x000000061a000000, 0x000000061a400000, 0x000000061a400000|100%| O|  |TAMS 0x000000061a400000, 0x000000061a000000| Untracked 
|  95|0x000000061a400000, 0x000000061a800000, 0x000000061a800000|100%| O|  |TAMS 0x000000061a800000, 0x000000061a400000| Untracked 
|  96|0x000000061a800000, 0x000000061ac00000, 0x000000061ac00000|100%| O|  |TAMS 0x000000061ac00000, 0x000000061a800000| Untracked 
|  97|0x000000061ac00000, 0x000000061b000000, 0x000000061b000000|100%| O|  |TAMS 0x000000061b000000, 0x000000061ac00000| Untracked 
|  98|0x000000061b000000, 0x000000061b400000, 0x000000061b400000|100%| O|  |TAMS 0x000000061b400000, 0x000000061b000000| Untracked 
|  99|0x000000061b400000, 0x000000061b800000, 0x000000061b800000|100%| O|  |TAMS 0x000000061b800000, 0x000000061b400000| Untracked 
| 100|0x000000061b800000, 0x000000061bc00000, 0x000000061bc00000|100%| O|  |TAMS 0x000000061bc00000, 0x000000061b800000| Untracked 
| 101|0x000000061bc00000, 0x000000061c000000, 0x000000061c000000|100%| O|  |TAMS 0x000000061c000000, 0x000000061bc00000| Untracked 
| 102|0x000000061c000000, 0x000000061c400000, 0x000000061c400000|100%| O|  |TAMS 0x000000061c400000, 0x000000061c000000| Untracked 
| 103|0x000000061c400000, 0x000000061c800000, 0x000000061c800000|100%| O|  |TAMS 0x000000061c800000, 0x000000061c400000| Untracked 
| 104|0x000000061c800000, 0x000000061cc00000, 0x000000061cc00000|100%| O|  |TAMS 0x000000061cc00000, 0x000000061c800000| Untracked 
| 105|0x000000061cc00000, 0x000000061d000000, 0x000000061d000000|100%| O|  |TAMS 0x000000061d000000, 0x000000061cc00000| Untracked 
| 106|0x000000061d000000, 0x000000061d400000, 0x000000061d400000|100%| O|  |TAMS 0x000000061d400000, 0x000000061d000000| Untracked 
| 107|0x000000061d400000, 0x000000061d800000, 0x000000061d800000|100%| O|  |TAMS 0x000000061d800000, 0x000000061d400000| Untracked 
| 108|0x000000061d800000, 0x000000061dc00000, 0x000000061dc00000|100%| O|  |TAMS 0x000000061dc00000, 0x000000061d800000| Untracked 
| 109|0x000000061dc00000, 0x000000061e000000, 0x000000061e000000|100%| O|  |TAMS 0x000000061e000000, 0x000000061dc00000| Untracked 
| 110|0x000000061e000000, 0x000000061e400000, 0x000000061e400000|100%| O|  |TAMS 0x000000061e400000, 0x000000061e000000| Untracked 
| 111|0x000000061e400000, 0x000000061e800000, 0x000000061e800000|100%| O|  |TAMS 0x000000061e800000, 0x000000061e400000| Untracked 
| 112|0x000000061e800000, 0x000000061ec00000, 0x000000061ec00000|100%| O|  |TAMS 0x000000061ec00000, 0x000000061e800000| Untracked 
| 113|0x000000061ec00000, 0x000000061f000000, 0x000000061f000000|100%| O|  |TAMS 0x000000061f000000, 0x000000061ec00000| Untracked 
| 114|0x000000061f000000, 0x000000061f400000, 0x000000061f400000|100%| O|  |TAMS 0x000000061f400000, 0x000000061f000000| Untracked 
| 115|0x000000061f400000, 0x000000061f800000, 0x000000061f800000|100%| O|  |TAMS 0x000000061f800000, 0x000000061f400000| Untracked 
| 116|0x000000061f800000, 0x000000061fc00000, 0x000000061fc00000|100%| O|  |TAMS 0x000000061fc00000, 0x000000061f800000| Untracked 
| 117|0x000000061fc00000, 0x0000000620000000, 0x0000000620000000|100%| O|  |TAMS 0x0000000620000000, 0x000000061fc00000| Untracked 
| 118|0x0000000620000000, 0x0000000620400000, 0x0000000620400000|100%| O|  |TAMS 0x0000000620400000, 0x0000000620000000| Untracked 
| 119|0x0000000620400000, 0x0000000620800000, 0x0000000620800000|100%| O|  |TAMS 0x0000000620800000, 0x0000000620400000| Untracked 
| 120|0x0000000620800000, 0x0000000620c00000, 0x0000000620c00000|100%| O|  |TAMS 0x0000000620c00000, 0x0000000620800000| Untracked 
| 121|0x0000000620c00000, 0x0000000621000000, 0x0000000621000000|100%| O|  |TAMS 0x0000000621000000, 0x0000000620c00000| Untracked 
| 122|0x0000000621000000, 0x0000000621400000, 0x0000000621400000|100%| O|  |TAMS 0x0000000621400000, 0x0000000621000000| Untracked 
| 123|0x0000000621400000, 0x0000000621800000, 0x0000000621800000|100%| O|  |TAMS 0x0000000621800000, 0x0000000621400000| Untracked 
| 124|0x0000000621800000, 0x0000000621c00000, 0x0000000621c00000|100%| O|  |TAMS 0x0000000621c00000, 0x0000000621800000| Untracked 
| 125|0x0000000621c00000, 0x0000000622000000, 0x0000000622000000|100%| O|  |TAMS 0x0000000622000000, 0x0000000621c00000| Untracked 
| 126|0x0000000622000000, 0x0000000622400000, 0x0000000622400000|100%| O|  |TAMS 0x0000000622400000, 0x0000000622000000| Untracked 
| 127|0x0000000622400000, 0x0000000622800000, 0x0000000622800000|100%| O|  |TAMS 0x0000000622800000, 0x0000000622400000| Untracked 
| 128|0x0000000622800000, 0x0000000622c00000, 0x0000000622c00000|100%| O|  |TAMS 0x0000000622c00000, 0x0000000622800000| Untracked 
| 129|0x0000000622c00000, 0x0000000623000000, 0x0000000623000000|100%| O|  |TAMS 0x0000000623000000, 0x0000000622c00000| Untracked 
| 130|0x0000000623000000, 0x0000000623400000, 0x0000000623400000|100%| O|  |TAMS 0x0000000623400000, 0x0000000623000000| Untracked 
| 131|0x0000000623400000, 0x0000000623800000, 0x0000000623800000|100%| O|  |TAMS 0x0000000623800000, 0x0000000623400000| Untracked 
| 132|0x0000000623800000, 0x0000000623c00000, 0x0000000623c00000|100%| O|  |TAMS 0x0000000623c00000, 0x0000000623800000| Untracked 
| 133|0x0000000623c00000, 0x0000000624000000, 0x0000000624000000|100%| O|  |TAMS 0x0000000624000000, 0x0000000623c00000| Untracked 
| 134|0x0000000624000000, 0x0000000624400000, 0x0000000624400000|100%| O|  |TAMS 0x0000000624400000, 0x0000000624000000| Untracked 
| 135|0x0000000624400000, 0x0000000624800000, 0x0000000624800000|100%| O|  |TAMS 0x0000000624800000, 0x0000000624400000| Untracked 
| 136|0x0000000624800000, 0x0000000624c00000, 0x0000000624c00000|100%| O|  |TAMS 0x0000000624c00000, 0x0000000624800000| Untracked 
| 137|0x0000000624c00000, 0x0000000625000000, 0x0000000625000000|100%| O|  |TAMS 0x0000000625000000, 0x0000000624c00000| Untracked 
| 138|0x0000000625000000, 0x0000000625400000, 0x0000000625400000|100%| O|  |TAMS 0x0000000625400000, 0x0000000625000000| Untracked 
| 139|0x0000000625400000, 0x0000000625800000, 0x0000000625800000|100%| O|  |TAMS 0x0000000625800000, 0x0000000625400000| Untracked 
| 140|0x0000000625800000, 0x0000000625c00000, 0x0000000625c00000|100%| O|  |TAMS 0x0000000625c00000, 0x0000000625800000| Untracked 
| 141|0x0000000625c00000, 0x0000000626000000, 0x0000000626000000|100%| O|  |TAMS 0x0000000626000000, 0x0000000625c00000| Untracked 
| 142|0x0000000626000000, 0x0000000626400000, 0x0000000626400000|100%| O|  |TAMS 0x0000000626400000, 0x0000000626000000| Untracked 
| 143|0x0000000626400000, 0x0000000626800000, 0x0000000626800000|100%| O|  |TAMS 0x0000000626800000, 0x0000000626400000| Untracked 
| 144|0x0000000626800000, 0x0000000626c00000, 0x0000000626c00000|100%| O|  |TAMS 0x0000000626c00000, 0x0000000626800000| Untracked 
| 145|0x0000000626c00000, 0x0000000627000000, 0x0000000627000000|100%| O|  |TAMS 0x0000000627000000, 0x0000000626c00000| Untracked 
| 146|0x0000000627000000, 0x0000000627400000, 0x0000000627400000|100%| O|  |TAMS 0x0000000627400000, 0x0000000627000000| Untracked 
| 147|0x0000000627400000, 0x0000000627800000, 0x0000000627800000|100%| O|  |TAMS 0x0000000627800000, 0x0000000627400000| Untracked 
| 148|0x0000000627800000, 0x0000000627c00000, 0x0000000627c00000|100%| O|  |TAMS 0x0000000627c00000, 0x0000000627800000| Untracked 
| 149|0x0000000627c00000, 0x0000000628000000, 0x0000000628000000|100%| O|  |TAMS 0x0000000628000000, 0x0000000627c00000| Untracked 
| 150|0x0000000628000000, 0x0000000628400000, 0x0000000628400000|100%| O|  |TAMS 0x0000000628400000, 0x0000000628000000| Untracked 
| 151|0x0000000628400000, 0x0000000628800000, 0x0000000628800000|100%| O|  |TAMS 0x0000000628800000, 0x0000000628400000| Untracked 
| 152|0x0000000628800000, 0x0000000628c00000, 0x0000000628c00000|100%| O|  |TAMS 0x0000000628c00000, 0x0000000628800000| Untracked 
| 153|0x0000000628c00000, 0x0000000629000000, 0x0000000629000000|100%| O|  |TAMS 0x0000000629000000, 0x0000000628c00000| Untracked 
| 154|0x0000000629000000, 0x0000000629400000, 0x0000000629400000|100%| O|  |TAMS 0x0000000629400000, 0x0000000629000000| Untracked 
| 155|0x0000000629400000, 0x0000000629800000, 0x0000000629800000|100%| O|  |TAMS 0x0000000629800000, 0x0000000629400000| Untracked 
| 156|0x0000000629800000, 0x0000000629c00000, 0x0000000629c00000|100%| O|  |TAMS 0x0000000629c00000, 0x0000000629800000| Untracked 
| 157|0x0000000629c00000, 0x000000062a000000, 0x000000062a000000|100%| O|  |TAMS 0x000000062a000000, 0x0000000629c00000| Untracked 
| 158|0x000000062a000000, 0x000000062a400000, 0x000000062a400000|100%| O|  |TAMS 0x000000062a400000, 0x000000062a000000| Untracked 
| 159|0x000000062a400000, 0x000000062a800000, 0x000000062a800000|100%| O|  |TAMS 0x000000062a800000, 0x000000062a400000| Untracked 
| 160|0x000000062a800000, 0x000000062ac00000, 0x000000062ac00000|100%| O|  |TAMS 0x000000062ac00000, 0x000000062a800000| Untracked 
| 161|0x000000062ac00000, 0x000000062b000000, 0x000000062b000000|100%| O|  |TAMS 0x000000062b000000, 0x000000062ac00000| Untracked 
| 162|0x000000062b000000, 0x000000062b400000, 0x000000062b400000|100%| O|  |TAMS 0x000000062b400000, 0x000000062b000000| Untracked 
| 163|0x000000062b400000, 0x000000062b800000, 0x000000062b800000|100%| O|  |TAMS 0x000000062b800000, 0x000000062b400000| Untracked 
| 164|0x000000062b800000, 0x000000062bc00000, 0x000000062bc00000|100%| O|  |TAMS 0x000000062bc00000, 0x000000062b800000| Untracked 
| 165|0x000000062bc00000, 0x000000062c000000, 0x000000062c000000|100%| O|  |TAMS 0x000000062c000000, 0x000000062bc00000| Untracked 
| 166|0x000000062c000000, 0x000000062c400000, 0x000000062c400000|100%| O|  |TAMS 0x000000062c400000, 0x000000062c000000| Untracked 
| 167|0x000000062c400000, 0x000000062c800000, 0x000000062c800000|100%| O|  |TAMS 0x000000062c800000, 0x000000062c400000| Untracked 
| 168|0x000000062c800000, 0x000000062cc00000, 0x000000062cc00000|100%| O|  |TAMS 0x000000062cc00000, 0x000000062c800000| Untracked 
| 169|0x000000062cc00000, 0x000000062d000000, 0x000000062d000000|100%| O|  |TAMS 0x000000062d000000, 0x000000062cc00000| Untracked 
| 170|0x000000062d000000, 0x000000062d400000, 0x000000062d400000|100%| O|  |TAMS 0x000000062d400000, 0x000000062d000000| Untracked 
| 171|0x000000062d400000, 0x000000062d800000, 0x000000062d800000|100%| O|  |TAMS 0x000000062d800000, 0x000000062d400000| Untracked 
| 172|0x000000062d800000, 0x000000062dc00000, 0x000000062dc00000|100%| O|  |TAMS 0x000000062dc00000, 0x000000062d800000| Untracked 
| 173|0x000000062dc00000, 0x000000062e000000, 0x000000062e000000|100%| O|  |TAMS 0x000000062e000000, 0x000000062dc00000| Untracked 
| 174|0x000000062e000000, 0x000000062e400000, 0x000000062e400000|100%| O|  |TAMS 0x000000062e400000, 0x000000062e000000| Untracked 
| 175|0x000000062e400000, 0x000000062e800000, 0x000000062e800000|100%| O|  |TAMS 0x000000062e800000, 0x000000062e400000| Untracked 
| 176|0x000000062e800000, 0x000000062ec00000, 0x000000062ec00000|100%| O|  |TAMS 0x000000062ec00000, 0x000000062e800000| Untracked 
| 177|0x000000062ec00000, 0x000000062f000000, 0x000000062f000000|100%| O|  |TAMS 0x000000062f000000, 0x000000062ec00000| Untracked 
| 178|0x000000062f000000, 0x000000062f400000, 0x000000062f400000|100%| O|  |TAMS 0x000000062f400000, 0x000000062f000000| Untracked 
| 179|0x000000062f400000, 0x000000062f800000, 0x000000062f800000|100%| O|  |TAMS 0x000000062f800000, 0x000000062f400000| Untracked 
| 180|0x000000062f800000, 0x000000062fc00000, 0x000000062fc00000|100%| O|  |TAMS 0x000000062fc00000, 0x000000062f800000| Untracked 
| 181|0x000000062fc00000, 0x0000000630000000, 0x0000000630000000|100%| O|  |TAMS 0x0000000630000000, 0x000000062fc00000| Untracked 
| 182|0x0000000630000000, 0x0000000630400000, 0x0000000630400000|100%| O|  |TAMS 0x0000000630400000, 0x0000000630000000| Untracked 
| 183|0x0000000630400000, 0x0000000630800000, 0x0000000630800000|100%| O|  |TAMS 0x0000000630800000, 0x0000000630400000| Untracked 
| 184|0x0000000630800000, 0x0000000630c00000, 0x0000000630c00000|100%| O|  |TAMS 0x0000000630c00000, 0x0000000630800000| Untracked 
| 185|0x0000000630c00000, 0x0000000631000000, 0x0000000631000000|100%| O|  |TAMS 0x0000000631000000, 0x0000000630c00000| Untracked 
| 186|0x0000000631000000, 0x0000000631400000, 0x0000000631400000|100%| O|  |TAMS 0x0000000631400000, 0x0000000631000000| Untracked 
| 187|0x0000000631400000, 0x0000000631800000, 0x0000000631800000|100%| O|  |TAMS 0x0000000631800000, 0x0000000631400000| Untracked 
| 188|0x0000000631800000, 0x0000000631c00000, 0x0000000631c00000|100%| O|  |TAMS 0x0000000631c00000, 0x0000000631800000| Untracked 
| 189|0x0000000631c00000, 0x0000000632000000, 0x0000000632000000|100%| O|  |TAMS 0x0000000632000000, 0x0000000631c00000| Untracked 
| 190|0x0000000632000000, 0x0000000632400000, 0x0000000632400000|100%| O|  |TAMS 0x0000000632400000, 0x0000000632000000| Untracked 
| 191|0x0000000632400000, 0x0000000632800000, 0x0000000632800000|100%| O|  |TAMS 0x0000000632800000, 0x0000000632400000| Untracked 
| 192|0x0000000632800000, 0x0000000632c00000, 0x0000000632c00000|100%| O|  |TAMS 0x0000000632c00000, 0x0000000632800000| Untracked 
| 193|0x0000000632c00000, 0x0000000633000000, 0x0000000633000000|100%| O|  |TAMS 0x0000000633000000, 0x0000000632c00000| Untracked 
| 194|0x0000000633000000, 0x0000000633400000, 0x0000000633400000|100%| O|  |TAMS 0x0000000633400000, 0x0000000633000000| Untracked 
| 195|0x0000000633400000, 0x0000000633800000, 0x0000000633800000|100%| O|  |TAMS 0x0000000633800000, 0x0000000633400000| Untracked 
| 196|0x0000000633800000, 0x0000000633c00000, 0x0000000633c00000|100%| O|  |TAMS 0x0000000633c00000, 0x0000000633800000| Untracked 
| 197|0x0000000633c00000, 0x0000000634000000, 0x0000000634000000|100%| O|  |TAMS 0x0000000634000000, 0x0000000633c00000| Untracked 
| 198|0x0000000634000000, 0x0000000634400000, 0x0000000634400000|100%| O|  |TAMS 0x0000000634400000, 0x0000000634000000| Untracked 
| 199|0x0000000634400000, 0x0000000634800000, 0x0000000634800000|100%| O|  |TAMS 0x0000000634800000, 0x0000000634400000| Untracked 
| 200|0x0000000634800000, 0x0000000634c00000, 0x0000000634c00000|100%| O|  |TAMS 0x0000000634c00000, 0x0000000634800000| Untracked 
| 201|0x0000000634c00000, 0x0000000635000000, 0x0000000635000000|100%| O|  |TAMS 0x0000000635000000, 0x0000000634c00000| Untracked 
| 202|0x0000000635000000, 0x0000000635400000, 0x0000000635400000|100%| O|  |TAMS 0x0000000635400000, 0x0000000635000000| Untracked 
| 203|0x0000000635400000, 0x0000000635800000, 0x0000000635800000|100%| O|  |TAMS 0x0000000635800000, 0x0000000635400000| Untracked 
| 204|0x0000000635800000, 0x0000000635c00000, 0x0000000635c00000|100%| O|  |TAMS 0x0000000635c00000, 0x0000000635800000| Untracked 
| 205|0x0000000635c00000, 0x0000000636000000, 0x0000000636000000|100%| O|  |TAMS 0x0000000636000000, 0x0000000635c00000| Untracked 
| 206|0x0000000636000000, 0x0000000636400000, 0x0000000636400000|100%| O|  |TAMS 0x0000000636400000, 0x0000000636000000| Untracked 
| 207|0x0000000636400000, 0x0000000636800000, 0x0000000636800000|100%| O|  |TAMS 0x0000000636800000, 0x0000000636400000| Untracked 
| 208|0x0000000636800000, 0x0000000636c00000, 0x0000000636c00000|100%| O|  |TAMS 0x0000000636c00000, 0x0000000636800000| Untracked 
| 209|0x0000000636c00000, 0x0000000637000000, 0x0000000637000000|100%| O|  |TAMS 0x0000000637000000, 0x0000000636c00000| Untracked 
| 210|0x0000000637000000, 0x0000000637400000, 0x0000000637400000|100%| O|  |TAMS 0x0000000637400000, 0x0000000637000000| Untracked 
| 211|0x0000000637400000, 0x0000000637800000, 0x0000000637800000|100%| O|  |TAMS 0x0000000637800000, 0x0000000637400000| Untracked 
| 212|0x0000000637800000, 0x0000000637c00000, 0x0000000637c00000|100%| O|  |TAMS 0x0000000637800000, 0x0000000637800000| Untracked 
| 213|0x0000000637c00000, 0x0000000638000000, 0x0000000638000000|100%| O|  |TAMS 0x0000000638000000, 0x0000000637c00000| Untracked 
| 214|0x0000000638000000, 0x0000000638400000, 0x0000000638400000|100%| O|  |TAMS 0x0000000638400000, 0x0000000638000000| Untracked 
| 215|0x0000000638400000, 0x0000000638800000, 0x0000000638800000|100%| O|  |TAMS 0x0000000638800000, 0x0000000638400000| Untracked 
| 216|0x0000000638800000, 0x0000000638c00000, 0x0000000638c00000|100%| O|  |TAMS 0x0000000638c00000, 0x0000000638800000| Untracked 
| 217|0x0000000638c00000, 0x0000000639000000, 0x0000000639000000|100%| O|  |TAMS 0x0000000639000000, 0x0000000638c00000| Untracked 
| 218|0x0000000639000000, 0x0000000639400000, 0x0000000639400000|100%| O|  |TAMS 0x0000000639400000, 0x0000000639000000| Untracked 
| 219|0x0000000639400000, 0x0000000639800000, 0x0000000639800000|100%| O|  |TAMS 0x0000000639800000, 0x0000000639400000| Untracked 
| 220|0x0000000639800000, 0x0000000639c00000, 0x0000000639c00000|100%| O|  |TAMS 0x0000000639c00000, 0x0000000639800000| Untracked 
| 221|0x0000000639c00000, 0x000000063a000000, 0x000000063a000000|100%| O|  |TAMS 0x000000063a000000, 0x0000000639c00000| Untracked 
| 222|0x000000063a000000, 0x000000063a400000, 0x000000063a400000|100%| O|  |TAMS 0x000000063a400000, 0x000000063a000000| Untracked 
| 223|0x000000063a400000, 0x000000063a800000, 0x000000063a800000|100%| O|  |TAMS 0x000000063a800000, 0x000000063a400000| Untracked 
| 224|0x000000063a800000, 0x000000063ac00000, 0x000000063ac00000|100%| O|  |TAMS 0x000000063ac00000, 0x000000063a800000| Untracked 
| 225|0x000000063ac00000, 0x000000063b000000, 0x000000063b000000|100%| O|  |TAMS 0x000000063b000000, 0x000000063ac00000| Untracked 
| 226|0x000000063b000000, 0x000000063b400000, 0x000000063b400000|100%| O|  |TAMS 0x000000063b400000, 0x000000063b000000| Untracked 
| 227|0x000000063b400000, 0x000000063b800000, 0x000000063b800000|100%| O|  |TAMS 0x000000063b800000, 0x000000063b400000| Untracked 
| 228|0x000000063b800000, 0x000000063bc00000, 0x000000063bc00000|100%| O|  |TAMS 0x000000063bc00000, 0x000000063b800000| Untracked 
| 229|0x000000063bc00000, 0x000000063c000000, 0x000000063c000000|100%| O|  |TAMS 0x000000063c000000, 0x000000063bc00000| Untracked 
| 230|0x000000063c000000, 0x000000063c400000, 0x000000063c400000|100%| O|  |TAMS 0x000000063c400000, 0x000000063c000000| Untracked 
| 231|0x000000063c400000, 0x000000063c800000, 0x000000063c800000|100%| O|  |TAMS 0x000000063c800000, 0x000000063c400000| Untracked 
| 232|0x000000063c800000, 0x000000063cc00000, 0x000000063cc00000|100%| O|  |TAMS 0x000000063cc00000, 0x000000063c800000| Untracked 
| 233|0x000000063cc00000, 0x000000063d000000, 0x000000063d000000|100%| O|  |TAMS 0x000000063d000000, 0x000000063cc00000| Untracked 
| 234|0x000000063d000000, 0x000000063d400000, 0x000000063d400000|100%| O|  |TAMS 0x000000063d400000, 0x000000063d000000| Untracked 
| 235|0x000000063d400000, 0x000000063d800000, 0x000000063d800000|100%| O|  |TAMS 0x000000063d800000, 0x000000063d400000| Untracked 
| 236|0x000000063d800000, 0x000000063dc00000, 0x000000063dc00000|100%| O|  |TAMS 0x000000063dc00000, 0x000000063d800000| Untracked 
| 237|0x000000063dc00000, 0x000000063e000000, 0x000000063e000000|100%| O|  |TAMS 0x000000063e000000, 0x000000063dc00000| Untracked 
| 238|0x000000063e000000, 0x000000063e400000, 0x000000063e400000|100%| O|  |TAMS 0x000000063e400000, 0x000000063e000000| Untracked 
| 239|0x000000063e400000, 0x000000063e800000, 0x000000063e800000|100%| O|  |TAMS 0x000000063e800000, 0x000000063e400000| Untracked 
| 240|0x000000063e800000, 0x000000063ec00000, 0x000000063ec00000|100%| O|  |TAMS 0x000000063ec00000, 0x000000063e800000| Untracked 
| 241|0x000000063ec00000, 0x000000063f000000, 0x000000063f000000|100%| O|  |TAMS 0x000000063f000000, 0x000000063ec00000| Untracked 
| 242|0x000000063f000000, 0x000000063f400000, 0x000000063f400000|100%| O|  |TAMS 0x000000063f400000, 0x000000063f000000| Untracked 
| 243|0x000000063f400000, 0x000000063f800000, 0x000000063f800000|100%| O|  |TAMS 0x000000063f800000, 0x000000063f400000| Untracked 
| 244|0x000000063f800000, 0x000000063fc00000, 0x000000063fc00000|100%| O|  |TAMS 0x000000063fc00000, 0x000000063f800000| Untracked 
| 245|0x000000063fc00000, 0x0000000640000000, 0x0000000640000000|100%| O|  |TAMS 0x0000000640000000, 0x000000063fc00000| Untracked 
| 246|0x0000000640000000, 0x0000000640400000, 0x0000000640400000|100%| O|  |TAMS 0x0000000640400000, 0x0000000640000000| Untracked 
| 247|0x0000000640400000, 0x0000000640800000, 0x0000000640800000|100%| O|  |TAMS 0x0000000640800000, 0x0000000640400000| Untracked 
| 248|0x0000000640800000, 0x0000000640c00000, 0x0000000640c00000|100%| O|  |TAMS 0x0000000640c00000, 0x0000000640800000| Untracked 
| 249|0x0000000640c00000, 0x0000000641000000, 0x0000000641000000|100%| O|  |TAMS 0x0000000641000000, 0x0000000640c00000| Untracked 
| 250|0x0000000641000000, 0x0000000641400000, 0x0000000641400000|100%| O|  |TAMS 0x0000000641400000, 0x0000000641000000| Untracked 
| 251|0x0000000641400000, 0x0000000641800000, 0x0000000641800000|100%| O|  |TAMS 0x0000000641800000, 0x0000000641400000| Untracked 
| 252|0x0000000641800000, 0x0000000641c00000, 0x0000000641c00000|100%| O|  |TAMS 0x0000000641c00000, 0x0000000641800000| Untracked 
| 253|0x0000000641c00000, 0x0000000642000000, 0x0000000642000000|100%| O|  |TAMS 0x0000000642000000, 0x0000000641c00000| Untracked 
| 254|0x0000000642000000, 0x0000000642400000, 0x0000000642400000|100%| O|  |TAMS 0x0000000642400000, 0x0000000642000000| Untracked 
| 255|0x0000000642400000, 0x0000000642800000, 0x0000000642800000|100%| O|  |TAMS 0x0000000642800000, 0x0000000642400000| Untracked 
| 256|0x0000000642800000, 0x0000000642c00000, 0x0000000642c00000|100%| O|  |TAMS 0x0000000642c00000, 0x0000000642800000| Untracked 
| 257|0x0000000642c00000, 0x0000000643000000, 0x0000000643000000|100%| O|  |TAMS 0x0000000643000000, 0x0000000642c00000| Untracked 
| 258|0x0000000643000000, 0x0000000643400000, 0x0000000643400000|100%| O|  |TAMS 0x0000000643400000, 0x0000000643000000| Untracked 
| 259|0x0000000643400000, 0x0000000643800000, 0x0000000643800000|100%| O|  |TAMS 0x0000000643800000, 0x0000000643400000| Untracked 
| 260|0x0000000643800000, 0x0000000643c00000, 0x0000000643c00000|100%| O|  |TAMS 0x0000000643c00000, 0x0000000643800000| Untracked 
| 261|0x0000000643c00000, 0x0000000644000000, 0x0000000644000000|100%| O|  |TAMS 0x0000000644000000, 0x0000000643c00000| Untracked 
| 262|0x0000000644000000, 0x0000000644400000, 0x0000000644400000|100%| O|  |TAMS 0x0000000644400000, 0x0000000644000000| Untracked 
| 263|0x0000000644400000, 0x0000000644800000, 0x0000000644800000|100%| O|  |TAMS 0x0000000644800000, 0x0000000644400000| Untracked 
| 264|0x0000000644800000, 0x0000000644c00000, 0x0000000644c00000|100%| O|  |TAMS 0x0000000644c00000, 0x0000000644800000| Untracked 
| 265|0x0000000644c00000, 0x0000000645000000, 0x0000000645000000|100%| O|  |TAMS 0x0000000645000000, 0x0000000644c00000| Untracked 
| 266|0x0000000645000000, 0x0000000645400000, 0x0000000645400000|100%| O|  |TAMS 0x0000000645400000, 0x0000000645000000| Untracked 
| 267|0x0000000645400000, 0x0000000645800000, 0x0000000645800000|100%| O|  |TAMS 0x0000000645800000, 0x0000000645400000| Untracked 
| 268|0x0000000645800000, 0x0000000645c00000, 0x0000000645c00000|100%| O|  |TAMS 0x0000000645c00000, 0x0000000645800000| Untracked 
| 269|0x0000000645c00000, 0x0000000646000000, 0x0000000646000000|100%| O|  |TAMS 0x0000000646000000, 0x0000000645c00000| Untracked 
| 270|0x0000000646000000, 0x0000000646400000, 0x0000000646400000|100%| O|  |TAMS 0x0000000646400000, 0x0000000646000000| Untracked 
| 271|0x0000000646400000, 0x0000000646800000, 0x0000000646800000|100%| O|  |TAMS 0x0000000646800000, 0x0000000646400000| Untracked 
| 272|0x0000000646800000, 0x0000000646c00000, 0x0000000646c00000|100%| O|  |TAMS 0x0000000646c00000, 0x0000000646800000| Untracked 
| 273|0x0000000646c00000, 0x0000000647000000, 0x0000000647000000|100%| O|  |TAMS 0x0000000647000000, 0x0000000646c00000| Untracked 
| 274|0x0000000647000000, 0x0000000647400000, 0x0000000647400000|100%| O|  |TAMS 0x0000000647400000, 0x0000000647000000| Untracked 
| 275|0x0000000647400000, 0x0000000647800000, 0x0000000647800000|100%| O|  |TAMS 0x0000000647800000, 0x0000000647400000| Untracked 
| 276|0x0000000647800000, 0x0000000647c00000, 0x0000000647c00000|100%| O|  |TAMS 0x0000000647c00000, 0x0000000647800000| Untracked 
| 277|0x0000000647c00000, 0x0000000648000000, 0x0000000648000000|100%| O|  |TAMS 0x0000000648000000, 0x0000000647c00000| Untracked 
| 278|0x0000000648000000, 0x0000000648400000, 0x0000000648400000|100%| O|  |TAMS 0x0000000648000000, 0x0000000648000000| Untracked 
| 279|0x0000000648400000, 0x0000000648800000, 0x0000000648800000|100%| O|  |TAMS 0x0000000648800000, 0x0000000648400000| Untracked 
| 280|0x0000000648800000, 0x0000000648c00000, 0x0000000648c00000|100%| O|  |TAMS 0x0000000648c00000, 0x0000000648800000| Untracked 
| 281|0x0000000648c00000, 0x0000000649000000, 0x0000000649000000|100%| O|  |TAMS 0x0000000649000000, 0x0000000648c00000| Untracked 
| 282|0x0000000649000000, 0x0000000649400000, 0x0000000649400000|100%| O|  |TAMS 0x0000000649000000, 0x0000000649000000| Untracked 
| 283|0x0000000649400000, 0x0000000649800000, 0x0000000649800000|100%| O|  |TAMS 0x0000000649800000, 0x0000000649400000| Untracked 
| 284|0x0000000649800000, 0x0000000649c00000, 0x0000000649c00000|100%| O|  |TAMS 0x0000000649c00000, 0x0000000649800000| Untracked 
| 285|0x0000000649c00000, 0x000000064a000000, 0x000000064a000000|100%| O|  |TAMS 0x000000064a000000, 0x0000000649c00000| Untracked 
| 286|0x000000064a000000, 0x000000064a400000, 0x000000064a400000|100%| O|  |TAMS 0x000000064a400000, 0x000000064a000000| Untracked 
| 287|0x000000064a400000, 0x000000064a800000, 0x000000064a800000|100%| O|  |TAMS 0x000000064a800000, 0x000000064a400000| Untracked 
| 288|0x000000064a800000, 0x000000064ac00000, 0x000000064ac00000|100%| O|  |TAMS 0x000000064ac00000, 0x000000064a800000| Untracked 
| 289|0x000000064ac00000, 0x000000064b000000, 0x000000064b000000|100%| O|  |TAMS 0x000000064b000000, 0x000000064ac00000| Untracked 
| 290|0x000000064b000000, 0x000000064b400000, 0x000000064b400000|100%| O|  |TAMS 0x000000064b400000, 0x000000064b000000| Untracked 
| 291|0x000000064b400000, 0x000000064b800000, 0x000000064b800000|100%| O|  |TAMS 0x000000064b800000, 0x000000064b400000| Untracked 
| 292|0x000000064b800000, 0x000000064bc00000, 0x000000064bc00000|100%| O|  |TAMS 0x000000064bc00000, 0x000000064b800000| Untracked 
| 293|0x000000064bc00000, 0x000000064c000000, 0x000000064c000000|100%| O|  |TAMS 0x000000064c000000, 0x000000064bc00000| Untracked 
| 294|0x000000064c000000, 0x000000064c400000, 0x000000064c400000|100%| O|  |TAMS 0x000000064c400000, 0x000000064c000000| Untracked 
| 295|0x000000064c400000, 0x000000064c800000, 0x000000064c800000|100%| O|  |TAMS 0x000000064c800000, 0x000000064c400000| Untracked 
| 296|0x000000064c800000, 0x000000064cc00000, 0x000000064cc00000|100%| O|  |TAMS 0x000000064cc00000, 0x000000064c800000| Untracked 
| 297|0x000000064cc00000, 0x000000064d000000, 0x000000064d000000|100%| O|  |TAMS 0x000000064d000000, 0x000000064cc00000| Untracked 
| 298|0x000000064d000000, 0x000000064d400000, 0x000000064d400000|100%| O|  |TAMS 0x000000064d000000, 0x000000064d000000| Untracked 
| 299|0x000000064d400000, 0x000000064d800000, 0x000000064d800000|100%| O|  |TAMS 0x000000064d800000, 0x000000064d400000| Untracked 
| 300|0x000000064d800000, 0x000000064dc00000, 0x000000064dc00000|100%| O|  |TAMS 0x000000064dc00000, 0x000000064d800000| Untracked 
| 301|0x000000064dc00000, 0x000000064e000000, 0x000000064e000000|100%| O|  |TAMS 0x000000064e000000, 0x000000064dc00000| Untracked 
| 302|0x000000064e000000, 0x000000064e400000, 0x000000064e400000|100%| O|  |TAMS 0x000000064e400000, 0x000000064e000000| Untracked 
| 303|0x000000064e400000, 0x000000064e800000, 0x000000064e800000|100%| O|  |TAMS 0x000000064e800000, 0x000000064e400000| Untracked 
| 304|0x000000064e800000, 0x000000064ec00000, 0x000000064ec00000|100%| O|  |TAMS 0x000000064ec00000, 0x000000064e800000| Untracked 
| 305|0x000000064ec00000, 0x000000064f000000, 0x000000064f000000|100%| O|  |TAMS 0x000000064f000000, 0x000000064ec00000| Untracked 
| 306|0x000000064f000000, 0x000000064f400000, 0x000000064f400000|100%| O|  |TAMS 0x000000064f000000, 0x000000064f000000| Untracked 
| 307|0x000000064f400000, 0x000000064f800000, 0x000000064f800000|100%| O|  |TAMS 0x000000064f800000, 0x000000064f400000| Untracked 
| 308|0x000000064f800000, 0x000000064fc00000, 0x000000064fc00000|100%| O|  |TAMS 0x000000064fc00000, 0x000000064f800000| Untracked 
| 309|0x000000064fc00000, 0x0000000650000000, 0x0000000650000000|100%| O|  |TAMS 0x0000000650000000, 0x000000064fc00000| Untracked 
| 310|0x0000000650000000, 0x0000000650400000, 0x0000000650400000|100%| O|  |TAMS 0x0000000650400000, 0x0000000650000000| Untracked 
| 311|0x0000000650400000, 0x0000000650800000, 0x0000000650800000|100%| O|  |TAMS 0x0000000650800000, 0x0000000650400000| Untracked 
| 312|0x0000000650800000, 0x0000000650c00000, 0x0000000650c00000|100%| O|  |TAMS 0x0000000650c00000, 0x0000000650800000| Untracked 
| 313|0x0000000650c00000, 0x0000000651000000, 0x0000000651000000|100%| O|  |TAMS 0x0000000650c00000, 0x0000000650c00000| Untracked 
| 314|0x0000000651000000, 0x0000000651400000, 0x0000000651400000|100%| O|  |TAMS 0x0000000651400000, 0x0000000651000000| Untracked 
| 315|0x0000000651400000, 0x0000000651800000, 0x0000000651800000|100%| O|  |TAMS 0x0000000651800000, 0x0000000651400000| Untracked 
| 316|0x0000000651800000, 0x0000000651c00000, 0x0000000651c00000|100%| O|  |TAMS 0x0000000651c00000, 0x0000000651800000| Untracked 
| 317|0x0000000651c00000, 0x0000000652000000, 0x0000000652000000|100%| O|  |TAMS 0x0000000652000000, 0x0000000651c00000| Untracked 
| 318|0x0000000652000000, 0x0000000652400000, 0x0000000652400000|100%| O|  |TAMS 0x0000000652400000, 0x0000000652000000| Untracked 
| 319|0x0000000652400000, 0x0000000652800000, 0x0000000652800000|100%| O|  |TAMS 0x0000000652800000, 0x0000000652400000| Untracked 
| 320|0x0000000652800000, 0x0000000652c00000, 0x0000000652c00000|100%| O|  |TAMS 0x0000000652c00000, 0x0000000652800000| Untracked 
| 321|0x0000000652c00000, 0x0000000653000000, 0x0000000653000000|100%| O|  |TAMS 0x0000000653000000, 0x0000000652c00000| Untracked 
| 322|0x0000000653000000, 0x0000000653400000, 0x0000000653400000|100%| O|  |TAMS 0x0000000653400000, 0x0000000653000000| Untracked 
| 323|0x0000000653400000, 0x0000000653800000, 0x0000000653800000|100%| O|  |TAMS 0x0000000653800000, 0x0000000653400000| Untracked 
| 324|0x0000000653800000, 0x0000000653c00000, 0x0000000653c00000|100%| O|  |TAMS 0x0000000653c00000, 0x0000000653800000| Untracked 
| 325|0x0000000653c00000, 0x0000000654000000, 0x0000000654000000|100%| O|  |TAMS 0x0000000654000000, 0x0000000653c00000| Untracked 
| 326|0x0000000654000000, 0x0000000654400000, 0x0000000654400000|100%| O|  |TAMS 0x0000000654400000, 0x0000000654000000| Untracked 
| 327|0x0000000654400000, 0x0000000654800000, 0x0000000654800000|100%| O|  |TAMS 0x0000000654800000, 0x0000000654400000| Untracked 
| 328|0x0000000654800000, 0x0000000654c00000, 0x0000000654c00000|100%| O|  |TAMS 0x0000000654c00000, 0x0000000654800000| Untracked 
| 329|0x0000000654c00000, 0x0000000655000000, 0x0000000655000000|100%| O|  |TAMS 0x0000000654c00000, 0x0000000654c00000| Untracked 
| 330|0x0000000655000000, 0x0000000655400000, 0x0000000655400000|100%| O|  |TAMS 0x0000000655400000, 0x0000000655000000| Untracked 
| 331|0x0000000655400000, 0x0000000655800000, 0x0000000655800000|100%| O|  |TAMS 0x0000000655800000, 0x0000000655400000| Untracked 
| 332|0x0000000655800000, 0x0000000655c00000, 0x0000000655c00000|100%| O|  |TAMS 0x0000000655c00000, 0x0000000655800000| Untracked 
| 333|0x0000000655c00000, 0x0000000656000000, 0x0000000656000000|100%| O|  |TAMS 0x0000000656000000, 0x0000000655c00000| Untracked 
| 334|0x0000000656000000, 0x0000000656400000, 0x0000000656400000|100%| O|  |TAMS 0x0000000656400000, 0x0000000656000000| Untracked 
| 335|0x0000000656400000, 0x0000000656800000, 0x0000000656800000|100%| O|  |TAMS 0x0000000656800000, 0x0000000656400000| Untracked 
| 336|0x0000000656800000, 0x0000000656c00000, 0x0000000656c00000|100%| O|  |TAMS 0x0000000656c00000, 0x0000000656800000| Untracked 
| 337|0x0000000656c00000, 0x0000000657000000, 0x0000000657000000|100%| O|  |TAMS 0x0000000657000000, 0x0000000656c00000| Untracked 
| 338|0x0000000657000000, 0x0000000657400000, 0x0000000657400000|100%| O|  |TAMS 0x0000000657400000, 0x0000000657000000| Untracked 
| 339|0x0000000657400000, 0x0000000657800000, 0x0000000657800000|100%| O|  |TAMS 0x0000000657800000, 0x0000000657400000| Untracked 
| 340|0x0000000657800000, 0x0000000657c00000, 0x0000000657c00000|100%| O|  |TAMS 0x0000000657c00000, 0x0000000657800000| Untracked 
| 341|0x0000000657c00000, 0x0000000658000000, 0x0000000658000000|100%| O|  |TAMS 0x0000000658000000, 0x0000000657c00000| Untracked 
| 342|0x0000000658000000, 0x0000000658400000, 0x0000000658400000|100%| O|  |TAMS 0x0000000658400000, 0x0000000658000000| Untracked 
| 343|0x0000000658400000, 0x0000000658800000, 0x0000000658800000|100%| O|  |TAMS 0x0000000658800000, 0x0000000658400000| Untracked 
| 344|0x0000000658800000, 0x0000000658c00000, 0x0000000658c00000|100%| O|  |TAMS 0x0000000658c00000, 0x0000000658800000| Untracked 
| 345|0x0000000658c00000, 0x0000000659000000, 0x0000000659000000|100%| O|  |TAMS 0x0000000659000000, 0x0000000658c00000| Untracked 
| 346|0x0000000659000000, 0x0000000659400000, 0x0000000659400000|100%| O|  |TAMS 0x0000000659400000, 0x0000000659000000| Untracked 
| 347|0x0000000659400000, 0x0000000659800000, 0x0000000659800000|100%| O|  |TAMS 0x0000000659800000, 0x0000000659400000| Untracked 
| 348|0x0000000659800000, 0x0000000659c00000, 0x0000000659c00000|100%| O|  |TAMS 0x0000000659c00000, 0x0000000659800000| Untracked 
| 349|0x0000000659c00000, 0x000000065a000000, 0x000000065a000000|100%| O|  |TAMS 0x0000000659c00000, 0x0000000659c00000| Untracked 
| 350|0x000000065a000000, 0x000000065a400000, 0x000000065a400000|100%| O|  |TAMS 0x000000065a400000, 0x000000065a000000| Untracked 
| 351|0x000000065a400000, 0x000000065a800000, 0x000000065a800000|100%| O|  |TAMS 0x000000065a800000, 0x000000065a400000| Untracked 
| 352|0x000000065a800000, 0x000000065ac00000, 0x000000065ac00000|100%| O|  |TAMS 0x000000065ac00000, 0x000000065a800000| Untracked 
| 353|0x000000065ac00000, 0x000000065b000000, 0x000000065b000000|100%| O|  |TAMS 0x000000065b000000, 0x000000065ac00000| Untracked 
| 354|0x000000065b000000, 0x000000065b400000, 0x000000065b400000|100%| O|  |TAMS 0x000000065b400000, 0x000000065b000000| Untracked 
| 355|0x000000065b400000, 0x000000065b800000, 0x000000065b800000|100%| O|  |TAMS 0x000000065b800000, 0x000000065b400000| Untracked 
| 356|0x000000065b800000, 0x000000065bc00000, 0x000000065bc00000|100%| O|  |TAMS 0x000000065bc00000, 0x000000065b800000| Untracked 
| 357|0x000000065bc00000, 0x000000065c000000, 0x000000065c000000|100%| O|  |TAMS 0x000000065c000000, 0x000000065bc00000| Untracked 
| 358|0x000000065c000000, 0x000000065c400000, 0x000000065c400000|100%| O|  |TAMS 0x000000065c400000, 0x000000065c000000| Untracked 
| 359|0x000000065c400000, 0x000000065c800000, 0x000000065c800000|100%| O|  |TAMS 0x000000065c800000, 0x000000065c400000| Untracked 
| 360|0x000000065c800000, 0x000000065cc00000, 0x000000065cc00000|100%| O|  |TAMS 0x000000065cc00000, 0x000000065c800000| Untracked 
| 361|0x000000065cc00000, 0x000000065d000000, 0x000000065d000000|100%| O|  |TAMS 0x000000065d000000, 0x000000065cc00000| Untracked 
| 362|0x000000065d000000, 0x000000065d400000, 0x000000065d400000|100%| O|  |TAMS 0x000000065d000000, 0x000000065d000000| Untracked 
| 363|0x000000065d400000, 0x000000065d800000, 0x000000065d800000|100%| O|  |TAMS 0x000000065d800000, 0x000000065d400000| Untracked 
| 364|0x000000065d800000, 0x000000065dc00000, 0x000000065dc00000|100%| O|  |TAMS 0x000000065dc00000, 0x000000065d800000| Untracked 
| 365|0x000000065dc00000, 0x000000065e000000, 0x000000065e000000|100%| O|  |TAMS 0x000000065e000000, 0x000000065dc00000| Untracked 
| 366|0x000000065e000000, 0x000000065e400000, 0x000000065e400000|100%| O|  |TAMS 0x000000065e000000, 0x000000065e000000| Untracked 
| 367|0x000000065e400000, 0x000000065e800000, 0x000000065e800000|100%| O|  |TAMS 0x000000065e800000, 0x000000065e400000| Untracked 
| 368|0x000000065e800000, 0x000000065ec00000, 0x000000065ec00000|100%| O|  |TAMS 0x000000065ec00000, 0x000000065e800000| Untracked 
| 369|0x000000065ec00000, 0x000000065f000000, 0x000000065f000000|100%| O|  |TAMS 0x000000065f000000, 0x000000065ec00000| Untracked 
| 370|0x000000065f000000, 0x000000065f400000, 0x000000065f400000|100%| O|  |TAMS 0x000000065f400000, 0x000000065f000000| Untracked 
| 371|0x000000065f400000, 0x000000065f800000, 0x000000065f800000|100%| O|  |TAMS 0x000000065f800000, 0x000000065f400000| Untracked 
| 372|0x000000065f800000, 0x000000065fc00000, 0x000000065fc00000|100%| O|  |TAMS 0x000000065fc00000, 0x000000065f800000| Untracked 
| 373|0x000000065fc00000, 0x0000000660000000, 0x0000000660000000|100%| O|  |TAMS 0x0000000660000000, 0x000000065fc00000| Untracked 
| 374|0x0000000660000000, 0x0000000660400000, 0x0000000660400000|100%| O|  |TAMS 0x0000000660400000, 0x0000000660000000| Untracked 
| 375|0x0000000660400000, 0x0000000660800000, 0x0000000660800000|100%| O|  |TAMS 0x0000000660800000, 0x0000000660400000| Untracked 
| 376|0x0000000660800000, 0x0000000660c00000, 0x0000000660c00000|100%| O|  |TAMS 0x0000000660c00000, 0x0000000660800000| Untracked 
| 377|0x0000000660c00000, 0x0000000661000000, 0x0000000661000000|100%| O|  |TAMS 0x0000000661000000, 0x0000000660c00000| Untracked 
| 378|0x0000000661000000, 0x0000000661400000, 0x0000000661400000|100%| O|  |TAMS 0x0000000661400000, 0x0000000661000000| Untracked 
| 379|0x0000000661400000, 0x0000000661800000, 0x0000000661800000|100%| O|  |TAMS 0x0000000661800000, 0x0000000661400000| Untracked 
| 380|0x0000000661800000, 0x0000000661c00000, 0x0000000661c00000|100%| O|  |TAMS 0x0000000661c00000, 0x0000000661800000| Untracked 
| 381|0x0000000661c00000, 0x0000000662000000, 0x0000000662000000|100%| O|  |TAMS 0x0000000662000000, 0x0000000661c00000| Untracked 
| 382|0x0000000662000000, 0x0000000662400000, 0x0000000662400000|100%| O|  |TAMS 0x0000000662400000, 0x0000000662000000| Untracked 
| 383|0x0000000662400000, 0x0000000662800000, 0x0000000662800000|100%| O|  |TAMS 0x0000000662800000, 0x0000000662400000| Untracked 
| 384|0x0000000662800000, 0x0000000662c00000, 0x0000000662c00000|100%| O|  |TAMS 0x0000000662c00000, 0x0000000662800000| Untracked 
| 385|0x0000000662c00000, 0x0000000663000000, 0x0000000663000000|100%| O|  |TAMS 0x0000000663000000, 0x0000000662c00000| Untracked 
| 386|0x0000000663000000, 0x0000000663400000, 0x0000000663400000|100%| O|  |TAMS 0x0000000663400000, 0x0000000663000000| Untracked 
| 387|0x0000000663400000, 0x0000000663800000, 0x0000000663800000|100%| O|  |TAMS 0x0000000663800000, 0x0000000663400000| Untracked 
| 388|0x0000000663800000, 0x0000000663c00000, 0x0000000663c00000|100%| O|  |TAMS 0x0000000663c00000, 0x0000000663800000| Untracked 
| 389|0x0000000663c00000, 0x0000000664000000, 0x0000000664000000|100%| O|  |TAMS 0x0000000664000000, 0x0000000663c00000| Untracked 
| 390|0x0000000664000000, 0x0000000664400000, 0x0000000664400000|100%| O|  |TAMS 0x0000000664400000, 0x0000000664000000| Untracked 
| 391|0x0000000664400000, 0x0000000664800000, 0x0000000664800000|100%| O|  |TAMS 0x0000000664800000, 0x0000000664400000| Untracked 
| 392|0x0000000664800000, 0x0000000664c00000, 0x0000000664c00000|100%| O|  |TAMS 0x0000000664c00000, 0x0000000664800000| Untracked 
| 393|0x0000000664c00000, 0x0000000665000000, 0x0000000665000000|100%| O|  |TAMS 0x0000000665000000, 0x0000000664c00000| Untracked 
| 394|0x0000000665000000, 0x0000000665400000, 0x0000000665400000|100%| O|  |TAMS 0x0000000665400000, 0x0000000665000000| Untracked 
| 395|0x0000000665400000, 0x0000000665800000, 0x0000000665800000|100%| O|  |TAMS 0x0000000665800000, 0x0000000665400000| Untracked 
| 396|0x0000000665800000, 0x0000000665c00000, 0x0000000665c00000|100%| O|  |TAMS 0x0000000665c00000, 0x0000000665800000| Untracked 
| 397|0x0000000665c00000, 0x0000000666000000, 0x0000000666000000|100%| O|  |TAMS 0x0000000665c00000, 0x0000000665c00000| Untracked 
| 398|0x0000000666000000, 0x0000000666400000, 0x0000000666400000|100%| O|  |TAMS 0x0000000666400000, 0x0000000666000000| Untracked 
| 399|0x0000000666400000, 0x0000000666800000, 0x0000000666800000|100%| O|  |TAMS 0x0000000666800000, 0x0000000666400000| Untracked 
| 400|0x0000000666800000, 0x0000000666c00000, 0x0000000666c00000|100%| O|  |TAMS 0x0000000666c00000, 0x0000000666800000| Untracked 
| 401|0x0000000666c00000, 0x0000000667000000, 0x0000000667000000|100%| O|  |TAMS 0x0000000667000000, 0x0000000666c00000| Untracked 
| 402|0x0000000667000000, 0x0000000667400000, 0x0000000667400000|100%| O|  |TAMS 0x0000000667400000, 0x0000000667000000| Untracked 
| 403|0x0000000667400000, 0x0000000667800000, 0x0000000667800000|100%| O|  |TAMS 0x0000000667800000, 0x0000000667400000| Untracked 
| 404|0x0000000667800000, 0x0000000667c00000, 0x0000000667c00000|100%| O|  |TAMS 0x0000000667c00000, 0x0000000667800000| Untracked 
| 405|0x0000000667c00000, 0x0000000668000000, 0x0000000668000000|100%| O|  |TAMS 0x0000000668000000, 0x0000000667c00000| Untracked 
| 406|0x0000000668000000, 0x0000000668400000, 0x0000000668400000|100%| O|  |TAMS 0x0000000668400000, 0x0000000668000000| Untracked 
| 407|0x0000000668400000, 0x0000000668800000, 0x0000000668800000|100%| O|  |TAMS 0x0000000668800000, 0x0000000668400000| Untracked 
| 408|0x0000000668800000, 0x0000000668c00000, 0x0000000668c00000|100%| O|  |TAMS 0x0000000668800000, 0x0000000668800000| Untracked 
| 409|0x0000000668c00000, 0x0000000669000000, 0x0000000669000000|100%| O|  |TAMS 0x0000000669000000, 0x0000000668c00000| Untracked 
| 410|0x0000000669000000, 0x0000000669400000, 0x0000000669400000|100%| O|  |TAMS 0x0000000669400000, 0x0000000669000000| Untracked 
| 411|0x0000000669400000, 0x0000000669800000, 0x0000000669800000|100%| O|  |TAMS 0x0000000669800000, 0x0000000669400000| Untracked 
| 412|0x0000000669800000, 0x0000000669c00000, 0x0000000669c00000|100%| O|  |TAMS 0x0000000669c00000, 0x0000000669800000| Untracked 
| 413|0x0000000669c00000, 0x000000066a000000, 0x000000066a000000|100%| O|  |TAMS 0x000000066a000000, 0x0000000669c00000| Untracked 
| 414|0x000000066a000000, 0x000000066a400000, 0x000000066a400000|100%| O|  |TAMS 0x000000066a400000, 0x000000066a000000| Untracked 
| 415|0x000000066a400000, 0x000000066a800000, 0x000000066a800000|100%| O|  |TAMS 0x000000066a800000, 0x000000066a400000| Untracked 
| 416|0x000000066a800000, 0x000000066ac00000, 0x000000066ac00000|100%| O|  |TAMS 0x000000066a96be00, 0x000000066a800000| Untracked 
| 417|0x000000066ac00000, 0x000000066b000000, 0x000000066b000000|100%| O|  |TAMS 0x000000066ac00000, 0x000000066ac00000| Untracked 
| 418|0x000000066b000000, 0x000000066b400000, 0x000000066b400000|100%| O|  |TAMS 0x000000066b000000, 0x000000066b000000| Untracked 
| 419|0x000000066b400000, 0x000000066b800000, 0x000000066b800000|100%| O|  |TAMS 0x000000066b400000, 0x000000066b400000| Untracked 
| 420|0x000000066b800000, 0x000000066bc00000, 0x000000066bc00000|100%| O|  |TAMS 0x000000066b800000, 0x000000066b800000| Untracked 
| 421|0x000000066bc00000, 0x000000066c000000, 0x000000066c000000|100%| O|  |TAMS 0x000000066bc00000, 0x000000066bc00000| Untracked 
| 422|0x000000066c000000, 0x000000066c400000, 0x000000066c400000|100%| O|  |TAMS 0x000000066c000000, 0x000000066c000000| Untracked 
| 423|0x000000066c400000, 0x000000066c800000, 0x000000066c800000|100%| O|  |TAMS 0x000000066c400000, 0x000000066c400000| Untracked 
| 424|0x000000066c800000, 0x000000066cc00000, 0x000000066cc00000|100%| O|  |TAMS 0x000000066c800000, 0x000000066c800000| Untracked 
| 425|0x000000066cc00000, 0x000000066d000000, 0x000000066d000000|100%| O|  |TAMS 0x000000066cc00000, 0x000000066cc00000| Untracked 
| 426|0x000000066d000000, 0x000000066d400000, 0x000000066d400000|100%| O|  |TAMS 0x000000066d000000, 0x000000066d000000| Untracked 
| 427|0x000000066d400000, 0x000000066d800000, 0x000000066d800000|100%| O|  |TAMS 0x000000066d400000, 0x000000066d400000| Untracked 
| 428|0x000000066d800000, 0x000000066dc00000, 0x000000066dc00000|100%| O|  |TAMS 0x000000066d800000, 0x000000066d800000| Untracked 
| 429|0x000000066dc00000, 0x000000066e000000, 0x000000066e000000|100%| O|  |TAMS 0x000000066dc00000, 0x000000066dc00000| Untracked 
| 430|0x000000066e000000, 0x000000066e400000, 0x000000066e400000|100%| O|  |TAMS 0x000000066e000000, 0x000000066e000000| Untracked 
| 431|0x000000066e400000, 0x000000066e800000, 0x000000066e800000|100%| O|  |TAMS 0x000000066e400000, 0x000000066e400000| Untracked 
| 432|0x000000066e800000, 0x000000066ec00000, 0x000000066ec00000|100%| O|  |TAMS 0x000000066e800000, 0x000000066e800000| Untracked 
| 433|0x000000066ec00000, 0x000000066f000000, 0x000000066f000000|100%| O|  |TAMS 0x000000066ec00000, 0x000000066ec00000| Untracked 
| 434|0x000000066f000000, 0x000000066f400000, 0x000000066f400000|100%| O|  |TAMS 0x000000066f000000, 0x000000066f000000| Untracked 
| 435|0x000000066f400000, 0x000000066f800000, 0x000000066f800000|100%| O|  |TAMS 0x000000066f400000, 0x000000066f400000| Untracked 
| 436|0x000000066f800000, 0x000000066fc00000, 0x000000066fc00000|100%| O|  |TAMS 0x000000066f800000, 0x000000066f800000| Untracked 
| 437|0x000000066fc00000, 0x0000000670000000, 0x0000000670000000|100%| O|  |TAMS 0x000000066fc00000, 0x000000066fc00000| Untracked 
| 438|0x0000000670000000, 0x0000000670400000, 0x0000000670400000|100%| O|  |TAMS 0x0000000670000000, 0x0000000670000000| Untracked 
| 439|0x0000000670400000, 0x0000000670800000, 0x0000000670800000|100%| O|  |TAMS 0x0000000670400000, 0x0000000670400000| Untracked 
| 440|0x0000000670800000, 0x0000000670c00000, 0x0000000670c00000|100%| O|  |TAMS 0x0000000670800000, 0x0000000670800000| Untracked 
| 441|0x0000000670c00000, 0x0000000671000000, 0x0000000671000000|100%| O|  |TAMS 0x0000000670c00000, 0x0000000670c00000| Untracked 
| 442|0x0000000671000000, 0x0000000671400000, 0x0000000671400000|100%| O|  |TAMS 0x0000000671000000, 0x0000000671000000| Untracked 
| 443|0x0000000671400000, 0x0000000671800000, 0x0000000671800000|100%| O|  |TAMS 0x0000000671400000, 0x0000000671400000| Untracked 
| 444|0x0000000671800000, 0x0000000671c00000, 0x0000000671c00000|100%| O|  |TAMS 0x0000000671800000, 0x0000000671800000| Untracked 
| 445|0x0000000671c00000, 0x0000000672000000, 0x0000000672000000|100%| O|  |TAMS 0x0000000671c00000, 0x0000000671c00000| Untracked 
| 446|0x0000000672000000, 0x0000000672400000, 0x0000000672400000|100%| O|  |TAMS 0x0000000672000000, 0x0000000672000000| Untracked 
| 447|0x0000000672400000, 0x0000000672800000, 0x0000000672800000|100%| O|  |TAMS 0x0000000672400000, 0x0000000672400000| Untracked 
| 448|0x0000000672800000, 0x0000000672c00000, 0x0000000672c00000|100%| O|  |TAMS 0x0000000672800000, 0x0000000672800000| Untracked 
| 449|0x0000000672c00000, 0x0000000673000000, 0x0000000673000000|100%| O|  |TAMS 0x0000000672c00000, 0x0000000672c00000| Untracked 
| 450|0x0000000673000000, 0x0000000673400000, 0x0000000673400000|100%| O|  |TAMS 0x0000000673000000, 0x0000000673000000| Untracked 
| 451|0x0000000673400000, 0x0000000673800000, 0x0000000673800000|100%| O|  |TAMS 0x0000000673400000, 0x0000000673400000| Untracked 
| 452|0x0000000673800000, 0x0000000673c00000, 0x0000000673c00000|100%| O|  |TAMS 0x0000000673800000, 0x0000000673800000| Untracked 
| 453|0x0000000673c00000, 0x0000000674000000, 0x0000000674000000|100%| O|  |TAMS 0x0000000673c00000, 0x0000000673c00000| Untracked 
| 454|0x0000000674000000, 0x0000000674400000, 0x0000000674400000|100%| O|  |TAMS 0x0000000674000000, 0x0000000674000000| Untracked 
| 455|0x0000000674400000, 0x0000000674800000, 0x0000000674800000|100%| O|  |TAMS 0x0000000674400000, 0x0000000674400000| Untracked 
| 456|0x0000000674800000, 0x0000000674c00000, 0x0000000674c00000|100%| O|  |TAMS 0x0000000674800000, 0x0000000674800000| Untracked 
| 457|0x0000000674c00000, 0x0000000675000000, 0x0000000675000000|100%| O|  |TAMS 0x0000000674c00000, 0x0000000674c00000| Untracked 
| 458|0x0000000675000000, 0x0000000675400000, 0x0000000675400000|100%| O|  |TAMS 0x0000000675000000, 0x0000000675000000| Untracked 
| 459|0x0000000675400000, 0x0000000675800000, 0x0000000675800000|100%| O|  |TAMS 0x0000000675400000, 0x0000000675400000| Untracked 
| 460|0x0000000675800000, 0x0000000675c00000, 0x0000000675c00000|100%| O|  |TAMS 0x0000000675800000, 0x0000000675800000| Untracked 
| 461|0x0000000675c00000, 0x0000000676000000, 0x0000000676000000|100%| O|  |TAMS 0x0000000675c00000, 0x0000000675c00000| Untracked 
| 462|0x0000000676000000, 0x0000000676400000, 0x0000000676400000|100%| O|  |TAMS 0x0000000676000000, 0x0000000676000000| Untracked 
| 463|0x0000000676400000, 0x0000000676800000, 0x0000000676800000|100%| O|  |TAMS 0x0000000676400000, 0x0000000676400000| Untracked 
| 464|0x0000000676800000, 0x0000000676c00000, 0x0000000676c00000|100%| O|  |TAMS 0x0000000676800000, 0x0000000676800000| Untracked 
| 465|0x0000000676c00000, 0x0000000677000000, 0x0000000677000000|100%| O|  |TAMS 0x0000000676c00000, 0x0000000676c00000| Untracked 
| 466|0x0000000677000000, 0x0000000677400000, 0x0000000677400000|100%| O|  |TAMS 0x0000000677000000, 0x0000000677000000| Untracked 
| 467|0x0000000677400000, 0x0000000677800000, 0x0000000677800000|100%| O|  |TAMS 0x0000000677400000, 0x0000000677400000| Untracked 
| 468|0x0000000677800000, 0x0000000677c00000, 0x0000000677c00000|100%| O|  |TAMS 0x0000000677800000, 0x0000000677800000| Untracked 
| 469|0x0000000677c00000, 0x0000000678000000, 0x0000000678000000|100%| O|  |TAMS 0x0000000677c00000, 0x0000000677c00000| Untracked 
| 470|0x0000000678000000, 0x0000000678400000, 0x0000000678400000|100%| O|  |TAMS 0x0000000678000000, 0x0000000678000000| Untracked 
| 471|0x0000000678400000, 0x0000000678800000, 0x0000000678800000|100%| O|  |TAMS 0x0000000678400000, 0x0000000678400000| Untracked 
| 472|0x0000000678800000, 0x0000000678c00000, 0x0000000678c00000|100%| O|  |TAMS 0x0000000678800000, 0x0000000678800000| Untracked 
| 473|0x0000000678c00000, 0x0000000679000000, 0x0000000679000000|100%| O|  |TAMS 0x0000000678c00000, 0x0000000678c00000| Untracked 
| 474|0x0000000679000000, 0x0000000679400000, 0x0000000679400000|100%| O|  |TAMS 0x0000000679000000, 0x0000000679000000| Untracked 
| 475|0x0000000679400000, 0x0000000679800000, 0x0000000679800000|100%| O|  |TAMS 0x0000000679400000, 0x0000000679400000| Untracked 
| 476|0x0000000679800000, 0x0000000679c00000, 0x0000000679c00000|100%| O|  |TAMS 0x0000000679800000, 0x0000000679800000| Untracked 
| 477|0x0000000679c00000, 0x000000067a000000, 0x000000067a000000|100%| O|  |TAMS 0x0000000679c00000, 0x0000000679c00000| Untracked 
| 478|0x000000067a000000, 0x000000067a400000, 0x000000067a400000|100%| O|  |TAMS 0x000000067a000000, 0x000000067a000000| Untracked 
| 479|0x000000067a400000, 0x000000067a800000, 0x000000067a800000|100%| O|  |TAMS 0x000000067a400000, 0x000000067a400000| Untracked 
| 480|0x000000067a800000, 0x000000067ac00000, 0x000000067ac00000|100%| O|  |TAMS 0x000000067a800000, 0x000000067a800000| Untracked 
| 481|0x000000067ac00000, 0x000000067b000000, 0x000000067b000000|100%| O|  |TAMS 0x000000067ac00000, 0x000000067ac00000| Untracked 
| 482|0x000000067b000000, 0x000000067b400000, 0x000000067b400000|100%| O|  |TAMS 0x000000067b000000, 0x000000067b000000| Untracked 
| 483|0x000000067b400000, 0x000000067b800000, 0x000000067b800000|100%| O|  |TAMS 0x000000067b400000, 0x000000067b400000| Untracked 
| 484|0x000000067b800000, 0x000000067bc00000, 0x000000067bc00000|100%| O|  |TAMS 0x000000067b800000, 0x000000067b800000| Untracked 
| 485|0x000000067bc00000, 0x000000067c000000, 0x000000067c000000|100%| O|  |TAMS 0x000000067bc00000, 0x000000067bc00000| Untracked 
| 486|0x000000067c000000, 0x000000067c400000, 0x000000067c400000|100%| O|  |TAMS 0x000000067c000000, 0x000000067c000000| Untracked 
| 487|0x000000067c400000, 0x000000067c800000, 0x000000067c800000|100%| O|  |TAMS 0x000000067c400000, 0x000000067c400000| Untracked 
| 488|0x000000067c800000, 0x000000067cc00000, 0x000000067cc00000|100%| O|  |TAMS 0x000000067c800000, 0x000000067c800000| Untracked 
| 489|0x000000067cc00000, 0x000000067d000000, 0x000000067d000000|100%| O|  |TAMS 0x000000067cc00000, 0x000000067cc00000| Untracked 
| 490|0x000000067d000000, 0x000000067d400000, 0x000000067d400000|100%| O|  |TAMS 0x000000067d000000, 0x000000067d000000| Untracked 
| 491|0x000000067d400000, 0x000000067d800000, 0x000000067d800000|100%| O|  |TAMS 0x000000067d400000, 0x000000067d400000| Untracked 
| 492|0x000000067d800000, 0x000000067dc00000, 0x000000067dc00000|100%| O|  |TAMS 0x000000067d800000, 0x000000067d800000| Untracked 
| 493|0x000000067dc00000, 0x000000067e000000, 0x000000067e000000|100%| O|  |TAMS 0x000000067dc00000, 0x000000067dc00000| Untracked 
| 494|0x000000067e000000, 0x000000067e400000, 0x000000067e400000|100%| O|  |TAMS 0x000000067e000000, 0x000000067e000000| Untracked 
| 495|0x000000067e400000, 0x000000067e800000, 0x000000067e800000|100%| O|  |TAMS 0x000000067e400000, 0x000000067e400000| Untracked 
| 496|0x000000067e800000, 0x000000067ec00000, 0x000000067ec00000|100%| O|  |TAMS 0x000000067e800000, 0x000000067e800000| Untracked 
| 497|0x000000067ec00000, 0x000000067f000000, 0x000000067f000000|100%| O|  |TAMS 0x000000067ec00000, 0x000000067ec00000| Untracked 
| 498|0x000000067f000000, 0x000000067f400000, 0x000000067f400000|100%| O|  |TAMS 0x000000067f000000, 0x000000067f000000| Untracked 
| 499|0x000000067f400000, 0x000000067f800000, 0x000000067f800000|100%| O|  |TAMS 0x000000067f400000, 0x000000067f400000| Untracked 
| 500|0x000000067f800000, 0x000000067fc00000, 0x000000067fc00000|100%| O|  |TAMS 0x000000067f800000, 0x000000067f800000| Untracked 
| 501|0x000000067fc00000, 0x0000000680000000, 0x0000000680000000|100%| O|  |TAMS 0x000000067fc00000, 0x000000067fc00000| Untracked 
| 502|0x0000000680000000, 0x0000000680400000, 0x0000000680400000|100%| O|  |TAMS 0x0000000680000000, 0x0000000680000000| Untracked 
| 503|0x0000000680400000, 0x0000000680800000, 0x0000000680800000|100%| O|  |TAMS 0x0000000680400000, 0x0000000680400000| Untracked 
| 504|0x0000000680800000, 0x0000000680c00000, 0x0000000680c00000|100%| O|  |TAMS 0x0000000680800000, 0x0000000680800000| Untracked 
| 505|0x0000000680c00000, 0x0000000681000000, 0x0000000681000000|100%| O|  |TAMS 0x0000000680c00000, 0x0000000680c00000| Untracked 
| 506|0x0000000681000000, 0x0000000681400000, 0x0000000681400000|100%| O|  |TAMS 0x0000000681000000, 0x0000000681000000| Untracked 
| 507|0x0000000681400000, 0x0000000681800000, 0x0000000681800000|100%| O|  |TAMS 0x0000000681400000, 0x0000000681400000| Untracked 
| 508|0x0000000681800000, 0x0000000681c00000, 0x0000000681c00000|100%| O|  |TAMS 0x0000000681800000, 0x0000000681800000| Untracked 
| 509|0x0000000681c00000, 0x0000000682000000, 0x0000000682000000|100%| O|  |TAMS 0x0000000681c00000, 0x0000000681c00000| Untracked 
| 510|0x0000000682000000, 0x0000000682400000, 0x0000000682400000|100%| O|  |TAMS 0x0000000682000000, 0x0000000682000000| Untracked 
| 511|0x0000000682400000, 0x0000000682800000, 0x0000000682800000|100%| O|  |TAMS 0x0000000682400000, 0x0000000682400000| Untracked 
| 512|0x0000000682800000, 0x0000000682c00000, 0x0000000682c00000|100%| O|  |TAMS 0x0000000682800000, 0x0000000682800000| Untracked 
| 513|0x0000000682c00000, 0x0000000683000000, 0x0000000683000000|100%| O|  |TAMS 0x0000000682c00000, 0x0000000682c00000| Untracked 
| 514|0x0000000683000000, 0x0000000683400000, 0x0000000683400000|100%| O|  |TAMS 0x0000000683000000, 0x0000000683000000| Untracked 
| 515|0x0000000683400000, 0x0000000683800000, 0x0000000683800000|100%| O|  |TAMS 0x0000000683400000, 0x0000000683400000| Untracked 
| 516|0x0000000683800000, 0x0000000683c00000, 0x0000000683c00000|100%| O|  |TAMS 0x0000000683800000, 0x0000000683800000| Untracked 
| 517|0x0000000683c00000, 0x0000000684000000, 0x0000000684000000|100%| O|  |TAMS 0x0000000683c00000, 0x0000000683c00000| Untracked 
| 518|0x0000000684000000, 0x0000000684400000, 0x0000000684400000|100%| O|  |TAMS 0x0000000684000000, 0x0000000684000000| Untracked 
| 519|0x0000000684400000, 0x0000000684800000, 0x0000000684800000|100%| O|  |TAMS 0x0000000684400000, 0x0000000684400000| Untracked 
| 520|0x0000000684800000, 0x0000000684c00000, 0x0000000684c00000|100%| O|  |TAMS 0x0000000684800000, 0x0000000684800000| Untracked 
| 521|0x0000000684c00000, 0x0000000685000000, 0x0000000685000000|100%| O|  |TAMS 0x0000000684c00000, 0x0000000684c00000| Untracked 
| 522|0x0000000685000000, 0x0000000685400000, 0x0000000685400000|100%| O|  |TAMS 0x0000000685000000, 0x0000000685000000| Untracked 
| 523|0x0000000685400000, 0x0000000685800000, 0x0000000685800000|100%| O|  |TAMS 0x0000000685400000, 0x0000000685400000| Untracked 
| 524|0x0000000685800000, 0x0000000685c00000, 0x0000000685c00000|100%| O|  |TAMS 0x0000000685800000, 0x0000000685800000| Untracked 
| 525|0x0000000685c00000, 0x0000000686000000, 0x0000000686000000|100%| O|  |TAMS 0x0000000685c00000, 0x0000000685c00000| Untracked 
| 526|0x0000000686000000, 0x0000000686400000, 0x0000000686400000|100%| O|  |TAMS 0x0000000686000000, 0x0000000686000000| Untracked 
| 527|0x0000000686400000, 0x0000000686800000, 0x0000000686800000|100%| O|  |TAMS 0x0000000686400000, 0x0000000686400000| Untracked 
| 528|0x0000000686800000, 0x0000000686c00000, 0x0000000686c00000|100%| O|  |TAMS 0x0000000686800000, 0x0000000686800000| Untracked 
| 529|0x0000000686c00000, 0x0000000687000000, 0x0000000687000000|100%| O|  |TAMS 0x0000000686c00000, 0x0000000686c00000| Untracked 
| 530|0x0000000687000000, 0x0000000687400000, 0x0000000687400000|100%| O|  |TAMS 0x0000000687000000, 0x0000000687000000| Untracked 
| 531|0x0000000687400000, 0x0000000687800000, 0x0000000687800000|100%| O|  |TAMS 0x0000000687400000, 0x0000000687400000| Untracked 
| 532|0x0000000687800000, 0x0000000687c00000, 0x0000000687c00000|100%| O|  |TAMS 0x0000000687800000, 0x0000000687800000| Untracked 
| 533|0x0000000687c00000, 0x0000000688000000, 0x0000000688000000|100%| O|  |TAMS 0x0000000687c00000, 0x0000000687c00000| Untracked 
| 534|0x0000000688000000, 0x0000000688400000, 0x0000000688400000|100%| O|  |TAMS 0x0000000688000000, 0x0000000688000000| Untracked 
| 535|0x0000000688400000, 0x0000000688800000, 0x0000000688800000|100%| O|  |TAMS 0x0000000688400000, 0x0000000688400000| Untracked 
| 536|0x0000000688800000, 0x0000000688c00000, 0x0000000688c00000|100%| O|  |TAMS 0x0000000688800000, 0x0000000688800000| Untracked 
| 537|0x0000000688c00000, 0x0000000689000000, 0x0000000689000000|100%| O|  |TAMS 0x0000000688c00000, 0x0000000688c00000| Untracked 
| 538|0x0000000689000000, 0x0000000689400000, 0x0000000689400000|100%| O|  |TAMS 0x0000000689000000, 0x0000000689000000| Untracked 
| 539|0x0000000689400000, 0x0000000689800000, 0x0000000689800000|100%| O|  |TAMS 0x0000000689400000, 0x0000000689400000| Untracked 
| 540|0x0000000689800000, 0x0000000689c00000, 0x0000000689c00000|100%| O|  |TAMS 0x0000000689800000, 0x0000000689800000| Untracked 
| 541|0x0000000689c00000, 0x000000068a000000, 0x000000068a000000|100%| O|  |TAMS 0x0000000689c00000, 0x0000000689c00000| Untracked 
| 542|0x000000068a000000, 0x000000068a400000, 0x000000068a400000|100%| O|  |TAMS 0x000000068a000000, 0x000000068a000000| Untracked 
| 543|0x000000068a400000, 0x000000068a800000, 0x000000068a800000|100%| O|  |TAMS 0x000000068a400000, 0x000000068a400000| Untracked 
| 544|0x000000068a800000, 0x000000068ac00000, 0x000000068ac00000|100%| O|  |TAMS 0x000000068a800000, 0x000000068a800000| Untracked 
| 545|0x000000068ac00000, 0x000000068b000000, 0x000000068b000000|100%| O|  |TAMS 0x000000068ac00000, 0x000000068ac00000| Untracked 
| 546|0x000000068b000000, 0x000000068b400000, 0x000000068b400000|100%| O|  |TAMS 0x000000068b000000, 0x000000068b000000| Untracked 
| 547|0x000000068b400000, 0x000000068b800000, 0x000000068b800000|100%| O|  |TAMS 0x000000068b400000, 0x000000068b400000| Untracked 
| 548|0x000000068b800000, 0x000000068bc00000, 0x000000068bc00000|100%| O|  |TAMS 0x000000068b800000, 0x000000068b800000| Untracked 
| 549|0x000000068bc00000, 0x000000068c000000, 0x000000068c000000|100%| O|  |TAMS 0x000000068bc00000, 0x000000068bc00000| Untracked 
| 550|0x000000068c000000, 0x000000068c400000, 0x000000068c400000|100%| O|  |TAMS 0x000000068c000000, 0x000000068c000000| Untracked 
| 551|0x000000068c400000, 0x000000068c800000, 0x000000068c800000|100%| O|  |TAMS 0x000000068c400000, 0x000000068c400000| Untracked 
| 552|0x000000068c800000, 0x000000068cc00000, 0x000000068cc00000|100%| O|  |TAMS 0x000000068c800000, 0x000000068c800000| Untracked 
| 553|0x000000068cc00000, 0x000000068d000000, 0x000000068d000000|100%| O|  |TAMS 0x000000068cc00000, 0x000000068cc00000| Untracked 
| 554|0x000000068d000000, 0x000000068d400000, 0x000000068d400000|100%| O|  |TAMS 0x000000068d000000, 0x000000068d000000| Untracked 
| 555|0x000000068d400000, 0x000000068d800000, 0x000000068d800000|100%| O|  |TAMS 0x000000068d400000, 0x000000068d400000| Untracked 
| 556|0x000000068d800000, 0x000000068dc00000, 0x000000068dc00000|100%| O|  |TAMS 0x000000068d800000, 0x000000068d800000| Untracked 
| 557|0x000000068dc00000, 0x000000068e000000, 0x000000068e000000|100%| O|  |TAMS 0x000000068dc00000, 0x000000068dc00000| Untracked 
| 558|0x000000068e000000, 0x000000068e400000, 0x000000068e400000|100%| O|  |TAMS 0x000000068e000000, 0x000000068e000000| Untracked 
| 559|0x000000068e400000, 0x000000068e800000, 0x000000068e800000|100%| O|  |TAMS 0x000000068e400000, 0x000000068e400000| Untracked 
| 560|0x000000068e800000, 0x000000068ec00000, 0x000000068ec00000|100%| O|  |TAMS 0x000000068e800000, 0x000000068e800000| Untracked 
| 561|0x000000068ec00000, 0x000000068f000000, 0x000000068f000000|100%| O|  |TAMS 0x000000068ec00000, 0x000000068ec00000| Untracked 
| 562|0x000000068f000000, 0x000000068f400000, 0x000000068f400000|100%| O|  |TAMS 0x000000068f000000, 0x000000068f000000| Untracked 
| 563|0x000000068f400000, 0x000000068f800000, 0x000000068f800000|100%| O|  |TAMS 0x000000068f400000, 0x000000068f400000| Untracked 
| 564|0x000000068f800000, 0x000000068fc00000, 0x000000068fc00000|100%| O|  |TAMS 0x000000068f800000, 0x000000068f800000| Untracked 
| 565|0x000000068fc00000, 0x0000000690000000, 0x0000000690000000|100%| O|  |TAMS 0x000000068fc00000, 0x000000068fc00000| Untracked 
| 566|0x0000000690000000, 0x0000000690400000, 0x0000000690400000|100%| O|  |TAMS 0x0000000690000000, 0x0000000690000000| Untracked 
| 567|0x0000000690400000, 0x0000000690800000, 0x0000000690800000|100%| O|  |TAMS 0x0000000690400000, 0x0000000690400000| Untracked 
| 568|0x0000000690800000, 0x0000000690c00000, 0x0000000690c00000|100%| O|  |TAMS 0x0000000690800000, 0x0000000690800000| Untracked 
| 569|0x0000000690c00000, 0x0000000691000000, 0x0000000691000000|100%| O|  |TAMS 0x0000000690c00000, 0x0000000690c00000| Untracked 
| 570|0x0000000691000000, 0x0000000691400000, 0x0000000691400000|100%| O|  |TAMS 0x0000000691000000, 0x0000000691000000| Untracked 
| 571|0x0000000691400000, 0x0000000691800000, 0x0000000691800000|100%| O|  |TAMS 0x0000000691400000, 0x0000000691400000| Untracked 
| 572|0x0000000691800000, 0x0000000691c00000, 0x0000000691c00000|100%| O|  |TAMS 0x0000000691800000, 0x0000000691800000| Untracked 
| 573|0x0000000691c00000, 0x0000000692000000, 0x0000000692000000|100%| O|  |TAMS 0x0000000691c00000, 0x0000000691c00000| Untracked 
| 574|0x0000000692000000, 0x0000000692400000, 0x0000000692400000|100%| O|  |TAMS 0x0000000692000000, 0x0000000692000000| Untracked 
| 575|0x0000000692400000, 0x0000000692800000, 0x0000000692800000|100%| O|  |TAMS 0x0000000692400000, 0x0000000692400000| Untracked 
| 576|0x0000000692800000, 0x0000000692c00000, 0x0000000692c00000|100%| O|  |TAMS 0x0000000692800000, 0x0000000692800000| Untracked 
| 577|0x0000000692c00000, 0x0000000693000000, 0x0000000693000000|100%| O|  |TAMS 0x0000000692c00000, 0x0000000692c00000| Untracked 
| 578|0x0000000693000000, 0x0000000693400000, 0x0000000693400000|100%| O|  |TAMS 0x0000000693000000, 0x0000000693000000| Untracked 
| 579|0x0000000693400000, 0x0000000693800000, 0x0000000693800000|100%| O|  |TAMS 0x0000000693400000, 0x0000000693400000| Untracked 
| 580|0x0000000693800000, 0x0000000693c00000, 0x0000000693c00000|100%| O|  |TAMS 0x0000000693800000, 0x0000000693800000| Untracked 
| 581|0x0000000693c00000, 0x0000000694000000, 0x0000000694000000|100%| O|  |TAMS 0x0000000693c00000, 0x0000000693c00000| Untracked 
| 582|0x0000000694000000, 0x0000000694400000, 0x0000000694400000|100%| O|  |TAMS 0x0000000694000000, 0x0000000694000000| Untracked 
| 583|0x0000000694400000, 0x0000000694800000, 0x0000000694800000|100%| O|  |TAMS 0x0000000694400000, 0x0000000694400000| Untracked 
| 584|0x0000000694800000, 0x0000000694c00000, 0x0000000694c00000|100%| O|  |TAMS 0x0000000694800000, 0x0000000694800000| Untracked 
| 585|0x0000000694c00000, 0x0000000695000000, 0x0000000695000000|100%| O|  |TAMS 0x0000000694c00000, 0x0000000694c00000| Untracked 
| 586|0x0000000695000000, 0x0000000695400000, 0x0000000695400000|100%| O|  |TAMS 0x0000000695000000, 0x0000000695000000| Untracked 
| 587|0x0000000695400000, 0x0000000695800000, 0x0000000695800000|100%| O|  |TAMS 0x0000000695400000, 0x0000000695400000| Untracked 
| 588|0x0000000695800000, 0x0000000695c00000, 0x0000000695c00000|100%| O|  |TAMS 0x0000000695800000, 0x0000000695800000| Untracked 
| 589|0x0000000695c00000, 0x0000000696000000, 0x0000000696000000|100%| O|  |TAMS 0x0000000695c00000, 0x0000000695c00000| Untracked 
| 590|0x0000000696000000, 0x0000000696400000, 0x0000000696400000|100%| O|  |TAMS 0x0000000696000000, 0x0000000696000000| Untracked 
| 591|0x0000000696400000, 0x0000000696800000, 0x0000000696800000|100%| O|  |TAMS 0x0000000696400000, 0x0000000696400000| Untracked 
| 592|0x0000000696800000, 0x0000000696c00000, 0x0000000696c00000|100%| O|  |TAMS 0x0000000696800000, 0x0000000696800000| Untracked 
| 593|0x0000000696c00000, 0x0000000697000000, 0x0000000697000000|100%| O|  |TAMS 0x0000000696c00000, 0x0000000696c00000| Untracked 
| 594|0x0000000697000000, 0x0000000697400000, 0x0000000697400000|100%| O|  |TAMS 0x0000000697000000, 0x0000000697000000| Untracked 
| 595|0x0000000697400000, 0x0000000697800000, 0x0000000697800000|100%| O|  |TAMS 0x0000000697400000, 0x0000000697400000| Untracked 
| 596|0x0000000697800000, 0x0000000697c00000, 0x0000000697c00000|100%| O|  |TAMS 0x0000000697800000, 0x0000000697800000| Untracked 
| 597|0x0000000697c00000, 0x0000000698000000, 0x0000000698000000|100%| O|  |TAMS 0x0000000697c00000, 0x0000000697c00000| Untracked 
| 598|0x0000000698000000, 0x0000000698400000, 0x0000000698400000|100%| O|  |TAMS 0x0000000698000000, 0x0000000698000000| Untracked 
| 599|0x0000000698400000, 0x0000000698800000, 0x0000000698800000|100%| O|  |TAMS 0x0000000698400000, 0x0000000698400000| Untracked 
| 600|0x0000000698800000, 0x0000000698c00000, 0x0000000698c00000|100%| O|  |TAMS 0x0000000698800000, 0x0000000698800000| Untracked 
| 601|0x0000000698c00000, 0x0000000699000000, 0x0000000699000000|100%| O|  |TAMS 0x0000000698c00000, 0x0000000698c00000| Untracked 
| 602|0x0000000699000000, 0x0000000699400000, 0x0000000699400000|100%| O|  |TAMS 0x0000000699000000, 0x0000000699000000| Untracked 
| 603|0x0000000699400000, 0x0000000699800000, 0x0000000699800000|100%| O|  |TAMS 0x0000000699400000, 0x0000000699400000| Untracked 
| 604|0x0000000699800000, 0x0000000699c00000, 0x0000000699c00000|100%| O|  |TAMS 0x0000000699800000, 0x0000000699800000| Untracked 
| 605|0x0000000699c00000, 0x000000069a000000, 0x000000069a000000|100%| O|  |TAMS 0x0000000699c00000, 0x0000000699c00000| Untracked 
| 606|0x000000069a000000, 0x000000069a400000, 0x000000069a400000|100%| O|  |TAMS 0x000000069a000000, 0x000000069a000000| Untracked 
| 607|0x000000069a400000, 0x000000069a800000, 0x000000069a800000|100%| O|  |TAMS 0x000000069a400000, 0x000000069a400000| Untracked 
| 608|0x000000069a800000, 0x000000069ac00000, 0x000000069ac00000|100%| O|  |TAMS 0x000000069a800000, 0x000000069a800000| Untracked 
| 609|0x000000069ac00000, 0x000000069b000000, 0x000000069b000000|100%| O|  |TAMS 0x000000069ac00000, 0x000000069ac00000| Untracked 
| 610|0x000000069b000000, 0x000000069b400000, 0x000000069b400000|100%| O|  |TAMS 0x000000069b000000, 0x000000069b000000| Untracked 
| 611|0x000000069b400000, 0x000000069b800000, 0x000000069b800000|100%| O|  |TAMS 0x000000069b400000, 0x000000069b400000| Untracked 
| 612|0x000000069b800000, 0x000000069bc00000, 0x000000069bc00000|100%| O|  |TAMS 0x000000069b800000, 0x000000069b800000| Untracked 
| 613|0x000000069bc00000, 0x000000069c000000, 0x000000069c000000|100%| O|  |TAMS 0x000000069bc00000, 0x000000069bc00000| Untracked 
| 614|0x000000069c000000, 0x000000069c400000, 0x000000069c400000|100%| O|  |TAMS 0x000000069c000000, 0x000000069c000000| Untracked 
| 615|0x000000069c400000, 0x000000069c800000, 0x000000069c800000|100%| O|  |TAMS 0x000000069c400000, 0x000000069c400000| Untracked 
| 616|0x000000069c800000, 0x000000069cc00000, 0x000000069cc00000|100%| O|  |TAMS 0x000000069c800000, 0x000000069c800000| Untracked 
| 617|0x000000069cc00000, 0x000000069d000000, 0x000000069d000000|100%| O|  |TAMS 0x000000069cc00000, 0x000000069cc00000| Untracked 
| 618|0x000000069d000000, 0x000000069d400000, 0x000000069d400000|100%| O|  |TAMS 0x000000069d000000, 0x000000069d000000| Untracked 
| 619|0x000000069d400000, 0x000000069d800000, 0x000000069d800000|100%| O|  |TAMS 0x000000069d400000, 0x000000069d400000| Untracked 
| 620|0x000000069d800000, 0x000000069dc00000, 0x000000069dc00000|100%| O|  |TAMS 0x000000069d800000, 0x000000069d800000| Untracked 
| 621|0x000000069dc00000, 0x000000069e000000, 0x000000069e000000|100%| O|  |TAMS 0x000000069dc00000, 0x000000069dc00000| Untracked 
| 622|0x000000069e000000, 0x000000069e400000, 0x000000069e400000|100%| O|  |TAMS 0x000000069e000000, 0x000000069e000000| Untracked 
| 623|0x000000069e400000, 0x000000069e800000, 0x000000069e800000|100%| O|  |TAMS 0x000000069e400000, 0x000000069e400000| Untracked 
| 624|0x000000069e800000, 0x000000069ec00000, 0x000000069ec00000|100%| O|  |TAMS 0x000000069e800000, 0x000000069e800000| Untracked 
| 625|0x000000069ec00000, 0x000000069f000000, 0x000000069f000000|100%| O|  |TAMS 0x000000069ec00000, 0x000000069ec00000| Untracked 
| 626|0x000000069f000000, 0x000000069f400000, 0x000000069f400000|100%| O|  |TAMS 0x000000069f000000, 0x000000069f000000| Untracked 
| 627|0x000000069f400000, 0x000000069f800000, 0x000000069f800000|100%| O|  |TAMS 0x000000069f400000, 0x000000069f400000| Untracked 
| 628|0x000000069f800000, 0x000000069fc00000, 0x000000069fc00000|100%| O|  |TAMS 0x000000069f800000, 0x000000069f800000| Untracked 
| 629|0x000000069fc00000, 0x00000006a0000000, 0x00000006a0000000|100%| O|  |TAMS 0x000000069fc00000, 0x000000069fc00000| Untracked 
| 630|0x00000006a0000000, 0x00000006a0400000, 0x00000006a0400000|100%| O|  |TAMS 0x00000006a0000000, 0x00000006a0000000| Untracked 
| 631|0x00000006a0400000, 0x00000006a0800000, 0x00000006a0800000|100%| O|  |TAMS 0x00000006a0400000, 0x00000006a0400000| Untracked 
| 632|0x00000006a0800000, 0x00000006a0c00000, 0x00000006a0c00000|100%| O|  |TAMS 0x00000006a0800000, 0x00000006a0800000| Untracked 
| 633|0x00000006a0c00000, 0x00000006a1000000, 0x00000006a1000000|100%| O|  |TAMS 0x00000006a0c00000, 0x00000006a0c00000| Untracked 
| 634|0x00000006a1000000, 0x00000006a1400000, 0x00000006a1400000|100%| O|  |TAMS 0x00000006a1000000, 0x00000006a1000000| Untracked 
| 635|0x00000006a1400000, 0x00000006a1800000, 0x00000006a1800000|100%| O|  |TAMS 0x00000006a1400000, 0x00000006a1400000| Untracked 
| 636|0x00000006a1800000, 0x00000006a1c00000, 0x00000006a1c00000|100%| O|  |TAMS 0x00000006a1800000, 0x00000006a1800000| Untracked 
| 637|0x00000006a1c00000, 0x00000006a2000000, 0x00000006a2000000|100%| O|  |TAMS 0x00000006a1c00000, 0x00000006a1c00000| Untracked 
| 638|0x00000006a2000000, 0x00000006a2400000, 0x00000006a2400000|100%| O|  |TAMS 0x00000006a2000000, 0x00000006a2000000| Untracked 
| 639|0x00000006a2400000, 0x00000006a2800000, 0x00000006a2800000|100%| O|  |TAMS 0x00000006a2400000, 0x00000006a2400000| Untracked 
| 640|0x00000006a2800000, 0x00000006a2c00000, 0x00000006a2c00000|100%| O|  |TAMS 0x00000006a2800000, 0x00000006a2800000| Untracked 
| 641|0x00000006a2c00000, 0x00000006a3000000, 0x00000006a3000000|100%| O|  |TAMS 0x00000006a2c00000, 0x00000006a2c00000| Untracked 
| 642|0x00000006a3000000, 0x00000006a3400000, 0x00000006a3400000|100%| O|  |TAMS 0x00000006a3000000, 0x00000006a3000000| Untracked 
| 643|0x00000006a3400000, 0x00000006a3800000, 0x00000006a3800000|100%| O|  |TAMS 0x00000006a3400000, 0x00000006a3400000| Untracked 
| 644|0x00000006a3800000, 0x00000006a3c00000, 0x00000006a3c00000|100%| O|  |TAMS 0x00000006a3800000, 0x00000006a3800000| Untracked 
| 645|0x00000006a3c00000, 0x00000006a4000000, 0x00000006a4000000|100%| O|  |TAMS 0x00000006a3c00000, 0x00000006a3c00000| Untracked 
| 646|0x00000006a4000000, 0x00000006a4400000, 0x00000006a4400000|100%| O|  |TAMS 0x00000006a4000000, 0x00000006a4000000| Untracked 
| 647|0x00000006a4400000, 0x00000006a4800000, 0x00000006a4800000|100%| O|  |TAMS 0x00000006a4400000, 0x00000006a4400000| Untracked 
| 648|0x00000006a4800000, 0x00000006a4c00000, 0x00000006a4c00000|100%| O|  |TAMS 0x00000006a4800000, 0x00000006a4800000| Untracked 
| 649|0x00000006a4c00000, 0x00000006a5000000, 0x00000006a5000000|100%| O|  |TAMS 0x00000006a4c00000, 0x00000006a4c00000| Untracked 
| 650|0x00000006a5000000, 0x00000006a5400000, 0x00000006a5400000|100%| O|  |TAMS 0x00000006a5000000, 0x00000006a5000000| Untracked 
| 651|0x00000006a5400000, 0x00000006a5800000, 0x00000006a5800000|100%| O|  |TAMS 0x00000006a5400000, 0x00000006a5400000| Untracked 
| 652|0x00000006a5800000, 0x00000006a5c00000, 0x00000006a5c00000|100%| O|  |TAMS 0x00000006a5800000, 0x00000006a5800000| Untracked 
| 653|0x00000006a5c00000, 0x00000006a6000000, 0x00000006a6000000|100%| O|  |TAMS 0x00000006a5c00000, 0x00000006a5c00000| Untracked 
| 654|0x00000006a6000000, 0x00000006a619de00, 0x00000006a6400000| 40%| O|  |TAMS 0x00000006a6000000, 0x00000006a6000000| Untracked 
| 655|0x00000006a6400000, 0x00000006a6400000, 0x00000006a6800000|  0%| F|  |TAMS 0x00000006a6400000, 0x00000006a6400000| Untracked 
| 656|0x00000006a6800000, 0x00000006a6800000, 0x00000006a6c00000|  0%| F|  |TAMS 0x00000006a6800000, 0x00000006a6800000| Untracked 
| 657|0x00000006a6c00000, 0x00000006a6c00000, 0x00000006a7000000|  0%| F|  |TAMS 0x00000006a6c00000, 0x00000006a6c00000| Untracked 
| 658|0x00000006a7000000, 0x00000006a7000000, 0x00000006a7400000|  0%| F|  |TAMS 0x00000006a7000000, 0x00000006a7000000| Untracked 
| 659|0x00000006a7400000, 0x00000006a7400000, 0x00000006a7800000|  0%| F|  |TAMS 0x00000006a7400000, 0x00000006a7400000| Untracked 
| 660|0x00000006a7800000, 0x00000006a7800000, 0x00000006a7c00000|  0%| F|  |TAMS 0x00000006a7800000, 0x00000006a7800000| Untracked 
| 661|0x00000006a7c00000, 0x00000006a7c00000, 0x00000006a8000000|  0%| F|  |TAMS 0x00000006a7c00000, 0x00000006a7c00000| Untracked 
| 662|0x00000006a8000000, 0x00000006a8000000, 0x00000006a8400000|  0%| F|  |TAMS 0x00000006a8000000, 0x00000006a8000000| Untracked 
| 663|0x00000006a8400000, 0x00000006a8400000, 0x00000006a8800000|  0%| F|  |TAMS 0x00000006a8400000, 0x00000006a8400000| Untracked 
| 664|0x00000006a8800000, 0x00000006a8800000, 0x00000006a8c00000|  0%| F|  |TAMS 0x00000006a8800000, 0x00000006a8800000| Untracked 
| 665|0x00000006a8c00000, 0x00000006a8c00000, 0x00000006a9000000|  0%| F|  |TAMS 0x00000006a8c00000, 0x00000006a8c00000| Untracked 
| 666|0x00000006a9000000, 0x00000006a9000000, 0x00000006a9400000|  0%| F|  |TAMS 0x00000006a9000000, 0x00000006a9000000| Untracked 
| 667|0x00000006a9400000, 0x00000006a9400000, 0x00000006a9800000|  0%| F|  |TAMS 0x00000006a9400000, 0x00000006a9400000| Untracked 
| 668|0x00000006a9800000, 0x00000006a9800000, 0x00000006a9c00000|  0%| F|  |TAMS 0x00000006a9800000, 0x00000006a9800000| Untracked 
| 669|0x00000006a9c00000, 0x00000006a9c00000, 0x00000006aa000000|  0%| F|  |TAMS 0x00000006a9c00000, 0x00000006a9c00000| Untracked 
| 670|0x00000006aa000000, 0x00000006aa000000, 0x00000006aa400000|  0%| F|  |TAMS 0x00000006aa000000, 0x00000006aa000000| Untracked 
| 671|0x00000006aa400000, 0x00000006aa400000, 0x00000006aa800000|  0%| F|  |TAMS 0x00000006aa400000, 0x00000006aa400000| Untracked 
| 672|0x00000006aa800000, 0x00000006aa800000, 0x00000006aac00000|  0%| F|  |TAMS 0x00000006aa800000, 0x00000006aa800000| Untracked 
| 673|0x00000006aac00000, 0x00000006aac00000, 0x00000006ab000000|  0%| F|  |TAMS 0x00000006aac00000, 0x00000006aac00000| Untracked 
| 674|0x00000006ab000000, 0x00000006ab000000, 0x00000006ab400000|  0%| F|  |TAMS 0x00000006ab000000, 0x00000006ab000000| Untracked 
| 675|0x00000006ab400000, 0x00000006ab400000, 0x00000006ab800000|  0%| F|  |TAMS 0x00000006ab400000, 0x00000006ab400000| Untracked 
| 676|0x00000006ab800000, 0x00000006ab800000, 0x00000006abc00000|  0%| F|  |TAMS 0x00000006ab800000, 0x00000006ab800000| Untracked 
| 677|0x00000006abc00000, 0x00000006abc00000, 0x00000006ac000000|  0%| F|  |TAMS 0x00000006abc00000, 0x00000006abc00000| Untracked 
| 678|0x00000006ac000000, 0x00000006ac000000, 0x00000006ac400000|  0%| F|  |TAMS 0x00000006ac000000, 0x00000006ac000000| Untracked 
| 679|0x00000006ac400000, 0x00000006ac400000, 0x00000006ac800000|  0%| F|  |TAMS 0x00000006ac400000, 0x00000006ac400000| Untracked 
| 680|0x00000006ac800000, 0x00000006ac800000, 0x00000006acc00000|  0%| F|  |TAMS 0x00000006ac800000, 0x00000006ac800000| Untracked 
| 681|0x00000006acc00000, 0x00000006acc00000, 0x00000006ad000000|  0%| F|  |TAMS 0x00000006acc00000, 0x00000006acc00000| Untracked 
| 682|0x00000006ad000000, 0x00000006ad000000, 0x00000006ad400000|  0%| F|  |TAMS 0x00000006ad000000, 0x00000006ad000000| Untracked 
| 683|0x00000006ad400000, 0x00000006ad400000, 0x00000006ad800000|  0%| F|  |TAMS 0x00000006ad400000, 0x00000006ad400000| Untracked 
| 684|0x00000006ad800000, 0x00000006ad800000, 0x00000006adc00000|  0%| F|  |TAMS 0x00000006ad800000, 0x00000006ad800000| Untracked 
| 685|0x00000006adc00000, 0x00000006ae000000, 0x00000006ae000000|100%| S|CS|TAMS 0x00000006adc00000, 0x00000006adc00000| Complete 
| 686|0x00000006ae000000, 0x00000006ae400000, 0x00000006ae400000|100%| S|CS|TAMS 0x00000006ae000000, 0x00000006ae000000| Complete 
| 687|0x00000006ae400000, 0x00000006ae800000, 0x00000006ae800000|100%| S|CS|TAMS 0x00000006ae400000, 0x00000006ae400000| Complete 
| 688|0x00000006ae800000, 0x00000006aec00000, 0x00000006aec00000|100%| S|CS|TAMS 0x00000006ae800000, 0x00000006ae800000| Complete 
| 689|0x00000006aec00000, 0x00000006af000000, 0x00000006af000000|100%| S|CS|TAMS 0x00000006aec00000, 0x00000006aec00000| Complete 
| 690|0x00000006af000000, 0x00000006af000000, 0x00000006af400000|  0%| F|  |TAMS 0x00000006af000000, 0x00000006af000000| Untracked 
| 691|0x00000006af400000, 0x00000006af400000, 0x00000006af800000|  0%| F|  |TAMS 0x00000006af400000, 0x00000006af400000| Untracked 
| 692|0x00000006af800000, 0x00000006af800000, 0x00000006afc00000|  0%| F|  |TAMS 0x00000006af800000, 0x00000006af800000| Untracked 
| 693|0x00000006afc00000, 0x00000006afc00000, 0x00000006b0000000|  0%| F|  |TAMS 0x00000006afc00000, 0x00000006afc00000| Untracked 
| 694|0x00000006b0000000, 0x00000006b0000000, 0x00000006b0400000|  0%| F|  |TAMS 0x00000006b0000000, 0x00000006b0000000| Untracked 
| 695|0x00000006b0400000, 0x00000006b0400000, 0x00000006b0800000|  0%| F|  |TAMS 0x00000006b0400000, 0x00000006b0400000| Untracked 
| 696|0x00000006b0800000, 0x00000006b0800000, 0x00000006b0c00000|  0%| F|  |TAMS 0x00000006b0800000, 0x00000006b0800000| Untracked 
| 697|0x00000006b0c00000, 0x00000006b0c00000, 0x00000006b1000000|  0%| F|  |TAMS 0x00000006b0c00000, 0x00000006b0c00000| Untracked 
| 698|0x00000006b1000000, 0x00000006b1000000, 0x00000006b1400000|  0%| F|  |TAMS 0x00000006b1000000, 0x00000006b1000000| Untracked 
| 699|0x00000006b1400000, 0x00000006b1400000, 0x00000006b1800000|  0%| F|  |TAMS 0x00000006b1400000, 0x00000006b1400000| Untracked 
| 700|0x00000006b1800000, 0x00000006b1800000, 0x00000006b1c00000|  0%| F|  |TAMS 0x00000006b1800000, 0x00000006b1800000| Untracked 
| 701|0x00000006b1c00000, 0x00000006b1c00000, 0x00000006b2000000|  0%| F|  |TAMS 0x00000006b1c00000, 0x00000006b1c00000| Untracked 
| 702|0x00000006b2000000, 0x00000006b2000000, 0x00000006b2400000|  0%| F|  |TAMS 0x00000006b2000000, 0x00000006b2000000| Untracked 
| 703|0x00000006b2400000, 0x00000006b2400000, 0x00000006b2800000|  0%| F|  |TAMS 0x00000006b2400000, 0x00000006b2400000| Untracked 
| 704|0x00000006b2800000, 0x00000006b2800000, 0x00000006b2c00000|  0%| F|  |TAMS 0x00000006b2800000, 0x00000006b2800000| Untracked 
| 705|0x00000006b2c00000, 0x00000006b2c00000, 0x00000006b3000000|  0%| F|  |TAMS 0x00000006b2c00000, 0x00000006b2c00000| Untracked 
| 706|0x00000006b3000000, 0x00000006b3000000, 0x00000006b3400000|  0%| F|  |TAMS 0x00000006b3000000, 0x00000006b3000000| Untracked 
| 707|0x00000006b3400000, 0x00000006b3400000, 0x00000006b3800000|  0%| F|  |TAMS 0x00000006b3400000, 0x00000006b3400000| Untracked 
| 708|0x00000006b3800000, 0x00000006b3800000, 0x00000006b3c00000|  0%| F|  |TAMS 0x00000006b3800000, 0x00000006b3800000| Untracked 
| 709|0x00000006b3c00000, 0x00000006b3c00000, 0x00000006b4000000|  0%| F|  |TAMS 0x00000006b3c00000, 0x00000006b3c00000| Untracked 
| 710|0x00000006b4000000, 0x00000006b4000000, 0x00000006b4400000|  0%| F|  |TAMS 0x00000006b4000000, 0x00000006b4000000| Untracked 
| 711|0x00000006b4400000, 0x00000006b4400000, 0x00000006b4800000|  0%| F|  |TAMS 0x00000006b4400000, 0x00000006b4400000| Untracked 
| 712|0x00000006b4800000, 0x00000006b4800000, 0x00000006b4c00000|  0%| F|  |TAMS 0x00000006b4800000, 0x00000006b4800000| Untracked 
| 713|0x00000006b4c00000, 0x00000006b4c00000, 0x00000006b5000000|  0%| F|  |TAMS 0x00000006b4c00000, 0x00000006b4c00000| Untracked 
| 714|0x00000006b5000000, 0x00000006b5000000, 0x00000006b5400000|  0%| F|  |TAMS 0x00000006b5000000, 0x00000006b5000000| Untracked 
| 715|0x00000006b5400000, 0x00000006b5400000, 0x00000006b5800000|  0%| F|  |TAMS 0x00000006b5400000, 0x00000006b5400000| Untracked 
| 716|0x00000006b5800000, 0x00000006b5800000, 0x00000006b5c00000|  0%| F|  |TAMS 0x00000006b5800000, 0x00000006b5800000| Untracked 
| 717|0x00000006b5c00000, 0x00000006b5c00000, 0x00000006b6000000|  0%| F|  |TAMS 0x00000006b5c00000, 0x00000006b5c00000| Untracked 
| 718|0x00000006b6000000, 0x00000006b6000000, 0x00000006b6400000|  0%| F|  |TAMS 0x00000006b6000000, 0x00000006b6000000| Untracked 
| 719|0x00000006b6400000, 0x00000006b65dddc8, 0x00000006b6800000| 46%| E|  |TAMS 0x00000006b6400000, 0x00000006b6400000| Complete 
| 720|0x00000006b6800000, 0x00000006b6c00000, 0x00000006b6c00000|100%| E|CS|TAMS 0x00000006b6800000, 0x00000006b6800000| Complete 
|2037|0x00000007ffc00000, 0x0000000800000000, 0x0000000800000000|100%| O|  |TAMS 0x0000000800000000, 0x00000007ffc00000| Untracked 

Card table byte_map: [0x00000236ad8d0000,0x00000236ae8c0000] _byte_map_base: 0x00000236aa8bc000

Marking Bits (Prev, Next): (CMBitMap*) 0x0000023693fbae40, (CMBitMap*) 0x0000023693fbae00
 Prev Bits: [0x00000236b7810000, 0x00000236bf770000)
 Next Bits: [0x00000236af8b0000, 0x00000236b7810000)

Polling page: 0x0000023691e20000

Metaspace:

Usage:
  Non-class:     32.38 MB used.
      Class:      3.86 MB used.
       Both:     36.24 MB used.

Virtual space:
  Non-class space:       64.00 MB reserved,      32.62 MB ( 51%) committed,  1 nodes.
      Class space:        1.00 GB reserved,       4.06 MB ( <1%) committed,  1 nodes.
             Both:        1.06 GB reserved,      36.69 MB (  3%) committed. 

Chunk freelists:
   Non-Class:  14.59 MB
       Class:  11.98 MB
        Both:  26.57 MB

MaxMetaspaceSize: unlimited
CompressedClassSpaceSize: 1.00 GB
Initial GC threshold: 21.00 MB
Current GC threshold: 60.88 MB
CDS: on
MetaspaceReclaimPolicy: balanced
 - commit_granule_bytes: 65536.
 - commit_granule_words: 8192.
 - virtual_space_node_default_size: 8388608.
 - enlarge_chunks_in_place: 1.
 - new_chunks_are_fully_committed: 0.
 - uncommit_free_chunks: 1.
 - use_allocation_guard: 0.
 - handle_deallocations: 1.


Internal statistics:

num_allocs_failed_limit: 3.
num_arena_births: 640.
num_arena_deaths: 6.
num_vsnodes_births: 2.
num_vsnodes_deaths: 0.
num_space_committed: 585.
num_space_uncommitted: 0.
num_chunks_returned_to_freelist: 12.
num_chunks_taken_from_freelist: 1592.
num_chunk_merges: 3.
num_chunk_splits: 952.
num_chunks_enlarged: 594.
num_inconsistent_stats: 0.

CodeHeap 'non-profiled nmethods': size=119168Kb used=4486Kb max_used=4814Kb free=114681Kb
 bounds [0x00000236a49d0000, 0x00000236a4e90000, 0x00000236abe30000]
CodeHeap 'profiled nmethods': size=119104Kb used=10047Kb max_used=11207Kb free=109056Kb
 bounds [0x000002369ce30000, 0x000002369d930000, 0x00000236a4280000]
CodeHeap 'non-nmethods': size=7488Kb used=2537Kb max_used=3722Kb free=4950Kb
 bounds [0x00000236a4280000, 0x00000236a4630000, 0x00000236a49d0000]
 total_blobs=7288 nmethods=5781 adapters=1418
 compilation: enabled
              stopped_count=0, restarted_count=0
 full_count=0

Compilation events (20 events):
Event: 44.118 Thread 0x00000236c2b20520 nmethod 7265 0x00000236a4cfd510 code [0x00000236a4cfd6a0, 0x00000236a4cfd9b8]
Event: 44.779 Thread 0x00000236c2b2ac80 7266       3       java.util.Arrays::sort (47 bytes)
Event: 44.779 Thread 0x00000236c2b2ac80 nmethod 7266 0x000002369d7b5c10 code [0x000002369d7b5de0, 0x000002369d7b6028]
Event: 44.779 Thread 0x00000236c2b2ac80 7267       3       java.util.ArrayList::sort (45 bytes)
Event: 44.779 Thread 0x00000236c2b2ac80 nmethod 7267 0x000002369d861e90 code [0x000002369d862040, 0x000002369d8622b8]
Event: 44.780 Thread 0x00000236c2b2ac80 7268       3       com.jme3.anim.interpolator.AnimInterpolators$1::interpolate (15 bytes)
Event: 44.780 Thread 0x00000236c2b20520 7273       4       com.jme3.math.Vector3f::subtractLocal (32 bytes)
Event: 44.780 Thread 0x00000236c2b20520 nmethod 7273 0x00000236a4cfd210 code [0x00000236a4cfd380, 0x00000236a4cfd438]
Event: 44.780 Thread 0x00000236c2b2ac80 nmethod 7268 0x000002369ce54e10 code [0x000002369ce550a0, 0x000002369ce55e08]
Event: 44.780 Thread 0x00000236c2b20520 7279       4       com.jme3.util.SortUtil::msort (48 bytes)
Event: 44.780 Thread 0x00000236c2b2ac80 7275       3       com.jme3.effect.ParticleEmitter::freeParticle (103 bytes)
Event: 44.781 Thread 0x00000236c2b2ac80 nmethod 7275 0x000002369d7a3490 code [0x000002369d7a3640, 0x000002369d7a39d8]
Event: 44.781 Thread 0x00000236c2b2ac80 7274       3       com.jme3.effect.shapes.EmitterPointShape::getRandomPoint (10 bytes)
Event: 44.781 Thread 0x00000237197cbce0 7277       3       com.jme3.effect.influencers.DefaultParticleInfluencer::applyVelocityVariation (81 bytes)
Event: 44.781 Thread 0x00000236c2b2ac80 nmethod 7274 0x000002369d844190 code [0x000002369d844320, 0x000002369d8444b8]
Event: 44.781 Thread 0x00000236c2b2ac80 7278       3       com.jme3.math.Transform::transformVector (40 bytes)
Event: 44.781 Thread 0x00000236c2b2ac80 nmethod 7278 0x000002369d54f490 code [0x000002369d54f660, 0x000002369d54f9b8]
Event: 44.781 Thread 0x00000236c2b2ac80 7272       3       com.jme3.anim.Joint::updateAttachNode (117 bytes)
Event: 44.781 Thread 0x00000237197cbce0 nmethod 7277 0x000002369d03ad10 code [0x000002369d03afc0, 0x000002369d03baa8]
Event: 44.781 Thread 0x00000237197cbce0 7269       3       com.jme3.anim.interpolator.AnimInterpolators$1::interpolate (33 bytes)

GC Heap History (20 events):
Event: 38.901 GC heap before
{Heap before GC invocations=101 (full 1):
 garbage-first heap   total 2957312K, used 2438510K [0x0000000602800000, 0x0000000800000000)
  region size 4096K, 76 young (311296K), 12 survivors (49152K)
 Metaspace       used 37075K, committed 37568K, reserved 1114112K
  class space    used 3956K, committed 4160K, reserved 1048576K
}
Event: 38.916 GC heap after
{Heap after GC invocations=102 (full 1):
 garbage-first heap   total 2957312K, used 2259657K [0x0000000602800000, 0x0000000800000000)
  region size 4096K, 10 young (40960K), 10 survivors (40960K)
 Metaspace       used 37075K, committed 37568K, reserved 1114112K
  class space    used 3956K, committed 4160K, reserved 1048576K
}
Event: 39.808 GC heap before
{Heap before GC invocations=102 (full 1):
 garbage-first heap   total 2957312K, used 2472649K [0x0000000602800000, 0x0000000800000000)
  region size 4096K, 63 young (258048K), 10 survivors (40960K)
 Metaspace       used 37081K, committed 37568K, reserved 1114112K
  class space    used 3956K, committed 4160K, reserved 1048576K
}
Event: 39.820 GC heap after
{Heap after GC invocations=103 (full 1):
 garbage-first heap   total 2957312K, used 2327660K [0x0000000602800000, 0x0000000800000000)
  region size 4096K, 8 young (32768K), 8 survivors (32768K)
 Metaspace       used 37081K, committed 37568K, reserved 1114112K
  class space    used 3956K, committed 4160K, reserved 1048576K
}
Event: 40.531 GC heap before
{Heap before GC invocations=103 (full 1):
 garbage-first heap   total 2957312K, used 2499692K [0x0000000602800000, 0x0000000800000000)
  region size 4096K, 51 young (208896K), 8 survivors (32768K)
 Metaspace       used 37087K, committed 37568K, reserved 1114112K
  class space    used 3956K, committed 4160K, reserved 1048576K
}
Event: 40.540 GC heap after
{Heap after GC invocations=104 (full 1):
 garbage-first heap   total 2957312K, used 2380924K [0x0000000602800000, 0x0000000800000000)
  region size 4096K, 7 young (28672K), 7 survivors (28672K)
 Metaspace       used 37087K, committed 37568K, reserved 1114112K
  class space    used 3956K, committed 4160K, reserved 1048576K
}
Event: 41.149 GC heap before
{Heap before GC invocations=104 (full 1):
 garbage-first heap   total 2957312K, used 2528380K [0x0000000602800000, 0x0000000800000000)
  region size 4096K, 44 young (180224K), 7 survivors (28672K)
 Metaspace       used 37089K, committed 37568K, reserved 1114112K
  class space    used 3956K, committed 4160K, reserved 1048576K
}
Event: 41.158 GC heap after
{Heap after GC invocations=105 (full 1):
 garbage-first heap   total 2957312K, used 2427180K [0x0000000602800000, 0x0000000800000000)
  region size 4096K, 6 young (24576K), 6 survivors (24576K)
 Metaspace       used 37089K, committed 37568K, reserved 1114112K
  class space    used 3956K, committed 4160K, reserved 1048576K
}
Event: 41.680 GC heap before
{Heap before GC invocations=105 (full 1):
 garbage-first heap   total 2957312K, used 2550060K [0x0000000602800000, 0x0000000800000000)
  region size 4096K, 37 young (151552K), 6 survivors (24576K)
 Metaspace       used 37089K, committed 37568K, reserved 1114112K
  class space    used 3956K, committed 4160K, reserved 1048576K
}
Event: 41.685 GC heap after
{Heap after GC invocations=106 (full 1):
 garbage-first heap   total 2957312K, used 2467235K [0x0000000602800000, 0x0000000800000000)
  region size 4096K, 5 young (20480K), 5 survivors (20480K)
 Metaspace       used 37089K, committed 37568K, reserved 1114112K
  class space    used 3956K, committed 4160K, reserved 1048576K
}
Event: 42.199 GC heap before
{Heap before GC invocations=106 (full 1):
 garbage-first heap   total 2957312K, used 2590115K [0x0000000602800000, 0x0000000800000000)
  region size 4096K, 36 young (147456K), 5 survivors (20480K)
 Metaspace       used 37101K, committed 37568K, reserved 1114112K
  class space    used 3956K, committed 4160K, reserved 1048576K
}
Event: 42.203 GC heap after
{Heap after GC invocations=107 (full 1):
 garbage-first heap   total 2957312K, used 2505053K [0x0000000602800000, 0x0000000800000000)
  region size 4096K, 5 young (20480K), 5 survivors (20480K)
 Metaspace       used 37101K, committed 37568K, reserved 1114112K
  class space    used 3956K, committed 4160K, reserved 1048576K
}
Event: 42.725 GC heap before
{Heap before GC invocations=107 (full 1):
 garbage-first heap   total 2957312K, used 2627933K [0x0000000602800000, 0x0000000800000000)
  region size 4096K, 36 young (147456K), 5 survivors (20480K)
 Metaspace       used 37101K, committed 37568K, reserved 1114112K
  class space    used 3956K, committed 4160K, reserved 1048576K
}
Event: 42.729 GC heap after
{Heap after GC invocations=108 (full 1):
 garbage-first heap   total 2957312K, used 2550083K [0x0000000602800000, 0x0000000800000000)
  region size 4096K, 5 young (20480K), 5 survivors (20480K)
 Metaspace       used 37101K, committed 37568K, reserved 1114112K
  class space    used 3956K, committed 4160K, reserved 1048576K
}
Event: 43.239 GC heap before
{Heap before GC invocations=108 (full 1):
 garbage-first heap   total 2957312K, used 2672963K [0x0000000602800000, 0x0000000800000000)
  region size 4096K, 36 young (147456K), 5 survivors (20480K)
 Metaspace       used 37103K, committed 37568K, reserved 1114112K
  class space    used 3956K, committed 4160K, reserved 1048576K
}
Event: 43.243 GC heap after
{Heap after GC invocations=109 (full 1):
 garbage-first heap   total 2957312K, used 2586702K [0x0000000602800000, 0x0000000800000000)
  region size 4096K, 5 young (20480K), 5 survivors (20480K)
 Metaspace       used 37103K, committed 37568K, reserved 1114112K
  class space    used 3956K, committed 4160K, reserved 1048576K
}
Event: 43.769 GC heap before
{Heap before GC invocations=109 (full 1):
 garbage-first heap   total 2957312K, used 2709582K [0x0000000602800000, 0x0000000800000000)
  region size 4096K, 36 young (147456K), 5 survivors (20480K)
 Metaspace       used 37103K, committed 37568K, reserved 1114112K
  class space    used 3956K, committed 4160K, reserved 1048576K
}
Event: 43.774 GC heap after
{Heap after GC invocations=110 (full 1):
 garbage-first heap   total 2957312K, used 2627997K [0x0000000602800000, 0x0000000800000000)
  region size 4096K, 5 young (20480K), 5 survivors (20480K)
 Metaspace       used 37103K, committed 37568K, reserved 1114112K
  class space    used 3956K, committed 4160K, reserved 1048576K
}
Event: 44.282 GC heap before
{Heap before GC invocations=110 (full 1):
 garbage-first heap   total 2957312K, used 2750877K [0x0000000602800000, 0x0000000800000000)
  region size 4096K, 36 young (147456K), 5 survivors (20480K)
 Metaspace       used 37103K, committed 37568K, reserved 1114112K
  class space    used 3956K, committed 4160K, reserved 1048576K
}
Event: 44.286 GC heap after
{Heap after GC invocations=111 (full 1):
 garbage-first heap   total 2957312K, used 2666202K [0x0000000602800000, 0x0000000800000000)
  region size 4096K, 5 young (20480K), 5 survivors (20480K)
 Metaspace       used 37103K, committed 37568K, reserved 1114112K
  class space    used 3956K, committed 4160K, reserved 1048576K
}

Dll operation events (19 events):
Event: 0.004 Loaded shared library C:\Users\Aiden\.jdks\liberica-full-17.0.15\bin\java.dll
Event: 0.019 Loaded shared library C:\Users\Aiden\.jdks\liberica-full-17.0.15\bin\jsvml.dll
Event: 0.075 Loaded shared library C:\Users\Aiden\.jdks\liberica-full-17.0.15\bin\zip.dll
Event: 0.077 Loaded shared library C:\Users\Aiden\.jdks\liberica-full-17.0.15\bin\instrument.dll
Event: 0.081 Loaded shared library C:\Users\Aiden\.jdks\liberica-full-17.0.15\bin\net.dll
Event: 0.081 Loaded shared library C:\Users\Aiden\.jdks\liberica-full-17.0.15\bin\nio.dll
Event: 0.083 Loaded shared library C:\Users\Aiden\.jdks\liberica-full-17.0.15\bin\zip.dll
Event: 0.113 Loaded shared library C:\Users\Aiden\.jdks\liberica-full-17.0.15\bin\jimage.dll
Event: 0.130 Loaded shared library C:\Users\Aiden\.jdks\liberica-full-17.0.15\bin\extnet.dll
Event: 0.140 Loaded shared library C:\Users\Aiden\.jdks\liberica-full-17.0.15\bin\management.dll
Event: 0.147 Loaded shared library C:\Users\Aiden\.jdks\liberica-full-17.0.15\bin\management_ext.dll
Event: 0.592 Loaded shared library C:\Users\Aiden\.jdks\liberica-full-17.0.15\bin\awt.dll
Event: 0.677 Loaded shared library C:\Temp\flatlaf.temp\flatlaf-windows-x86_64-5691113201525000.dll
Event: 0.709 Loaded shared library C:\Users\Aiden\.jdks\liberica-full-17.0.15\bin\freetype.dll
Event: 0.709 Loaded shared library C:\Users\Aiden\.jdks\liberica-full-17.0.15\bin\fontmanager.dll
Event: 0.989 Loaded shared library C:\Users\Aiden\.jdks\liberica-full-17.0.15\bin\prefs.dll
Event: 2.568 Loaded shared library C:\Temp\jme3\natives_97b9233c\bulletjme-x86_64.dll
Event: 2.605 Loaded shared library C:\Temp\lwjgl_Aiden\3.3.6+1\x64\lwjgl.dll
Event: 2.830 Loaded shared library C:\Temp\lwjgl_Aiden\3.3.6+1\x64\lwjgl_opengl.dll

Deoptimization events (20 events):
Event: 33.240 Thread 0x0000023714c69590 Uncommon trap: trap_request=0xffffff45 fr.pc=0x00000236a4a75248 relative=0x00000000000007c8
Event: 33.240 Thread 0x0000023714c69590 Uncommon trap: reason=unstable_if action=reinterpret pc=0x00000236a4a75248 method=java.util.concurrent.locks.AbstractQueuedSynchronizer$ConditionObject.enableWait(Ljava/util/concurrent/locks/AbstractQueuedSynchronizer$ConditionNode;)I @ 28 c2
Event: 33.240 Thread 0x0000023714c69590 DEOPT PACKING pc=0x00000236a4a75248 sp=0x000000acc4e5f020
Event: 33.240 Thread 0x0000023714c69590 DEOPT UNPACKING pc=0x00000236a42d69a3 sp=0x000000acc4e5ef58 mode 2
Event: 34.023 Thread 0x000002371d3ca790 DEOPT PACKING pc=0x000002369cf5d493 sp=0x000000acc635ec50
Event: 34.023 Thread 0x000002371d3ca790 DEOPT UNPACKING pc=0x00000236a42d7143 sp=0x000000acc635e160 mode 0
Event: 36.516 Thread 0x0000023708ecb2f0 Uncommon trap: trap_request=0xffffffc6 fr.pc=0x00000236a4d40970 relative=0x0000000000000390
Event: 36.516 Thread 0x0000023708ecb2f0 Uncommon trap: reason=bimorphic_or_optimized_type_check action=maybe_recompile pc=0x00000236a4d40970 method=java.lang.ThreadLocal.set(Ljava/lang/Object;)V @ 6 c2
Event: 36.516 Thread 0x0000023708ecb2f0 DEOPT PACKING pc=0x00000236a4d40970 sp=0x000000acc24fee80
Event: 36.516 Thread 0x0000023708ecb2f0 DEOPT UNPACKING pc=0x00000236a42d69a3 sp=0x000000acc24fee48 mode 2
Event: 37.248 Thread 0x0000023708ecb2f0 Uncommon trap: trap_request=0xffffffc6 fr.pc=0x00000236a4d40970 relative=0x0000000000000390
Event: 37.248 Thread 0x0000023708ecb2f0 Uncommon trap: reason=bimorphic_or_optimized_type_check action=maybe_recompile pc=0x00000236a4d40970 method=java.lang.ThreadLocal.set(Ljava/lang/Object;)V @ 6 c2
Event: 37.248 Thread 0x0000023708ecb2f0 DEOPT PACKING pc=0x00000236a4d40970 sp=0x000000acc24fee80
Event: 37.248 Thread 0x0000023708ecb2f0 DEOPT UNPACKING pc=0x00000236a42d69a3 sp=0x000000acc24fee48 mode 2
Event: 37.304 Thread 0x0000023708ecb2f0 Uncommon trap: trap_request=0xffffff45 fr.pc=0x00000236a4e1c5ac relative=0x00000000000009ac
Event: 37.304 Thread 0x0000023708ecb2f0 Uncommon trap: reason=unstable_if action=reinterpret pc=0x00000236a4e1c5ac method=java.util.concurrent.locks.ReentrantReadWriteLock$Sync.tryAcquireShared(I)I @ 55 c2
Event: 37.304 Thread 0x0000023708ecb2f0 DEOPT PACKING pc=0x00000236a4e1c5ac sp=0x000000acc24fef00
Event: 37.304 Thread 0x0000023708ecb2f0 DEOPT UNPACKING pc=0x00000236a42d69a3 sp=0x000000acc24fed78 mode 2
Event: 40.782 Thread 0x0000023708ecb2f0 DEOPT PACKING pc=0x000002369cf5d472 sp=0x000000acc24fee90
Event: 40.782 Thread 0x0000023708ecb2f0 DEOPT UNPACKING pc=0x00000236a42d7143 sp=0x000000acc24fe3a0 mode 0

Classes loaded (20 events):
Event: 5.675 Loading class java/nio/DirectFloatBufferRU
Event: 5.676 Loading class java/nio/DirectFloatBufferRU done
Event: 5.802 Loading class java/util/concurrent/locks/ReentrantReadWriteLock$Sync$HoldCounter
Event: 5.802 Loading class java/util/concurrent/locks/ReentrantReadWriteLock$Sync$HoldCounter done
Event: 7.118 Loading class com/sun/org/apache/xerces/internal/dom/DeferredElementImpl
Event: 7.118 Loading class com/sun/org/apache/xerces/internal/dom/DeferredElementImpl done
Event: 7.118 Loading class com/sun/org/apache/xerces/internal/dom/DeferredCommentImpl
Event: 7.118 Loading class com/sun/org/apache/xerces/internal/dom/CommentImpl
Event: 7.118 Loading class org/w3c/dom/Comment
Event: 7.118 Loading class org/w3c/dom/Comment done
Event: 7.118 Loading class com/sun/org/apache/xerces/internal/dom/CommentImpl done
Event: 7.118 Loading class com/sun/org/apache/xerces/internal/dom/DeferredCommentImpl done
Event: 7.118 Loading class com/sun/org/apache/xerces/internal/dom/DeepNodeListImpl
Event: 7.118 Loading class com/sun/org/apache/xerces/internal/dom/DeepNodeListImpl done
Event: 7.118 Loading class com/sun/org/apache/xerces/internal/dom/DeferredAttrImpl
Event: 7.118 Loading class com/sun/org/apache/xerces/internal/dom/DeferredAttrImpl done
Event: 7.121 Loading class java/util/AbstractMap$SimpleEntry
Event: 7.121 Loading class java/util/AbstractMap$SimpleEntry done
Event: 9.300 Loading class java/lang/Class$EnclosingMethodInfo
Event: 9.300 Loading class java/lang/Class$EnclosingMethodInfo done

Classes unloaded (3 events):
Event: 10.421 Thread 0x00000236bfa6fd60 Unloading class 0x00000236c43d1c00 'java/lang/invoke/LambdaForm$MH+0x00000236c43d1c00'
Event: 10.421 Thread 0x00000236bfa6fd60 Unloading class 0x00000236c43d1400 'java/lang/invoke/LambdaForm$DMH+0x00000236c43d1400'
Event: 10.421 Thread 0x00000236bfa6fd60 Unloading class 0x00000236c43d0800 'java/lang/invoke/LambdaForm$DMH+0x00000236c43d0800'

Classes redefined (0 events):
No events

Internal exceptions (20 events):
Event: 5.489 Thread 0x0000023708ec9eb0 Implicit null exception at 0x00000236a4c948b2 to 0x00000236a4c94a88
Event: 5.606 Thread 0x000002370ac460a0 Exception <a 'java/lang/NoSuchMethodError'{0x000000061311d4c0}: 'java.lang.Object java.lang.invoke.DirectMethodHandle$Holder.newInvokeSpecial(java.lang.Object, java.lang.Object, int, int)'> (0x000000061311d4c0) 
thrown [s\src\hotspot\share\interpreter\linkResolver.cpp, line 759]
Event: 5.606 Thread 0x0000023714c69aa0 Exception <a 'java/lang/NoSuchMethodError'{0x000000061781fc98}: 'java.lang.Object java.lang.invoke.DirectMethodHandle$Holder.newInvokeSpecial(java.lang.Object, java.lang.Object, int, int)'> (0x000000061781fc98) 
thrown [s\src\hotspot\share\interpreter\linkResolver.cpp, line 759]
Event: 5.644 Thread 0x000002370ac460a0 Implicit null exception at 0x00000236a4d4c0e0 to 0x00000236a4d4c544
Event: 5.687 Thread 0x0000023708ecb2f0 Exception <a 'java/lang/NoSuchMethodError'{0x000000061266bf60}: 'java.lang.Object java.lang.invoke.DirectMethodHandle$Holder.invokeSpecial(java.lang.Object, java.lang.Object, int, int, java.lang.Object)'> (0x000000061266bf60) 
thrown [s\src\hotspot\share\interpreter\linkResolver.cpp, line 759]
Event: 5.687 Thread 0x0000023708ecb2f0 Exception <a 'java/lang/NoSuchMethodError'{0x0000000611808208}: 'java.lang.Object java.lang.invoke.DirectMethodHandle$Holder.newInvokeSpecial(java.lang.Object, java.lang.Object, int, int, java.lang.Object)'> (0x0000000611808208) 
thrown [s\src\hotspot\share\interpreter\linkResolver.cpp, line 759]
Event: 5.687 Thread 0x0000023708ecb2f0 Exception <a 'java/lang/NoSuchMethodError'{0x000000061180c060}: 'java.lang.Object java.lang.invoke.DirectMethodHandle$Holder.invokeSpecial(java.lang.Object, java.lang.Object, java.lang.Object, int, int, java.lang.Object)'> (0x000000061180c060) 
thrown [s\src\hotspot\share\interpreter\linkResolver.cpp, line 759]
Event: 7.114 Thread 0x000002370ac460a0 Exception <a 'java/lang/NoSuchMethodError'{0x00000006127c5ea8}: 'java.lang.Object java.lang.invoke.DirectMethodHandle$Holder.invokeSpecial(java.lang.Object, java.lang.Object, java.lang.Object, java.lang.Object, java.lang.Object, java.lang.Object, float)'> (0x00000006127c5ea8) 
thrown [s\src\hotspot\share\interpreter\linkResolver.cpp, line 759]
Event: 7.141 Thread 0x000002370ac460a0 Exception <a 'java/lang/NoSuchMethodError'{0x0000000611ef0550}: 'double java.lang.invoke.DirectMethodHandle$Holder.invokeStatic(java.lang.Object, java.lang.Object)'> (0x0000000611ef0550) 
thrown [s\src\hotspot\share\interpreter\linkResolver.cpp, line 759]
Event: 7.143 Thread 0x000002370ac460a0 Implicit null exception at 0x00000236a4b85ee4 to 0x00000236a4b86b10
Event: 7.207 Thread 0x000002370ac460a0 Implicit null exception at 0x00000236a4a8d3b6 to 0x00000236a4a8ddf0
Event: 9.318 Thread 0x000002370ac460a0 Implicit null exception at 0x00000236a4cd3e1c to 0x00000236a4cd59c2
Event: 9.321 Thread 0x000002370ac460a0 Implicit null exception at 0x00000236a4c19c4c to 0x00000236a4c19ca0
Event: 9.321 Thread 0x000002370ac460a0 Implicit null exception at 0x00000236a4c3e9b2 to 0x00000236a4c3ed63
Event: 9.387 Thread 0x000002370ac460a0 Implicit null exception at 0x00000236a4a40f1a to 0x00000236a4a419d8
Event: 9.392 Thread 0x000002370ac460a0 Implicit null exception at 0x00000236a4b7341f to 0x00000236a4b73bc0
Event: 9.409 Thread 0x000002370ac460a0 Implicit null exception at 0x00000236a4cc70c5 to 0x00000236a4cc7c6c
Event: 9.409 Thread 0x000002370ac460a0 Implicit null exception at 0x00000236a4a50954 to 0x00000236a4a51190
Event: 9.434 Thread 0x000002370ac460a0 Implicit null exception at 0x00000236a4e149cc to 0x00000236a4e14b6c
Event: 9.438 Thread 0x000002370ac460a0 Implicit null exception at 0x00000236a4a186f4 to 0x00000236a4a18a34

VM Operations (20 events):
Event: 38.901 Executing VM operation: G1CollectForAllocation
Event: 38.916 Executing VM operation: G1CollectForAllocation done
Event: 39.808 Executing VM operation: G1CollectForAllocation
Event: 39.820 Executing VM operation: G1CollectForAllocation done
Event: 40.531 Executing VM operation: G1CollectForAllocation
Event: 40.540 Executing VM operation: G1CollectForAllocation done
Event: 41.149 Executing VM operation: G1CollectForAllocation
Event: 41.158 Executing VM operation: G1CollectForAllocation done
Event: 41.680 Executing VM operation: G1CollectForAllocation
Event: 41.685 Executing VM operation: G1CollectForAllocation done
Event: 42.199 Executing VM operation: G1CollectForAllocation
Event: 42.203 Executing VM operation: G1CollectForAllocation done
Event: 42.725 Executing VM operation: G1CollectForAllocation
Event: 42.729 Executing VM operation: G1CollectForAllocation done
Event: 43.239 Executing VM operation: G1CollectForAllocation
Event: 43.244 Executing VM operation: G1CollectForAllocation done
Event: 43.769 Executing VM operation: G1CollectForAllocation
Event: 43.774 Executing VM operation: G1CollectForAllocation done
Event: 44.282 Executing VM operation: G1CollectForAllocation
Event: 44.286 Executing VM operation: G1CollectForAllocation done

Memory protections (0 events):
No events

Nmethod flushes (20 events):
Event: 13.449 Thread 0x00000236c2b3a2f0 flushing  nmethod 0x000002369d70f310
Event: 13.449 Thread 0x00000236c2b3a2f0 flushing osr nmethod 0x000002369d70f910
Event: 13.449 Thread 0x00000236c2b3a2f0 flushing  nmethod 0x000002369d728690
Event: 13.449 Thread 0x00000236c2b3a2f0 flushing  nmethod 0x000002369d758810
Event: 13.449 Thread 0x00000236c2b3a2f0 flushing  nmethod 0x000002369d776710
Event: 13.449 Thread 0x00000236c2b3a2f0 flushing  nmethod 0x000002369d77a390
Event: 13.449 Thread 0x00000236c2b3a2f0 flushing  nmethod 0x000002369d793690
Event: 13.449 Thread 0x00000236c2b3a2f0 flushing  nmethod 0x000002369d794810
Event: 13.449 Thread 0x00000236c2b3a2f0 flushing osr nmethod 0x000002369d79b110
Event: 13.449 Thread 0x00000236c2b3a2f0 flushing  nmethod 0x000002369d79d010
Event: 13.449 Thread 0x00000236c2b3a2f0 flushing  nmethod 0x000002369d7a0610
Event: 13.449 Thread 0x00000236c2b3a2f0 flushing  nmethod 0x000002369d7be710
Event: 13.449 Thread 0x00000236c2b3a2f0 flushing  nmethod 0x000002369d7bf290
Event: 13.449 Thread 0x00000236c2b3a2f0 flushing  nmethod 0x000002369d7de490
Event: 13.449 Thread 0x00000236c2b3a2f0 flushing  nmethod 0x000002369d7f3c10
Event: 13.449 Thread 0x00000236c2b3a2f0 flushing  nmethod 0x000002369d7fc590
Event: 13.449 Thread 0x00000236c2b3a2f0 flushing  nmethod 0x000002369d7fe710
Event: 13.449 Thread 0x00000236c2b3a2f0 flushing  nmethod 0x000002369d7ff790
Event: 13.450 Thread 0x00000236c2b3a2f0 flushing  nmethod 0x000002369d84f810
Event: 13.450 Thread 0x00000236c2b3a2f0 flushing  nmethod 0x000002369d892090

Events (20 events):
Event: 16.065 Thread 0x00000236c2b20520 Thread added: 0x00000237197cd770
Event: 16.174 Thread 0x00000237197cd770 Thread exited: 0x00000237197cd770
Event: 16.460 Thread 0x00000237197cdcc0 Thread exited: 0x00000237197cdcc0
Event: 18.114 Thread 0x00000236c2b20520 Thread added: 0x00000237197cd770
Event: 18.313 Thread 0x00000237197cd770 Thread exited: 0x00000237197cd770
Event: 19.529 Thread 0x00000236c2b2ac80 Thread added: 0x00000237197cb790
Event: 19.529 Thread 0x00000236c2b2ac80 Thread added: 0x00000237197cc230
Event: 19.529 Thread 0x00000236c2b2ac80 Thread added: 0x00000237197cbce0
Event: 19.529 Thread 0x00000236c2b2ac80 Thread added: 0x00000237197cccd0
Event: 19.529 Thread 0x00000236c2b2ac80 Thread added: 0x00000237197ce760
Event: 19.713 Thread 0x00000237197ce760 Thread exited: 0x00000237197ce760
Event: 19.713 Thread 0x00000237197cccd0 Thread exited: 0x00000237197cccd0
Event: 19.713 Thread 0x00000237197cbce0 Thread exited: 0x00000237197cbce0
Event: 19.867 Thread 0x00000237197cc230 Thread exited: 0x00000237197cc230
Event: 19.867 Thread 0x00000237197cb790 Thread exited: 0x00000237197cb790
Event: 29.171 Thread 0x00000236c2b20520 Thread added: 0x00000237197cc230
Event: 29.461 Thread 0x00000236c2b2ac80 Thread added: 0x00000237197cb790
Event: 29.814 Thread 0x00000237197cb790 Thread exited: 0x00000237197cb790
Event: 30.825 Thread 0x00000237197cc230 Thread exited: 0x00000237197cc230
Event: 44.780 Thread 0x00000236c2b20520 Thread added: 0x00000237197cbce0


Dynamic libraries:
0x00007ff6b4140000 - 0x00007ff6b414e000 	C:\Users\Aiden\.jdks\liberica-full-17.0.15\bin\java.exe
0x00007ffaf0750000 - 0x00007ffaf0946000 	C:\Windows\SYSTEM32\ntdll.dll
0x00007ffaf0690000 - 0x00007ffaf074d000 	C:\Windows\System32\KERNEL32.DLL
0x00007ffaee3f0000 - 0x00007ffaee6b9000 	C:\Windows\System32\KERNELBASE.dll
0x00007ffaeded0000 - 0x00007ffaedfd0000 	C:\Windows\System32\ucrtbase.dll
0x00007ffae89d0000 - 0x00007ffae89e7000 	C:\Users\Aiden\.jdks\liberica-full-17.0.15\bin\jli.dll
0x00007ffae70c0000 - 0x00007ffae70db000 	C:\Users\Aiden\.jdks\liberica-full-17.0.15\bin\VCRUNTIME140.dll
0x00007ffaefd60000 - 0x00007ffaeff00000 	C:\Windows\System32\USER32.dll
0x00007ffaee6c0000 - 0x00007ffaee6e2000 	C:\Windows\System32\win32u.dll
0x00007ffad6750000 - 0x00007ffad69eb000 	C:\Windows\WinSxS\amd64_microsoft.windows.common-controls_6595b64144ccf1df_6.0.19041.746_none_ca02b4b61b8320a4\COMCTL32.dll
0x00007ffaee9a0000 - 0x00007ffaee9ca000 	C:\Windows\System32\GDI32.dll
0x00007ffaf01d0000 - 0x00007ffaf026e000 	C:\Windows\System32\msvcrt.dll
0x00007ffaedfd0000 - 0x00007ffaee0db000 	C:\Windows\System32\gdi32full.dll
0x00007ffaee0e0000 - 0x00007ffaee17d000 	C:\Windows\System32\msvcp_win.dll
0x00007ffaf01a0000 - 0x00007ffaf01d0000 	C:\Windows\System32\IMM32.DLL
0x00007ffae70f0000 - 0x00007ffae70fc000 	C:\Users\Aiden\.jdks\liberica-full-17.0.15\bin\vcruntime140_1.dll
0x00007ffaae2e0000 - 0x00007ffaae36e000 	C:\Users\Aiden\.jdks\liberica-full-17.0.15\bin\msvcp140.dll
0x00007ffa923e0000 - 0x00007ffa93050000 	C:\Users\Aiden\.jdks\liberica-full-17.0.15\bin\server\jvm.dll
0x00007ffaf05e0000 - 0x00007ffaf068c000 	C:\Windows\System32\ADVAPI32.dll
0x00007ffaef710000 - 0x00007ffaef7ac000 	C:\Windows\System32\sechost.dll
0x00007ffaeff00000 - 0x00007ffaf002b000 	C:\Windows\System32\RPCRT4.dll
0x00007ffaef6a0000 - 0x00007ffaef70b000 	C:\Windows\System32\WS2_32.dll
0x00007ffaed470000 - 0x00007ffaed4bb000 	C:\Windows\SYSTEM32\POWRPROF.dll
0x00007ffae39d0000 - 0x00007ffae39f7000 	C:\Windows\SYSTEM32\WINMM.dll
0x00007ffae84d0000 - 0x00007ffae84da000 	C:\Windows\SYSTEM32\VERSION.dll
0x00007ffaed330000 - 0x00007ffaed342000 	C:\Windows\SYSTEM32\UMPDC.dll
0x00007ffaebe50000 - 0x00007ffaebe62000 	C:\Windows\SYSTEM32\kernel.appcore.dll
0x00007ffad7040000 - 0x00007ffad704a000 	C:\Users\Aiden\.jdks\liberica-full-17.0.15\bin\jimage.dll
0x00007ffae3720000 - 0x00007ffae3904000 	C:\Windows\SYSTEM32\DBGHELP.DLL
0x00007ffacb6f0000 - 0x00007ffacb71c000 	C:\Windows\SYSTEM32\dbgcore.DLL
0x00007ffaee180000 - 0x00007ffaee200000 	C:\Windows\System32\bcryptPrimitives.dll
0x00007ffad7030000 - 0x00007ffad703e000 	C:\Users\Aiden\.jdks\liberica-full-17.0.15\bin\instrument.dll
0x00007ffad6420000 - 0x00007ffad6445000 	C:\Users\Aiden\.jdks\liberica-full-17.0.15\bin\java.dll
0x00007ffaae200000 - 0x00007ffaae2d7000 	C:\Users\Aiden\.jdks\liberica-full-17.0.15\bin\jsvml.dll
0x00007ffaeef30000 - 0x00007ffaef673000 	C:\Windows\System32\SHELL32.dll
0x00007ffaec050000 - 0x00007ffaec7df000 	C:\Windows\SYSTEM32\windows.storage.dll
0x00007ffaf0280000 - 0x00007ffaf05d6000 	C:\Windows\System32\combase.dll
0x00007ffaed930000 - 0x00007ffaed95c000 	C:\Windows\SYSTEM32\Wldp.dll
0x00007ffaeec20000 - 0x00007ffaeecce000 	C:\Windows\System32\SHCORE.dll
0x00007ffaee9d0000 - 0x00007ffaeea25000 	C:\Windows\System32\shlwapi.dll
0x00007ffaede00000 - 0x00007ffaede26000 	C:\Windows\SYSTEM32\profapi.dll
0x00007ffad4910000 - 0x00007ffad4928000 	C:\Users\Aiden\.jdks\liberica-full-17.0.15\bin\zip.dll
0x00007ffad6550000 - 0x00007ffad6569000 	C:\Users\Aiden\.jdks\liberica-full-17.0.15\bin\net.dll
0x00007ffae7430000 - 0x00007ffae7530000 	C:\Windows\SYSTEM32\WINHTTP.dll
0x00007ffaed6b0000 - 0x00007ffaed71a000 	C:\Windows\system32\mswsock.dll
0x00007ffad63d0000 - 0x00007ffad63e6000 	C:\Users\Aiden\.jdks\liberica-full-17.0.15\bin\nio.dll
0x00007ffad63c0000 - 0x00007ffad63c9000 	C:\Users\Aiden\.jdks\liberica-full-17.0.15\bin\extnet.dll
0x00007ffaed3a0000 - 0x00007ffaed46b000 	C:\Windows\SYSTEM32\DNSAPI.dll
0x00007ffaed350000 - 0x00007ffaed38b000 	C:\Windows\SYSTEM32\IPHLPAPI.DLL
0x00007ffaeeb50000 - 0x00007ffaeeb58000 	C:\Windows\System32\NSI.dll
0x00007ffae8730000 - 0x00007ffae873a000 	C:\Windows\System32\rasadhlp.dll
0x00007ffae6d90000 - 0x00007ffae6e0f000 	C:\Windows\System32\fwpuclnt.dll
0x00007ffaee360000 - 0x00007ffaee387000 	C:\Windows\System32\bcrypt.dll
0x00007ffad4900000 - 0x00007ffad490a000 	C:\Users\Aiden\.jdks\liberica-full-17.0.15\bin\management.dll
0x00007ffad48f0000 - 0x00007ffad48fb000 	C:\Users\Aiden\.jdks\liberica-full-17.0.15\bin\management_ext.dll
0x00007ffaf0270000 - 0x00007ffaf0278000 	C:\Windows\System32\PSAPI.DLL
0x00007ffaed880000 - 0x00007ffaed898000 	C:\Windows\SYSTEM32\CRYPTSP.dll
0x00007ffaecfe0000 - 0x00007ffaed014000 	C:\Windows\system32\rsaenh.dll
0x00007ffaeddc0000 - 0x00007ffaeddee000 	C:\Windows\SYSTEM32\USERENV.dll
0x00007ffaed8a0000 - 0x00007ffaed8ac000 	C:\Windows\SYSTEM32\CRYPTBASE.dll
0x00007ffae7f80000 - 0x00007ffae7f97000 	C:\Windows\SYSTEM32\dhcpcsvc6.DLL
0x00007ffae7f50000 - 0x00007ffae7f6d000 	C:\Windows\SYSTEM32\dhcpcsvc.DLL
0x00007ffac46a0000 - 0x00007ffac46b7000 	C:\Windows\system32\napinsp.dll
0x00007ffac4680000 - 0x00007ffac469b000 	C:\Windows\system32\pnrpnsp.dll
0x00007ffae9180000 - 0x00007ffae9195000 	C:\Windows\system32\wshbth.dll
0x00007ffaeb4f0000 - 0x00007ffaeb50d000 	C:\Windows\system32\NLAapi.dll
0x00007ffac4300000 - 0x00007ffac4312000 	C:\Windows\System32\winrnr.dll
0x00007ffac5600000 - 0x00007ffac5649000 	C:\Windows\SYSTEM32\pdh.dll
0x00007ffad2b60000 - 0x00007ffad2b6f000 	C:\Windows\System32\perfproc.dll
0x00007ffad0a00000 - 0x00007ffad0a0f000 	C:\Windows\System32\perfos.dll
0x00007ffaae070000 - 0x00007ffaae200000 	C:\Users\Aiden\.jdks\liberica-full-17.0.15\bin\awt.dll
0x00007ffaeee00000 - 0x00007ffaeeecd000 	C:\Windows\System32\OLEAUT32.dll
0x00007ffaeb780000 - 0x00007ffaeb810000 	C:\Windows\SYSTEM32\apphelp.dll
0x00007ffaebd40000 - 0x00007ffaebd6f000 	C:\Windows\system32\DWMAPI.DLL
0x00007ffaeb900000 - 0x00007ffaeb99e000 	C:\Windows\system32\uxtheme.dll
0x00007ffaeea30000 - 0x00007ffaeeb46000 	C:\Windows\System32\MSCTF.dll
0x00007ffaeecd0000 - 0x00007ffaeedfa000 	C:\Windows\System32\ole32.dll
0x00007ffad2b50000 - 0x00007ffad2b56000 	C:\Temp\flatlaf.temp\flatlaf-windows-x86_64-5691113201525000.dll
0x00007ffaadfe0000 - 0x00007ffaae067000 	C:\Users\Aiden\.jdks\liberica-full-17.0.15\bin\freetype.dll
0x00007ffaadf00000 - 0x00007ffaadfdb000 	C:\Users\Aiden\.jdks\liberica-full-17.0.15\bin\fontmanager.dll
0x00007ffa98780000 - 0x00007ffa988a5000 	C:\Windows\system32\opengl32.dll
0x00007ffac5a70000 - 0x00007ffac5a9c000 	C:\Windows\SYSTEM32\GLU32.dll
0x00007ffacb880000 - 0x00007ffacba4f000 	C:\Windows\system32\d3d9.dll
0x00007ffae4230000 - 0x00007ffae42f2000 	C:\Windows\System32\DriverStore\FileRepository\nvrfi.inf_amd64_06f0598dab718334\nvldumdx.dll
0x00007ffaedab0000 - 0x00007ffaedac2000 	C:\Windows\SYSTEM32\msasn1.dll
0x00007ffae8320000 - 0x00007ffae8351000 	C:\Windows\SYSTEM32\cryptnet.dll
0x00007ffaee200000 - 0x00007ffaee356000 	C:\Windows\System32\CRYPT32.dll
0x00007ffae8070000 - 0x00007ffae81b9000 	C:\Windows\SYSTEM32\drvstore.dll
0x00007ffaedc70000 - 0x00007ffaedc9c000 	C:\Windows\SYSTEM32\devobj.dll
0x00007ffaee7a0000 - 0x00007ffaee7ee000 	C:\Windows\System32\cfgmgr32.dll
0x00007ffaee390000 - 0x00007ffaee3f0000 	C:\Windows\System32\wintrust.dll
0x00007ffaef680000 - 0x00007ffaef69d000 	C:\Windows\System32\imagehlp.dll
0x00007ffadeb30000 - 0x00007ffae25e1000 	C:\Windows\System32\DriverStore\FileRepository\nvrfi.inf_amd64_06f0598dab718334\nvgpucomp64.dll
0x00007ffadcd00000 - 0x00007ffadcdd9000 	C:\Windows\System32\DriverStore\FileRepository\nvrfi.inf_amd64_06f0598dab718334\NvMemMapStoragex.dll
0x00007ffaae490000 - 0x00007ffab0717000 	C:\Windows\System32\DriverStore\FileRepository\nvrfi.inf_amd64_06f0598dab718334\nvd3dumx.dll
0x00007ffa98d30000 - 0x00007ffa99036000 	C:\Windows\system32\nvspcap64.dll
0x00007ffaecc10000 - 0x00007ffaecc43000 	C:\Windows\SYSTEM32\ntmarta.dll
0x00007ffaec7f0000 - 0x00007ffaec813000 	C:\Windows\SYSTEM32\gpapi.dll
0x00007ffac2830000 - 0x00007ffac29e4000 	C:\Windows\System32\DriverStore\FileRepository\nvrfi.inf_amd64_06f0598dab718334\nvppex.dll
0x00007ffae4b00000 - 0x00007ffae4b3b000 	C:\Windows\SYSTEM32\dxcore.dll
0x00007ffad2b40000 - 0x00007ffad2b49000 	C:\Users\Aiden\.jdks\liberica-full-17.0.15\bin\prefs.dll
0x00007ffad2b30000 - 0x00007ffad2b37000 	C:\Users\Aiden\.jdks\liberica-full-17.0.15\bin\jawt.dll
0x00007ffae4530000 - 0x00007ffae462b000 	C:\Windows\SYSTEM32\textinputframework.dll
0x00007ffaeb180000 - 0x00007ffaeb272000 	C:\Windows\System32\CoreMessaging.dll
0x00007ffaead30000 - 0x00007ffaeb08e000 	C:\Windows\System32\CoreUIComponents.dll
0x00007ffaea2f0000 - 0x00007ffaea444000 	C:\Windows\SYSTEM32\wintypes.dll
0x00007ffa97120000 - 0x00007ffa97366000 	C:\Temp\jme3\natives_97b9233c\bulletjme-x86_64.dll
0x00007ffaade80000 - 0x00007ffaadefe000 	C:\Temp\lwjgl_Aiden\3.3.6+1\x64\lwjgl.dll
0x00007ffa96240000 - 0x00007ffa964b1000 	C:\Temp\lwjgl_Aiden\3.3.6+1\x64\jemalloc.dll
0x00007ffaaddf0000 - 0x00007ffaade79000 	C:\Temp\lwjgl_Aiden\3.3.6+1\x64\glfw.dll
0x00007ffad0f90000 - 0x00007ffad0fd5000 	C:\Windows\SYSTEM32\dinput8.dll
0x00007ffad2a20000 - 0x00007ffad2a31000 	C:\Windows\SYSTEM32\xinput1_4.dll
0x00007ffae43d0000 - 0x00007ffae4522000 	C:\Windows\SYSTEM32\inputhost.dll
0x00007ffaea8a0000 - 0x00007ffaea997000 	C:\Windows\SYSTEM32\PROPSYS.dll
0x00007ffaef7c0000 - 0x00007ffaef869000 	C:\Windows\System32\clbcatq.dll
0x00007ffae8210000 - 0x00007ffae830b000 	C:\Windows\System32\AppXDeploymentClient.dll
0x00007ffa89240000 - 0x00007ffa8bad6000 	C:\Windows\System32\DriverStore\FileRepository\nvrfi.inf_amd64_06f0598dab718334\nvoglv64.dll
0x00007ffaef8f0000 - 0x00007ffaefd57000 	C:\Windows\System32\SETUPAPI.dll
0x00007ffae9160000 - 0x00007ffae9174000 	C:\Windows\SYSTEM32\WTSAPI32.dll
0x00007ffaecc80000 - 0x00007ffaeccda000 	C:\Windows\SYSTEM32\WINSTA.dll
0x00007ffae6e50000 - 0x00007ffae6efe000 	C:\Windows\SYSTEM32\mscms.dll
0x00007ffae6d70000 - 0x00007ffae6d81000 	C:\Windows\SYSTEM32\ColorAdapterClient.dll
0x00007ffab6ef0000 - 0x00007ffab6f33000 	C:\Windows\SYSTEM32\icm32.dll
0x00007ffaadd90000 - 0x00007ffaadded000 	C:\Temp\lwjgl_Aiden\3.3.6+1\x64\lwjgl_opengl.dll
0x00007ffaec7e0000 - 0x00007ffaec7ed000 	C:\Windows\SYSTEM32\HID.DLL
0x00007ffa96f30000 - 0x00007ffa9711b000 	C:\Temp\lwjgl_Aiden\3.3.6+1\x64\OpenAL.dll
0x00007ffae7cd0000 - 0x00007ffae7cda000 	C:\Windows\SYSTEM32\AVRT.dll
0x00007ffae8360000 - 0x00007ffae83e5000 	C:\Windows\System32\MMDevApi.dll

dbghelp: loaded successfully - version: 4.0.5 - missing functions: none
symbol engine: initialized successfully - sym options: 0x614 - pdb path: .;C:\Users\Aiden\.jdks\liberica-full-17.0.15\bin;C:\Windows\SYSTEM32;C:\Windows\WinSxS\amd64_microsoft.windows.common-controls_6595b64144ccf1df_6.0.19041.746_none_ca02b4b61b8320a4;C:\Users\Aiden\.jdks\liberica-full-17.0.15\bin\server;C:\Temp\flatlaf.temp;C:\Windows\System32\DriverStore\FileRepository\nvrfi.inf_amd64_06f0598dab718334;C:\Temp\jme3\natives_97b9233c;C:\Temp\lwjgl_Aiden\3.3.6+1\x64

VM Arguments:
jvm_args: -javaagent:C:\Program Files\JetBrains\IntelliJIdea2025.1\lib\idea_rt.jar=59327 -Dfile.encoding=UTF-8 
java_command: test.Game --add-opens=java.base/java.nio=ALL-UNNAMED
java_class_path (initial): C:\Users\Aiden\Documents\GitHub\CGE\cge\out\production\classes;C:\Users\Aiden\Documents\GitHub\CGE\cge\out\production\resources;C:\Users\Aiden\Documents\GitHub\CGE\cge\lib\SkyControl-1.1.0.jar;C:\Users\Aiden\Documents\GitHub\CGE\cge\lib\jme_phonon-0.3.7.jar;C:\Users\Aiden\Documents\GitHub\CGE\cge\lib\jme3-awt-dialogs-3.8.1-stable.jar;C:\Users\Aiden\.gradle\caches\modules-2\files-2.1\org.jmonkeyengine\jme3-lwjgl3\3.9.0-alpha1\19f91b741b321fbf5bb6933429769ac0a06fa65f\jme3-lwjgl3-3.9.0-alpha1.jar;C:\Users\Aiden\.gradle\caches\modules-2\files-2.1\org.jmonkeyengine\jme3-desktop\3.9.0-alpha1\6ec9a7d85169f6eea01b0b4b73ebfcc6e8e97054\jme3-desktop-3.9.0-alpha1.jar;C:\Users\Aiden\.gradle\caches\modules-2\files-2.1\org.jmonkeyengine\jme3-effects\3.9.0-alpha1\ce3f5369d752287e26e9aecd27a3e62ac317d94a\jme3-effects-3.9.0-alpha1.jar;C:\Users\Aiden\.gradle\caches\modules-2\files-2.1\org.jmonkeyengine\jme3-jogg\3.9.0-alpha1\55e30fb291aef82a3c3a51d088f40aa0ea142ea4\jme3-jogg-3.9.0-alpha1.jar;C:\Users\Aiden\.gradle\caches\modules-2\files-2.1\com.github.stephengold\Minie\9.0.1\2c9ad2dee37b607fdd9269327a6026a07550c094\Minie-9.0.1.jar;C:\Users\Aiden\.gradle\caches\modules-2\files-2.1\org.jmonkeyengine\jme3-core\3.9.0-alpha1\aec977267ad82b95499138111f9b0c0bd10701a9\jme3-core-3.9.0-alpha1.jar;C:\Users\Aiden\.gradle\caches\modules-2\files-2.1\com.google.code.gson\gson\2.11.0\527175ca6d81050b53bdd4c457a6d6e017626b0e\gson-2.11.0.jar;C:\Users\Aiden\.gradle\caches\modules-2\files-2.1\com.simsilica\zay-es\1.6.0\6ff8b33801a4778936da44597b3d00de6691992d\zay-es-1.6.0.jar;C:\Users\Aiden\.gradle\caches\modules-2\files-2.1\org.fusesource.jansi\jansi\2.4.0\321c614f85f1dea6bb08c1817c60d53b7f3552fd\jansi-2.4.0.jar;C:\Users\Aiden\.gradle\caches\modules-2\files-2.1\org.apache.logging.log4j\log4j-slf4j2-impl\2.20.0\155c8b9bbdac91d8461d9a403a646e6bd0d365d8\log4j-slf4j2-impl-2.20.0.jar;C:\Users\Aiden\.gradle\caches\modules-2\files-2.1\org.slf4j\jul-to-slf4j\2.0.0\e38544c1008e499823
Launcher Type: SUN_STANDARD

[Global flags]
     intx CICompilerCount                          = 12                                        {product} {ergonomic}
     uint ConcGCThreads                            = 4                                         {product} {ergonomic}
     uint G1ConcRefinementThreads                  = 15                                        {product} {ergonomic}
   size_t G1HeapRegionSize                         = 4194304                                   {product} {ergonomic}
    uintx GCDrainStackTargetSize                   = 64                                        {product} {ergonomic}
   size_t InitialHeapSize                          = 536870912                                 {product} {ergonomic}
   size_t MarkStackSize                            = 4194304                                   {product} {ergonomic}
   size_t MaxHeapSize                              = 8547991552                                {product} {ergonomic}
   size_t MaxNewSize                               = 5125439488                                {product} {ergonomic}
   size_t MinHeapDeltaBytes                        = 4194304                                   {product} {ergonomic}
   size_t MinHeapSize                              = 8388608                                   {product} {ergonomic}
    uintx NonNMethodCodeHeapSize                   = 7602480                                {pd product} {ergonomic}
    uintx NonProfiledCodeHeapSize                  = 122027880                              {pd product} {ergonomic}
    uintx ProfiledCodeHeapSize                     = 122027880                              {pd product} {ergonomic}
    uintx ReservedCodeCacheSize                    = 251658240                              {pd product} {ergonomic}
     bool SegmentedCodeCache                       = true                                      {product} {ergonomic}
   size_t SoftMaxHeapSize                          = 8547991552                             {manageable} {ergonomic}
     bool UseCompressedClassPointers               = true                           {product lp64_product} {ergonomic}
     bool UseCompressedOops                        = true                           {product lp64_product} {ergonomic}
     bool UseG1GC                                  = true                                      {product} {ergonomic}
     bool UseLargePagesIndividualAllocation        = false                                  {pd product} {ergonomic}

Logging:
Log output configuration:
 #0: stdout all=warning uptime,level,tags
 #1: stderr all=off uptime,level,tags

Environment Variables:
JAVA_HOME=C:\Users\Aiden\.jdks\liberica-full-17.0.13\bin
PATH=C:\Program Files (x86)\Common Files\Oracle\Java\java8path;C:\Program Files (x86)\Common Files\Oracle\Java\javapath;C:\Python313\Scripts\;C:\Python313\;C:\Program Files (x86)\Razer Chroma SDK\bin;C:\Program Files\Razer Chroma SDK\bin;C:\Program Files (x86)\Razer\ChromaBroadcast\bin;C:\Program Files\Razer\ChromaBroadcast\bin;C:\Program Files\BellSoft\LibericaJDK-17\bin\;C:\Windows\system32;C:\Windows;C:\Windows\System32\Wbem;C:\Windows\System32\WindowsPowerShell\v1.0\;C:\Program Files (x86)\NVIDIA Corporation\PhysX\Common;C:\Program Files\dotnet\;C:\ProgramData\chocolatey\bin;C:\Users\Aiden\Desktop\php;C:\ProgramData\ComposerSetup\bin;C:\Users\Aiden\AppData\Local\Programs\Python\Python310\Scripts\;C:\Users\Aiden\AppData\Local\Programs\Python\Python310\;C:\Users\Aiden\AppData\Local\Microsoft\WindowsApps;C:\Users\Aiden\AppData\Local\GitHubDesktop\bin;C:\Program Files\JetBrains\IntelliJ IDEA 2022.2\bin;C:\Users\Aiden\.dotnet\tools;C:\Program Files\JetBrains\PhpStorm 2022.2\bin;C:\Users\Aiden\AppData\Roaming\npm;C:\Users\Aiden\AppData\Roaming\Composer\vendor\bin;C:\Program Files\NVIDIA Corporation\NVIDIA NvDLISR;C:\Windows\system32\config\systemprofile\AppData\Local\Microsoft\WindowsApps;C:\Program Files\CMake\bin;C:\Program Files\AmneziaWG\;C:\Program Files\nodejs\;C:\Program Files\NVIDIA Corporation\NVIDIA App\NvDLISR;C:\Program Files\Git\cmd;C:\Users\Aiden\.jdks\graalvm-ce-17.0.9;C:\Python313\Scripts\;C:\Python313\;C:\Program Files (x86)\Common Files\Oracle\Java\java8path;C:\Program Files (x86)\Common Files\Oracle\Java\javapath;C:\Program Files (x86)\Razer Chroma SDK\bin;C:\Program Files\Razer Chroma SDK\bin;C:\Program Files (x86)\Razer\ChromaBroadcast\bin;C:\Program Files\Razer\ChromaBroadcast\bin;C:\Program Files\BellSoft\LibericaJDK-17\bin\;C:\Windows\system32;C:\Windows;C:\Windows\System32\Wbem;C:\Windows\System32\WindowsPowerShell\v1.0\;C:\Program Files (x86)\NVIDIA Corporation\PhysX\Common;C:\Program Files\Git\cmd;C:\Program Files\dotnet\;C:\ProgramData\chocolatey\bin;C:\Users\Aiden\Desktop\php;C:\ProgramData\ComposerSetup\bin;C:\Users\Aiden\AppData\Local\Programs\Python\Python310\Scripts\;C:\Users\Aiden\AppData\Local\Programs\Python\Python310\;C:\Users\Aiden\AppData\Local\Microsoft\WindowsApps;C:\Users\Aiden\AppData\Local\GitHubDesktop\bin;C:\Program Files\JetBrains\IntelliJ IDEA 2022.2\bin;C:\Users\Aiden\.dotnet\tools;C:\Users\Aiden\.jdks\liberica-full-17.0.13\bin;
USERNAME=Aiden
OS=Windows_NT
PROCESSOR_IDENTIFIER=Intel64 Family 6 Model 79 Stepping 1, GenuineIntel
TMP=C:\Temp
TEMP=C:\Temp



Periodic native trim disabled


---------------  S Y S T E M  ---------------

OS:
 Windows 10 , 64 bit Build 19041 (10.0.19041.662)
OS uptime: 6 days 14:05 hours

CPU: total 20 (initial active 20) (10 cores per cpu, 2 threads per core) family 6 model 79 stepping 1 microcode 0xb000031, cx8, cmov, fxsr, ht, mmx, 3dnowpref, sse, sse2, sse3, ssse3, sse4.1, sse4.2, popcnt, lzcnt, tsc, tscinvbit, avx, avx2, aes, erms, clmul, bmi1, bmi2, rtm, adx, fma, vzeroupper, clflush
Processor Information for all 20 processors :
  Max Mhz: 3001, Current Mhz: 3001, Mhz Limit: 3001

Memory: 4k page, system-wide physical 32605M (7766M free)
TotalPageFile size 32605M (AvailPageFile size 3360M)
current process WorkingSet (physical memory assigned to process): 10513M, peak: 10513M
current process commit charge ("private bytes"): 12550M, peak: 12550M

vm_info: OpenJDK 64-Bit Server VM (17.0.15+10-LTS) for windows-amd64 JRE (17.0.15+10-LTS), built on Apr 10 2025 18:38:03 by "" with MS VC++ 17.1 (VS2022)

END.
