#
# A fatal error has been detected by the Java Runtime Environment:
#
#  EXCEPTION_ACCESS_VIOLATION (0xc0000005) at pc=0x00007ffa97129bd8, pid=4144, tid=15920
#
# JRE version: OpenJDK Runtime Environment (17.0.15+10) (build 17.0.15+10-LTS)
# Java VM: OpenJDK 64-Bit Server VM (17.0.15+10-LTS, mixed mode, sharing, tiered, compressed oops, compressed class ptrs, g1 gc, windows-amd64)
# Problematic frame:
# C  [bulletjme-x86_64.dll+0x9bd8]
#
# No core dump will be written. Minidumps are not enabled by default on client versions of Windows
#
# If you would like to submit a bug report, please visit:
#   https://bell-sw.com/support
# The crash happened outside the Java Virtual Machine in native code.
# See problematic frame for where to report the bug.
#

---------------  S U M M A R Y ------------

Command Line: -javaagent:C:\Program Files\JetBrains\IntelliJIdea2025.1\lib\idea_rt.jar=59312 -Dfile.encoding=UTF-8 test.Game --add-opens=java.base/java.nio=ALL-UNNAMED

Host: Intel(R) Core(TM) i7-6950X CPU @ 3.00GHz, 20 cores, 31G,  Windows 10 , 64 bit Build 19041 (10.0.19041.662)
Time: Thu Jun 26 09:38:54 2025 RTZ 2 (s 10 , 64 bit Build 19041 (10.0.19041.662) elapsed time: 8.048349 seconds (0d 0h 0m 8s)

---------------  T H R E A D  ---------------

Current thread (0x00000228c57bf500):  JavaThread "jME3 Main" [_thread_in_native, id=15920, stack(0x000000d7a4520000,0x000000d7a4620000)]

Stack: [0x000000d7a4520000,0x000000d7a4620000],  sp=0x000000d7a461f0c0,  free space=1020k
Native frames: (J=compiled Java code, j=interpreted, Vv=VM code, C=native code)
C  [bulletjme-x86_64.dll+0x9bd8]

Java frames: (J=compiled Java code, j=interpreted, Vv=VM code)
J 4989  com.jme3.bullet.PhysicsSpace.stepSimulation(JFIFZZZ)V (0 bytes) @ 0x00000228e0e9858a [0x00000228e0e98520+0x000000000000006a]
J 5482 c1 com.jme3.bullet.PhysicsSpace.update(FIZZZ)V (121 bytes) @ 0x00000228d9b16714 [0x00000228d9b16380+0x0000000000000394]
J 5481 c1 com.jme3.bullet.DefaultContactManager.update(FI)V (68 bytes) @ 0x00000228d9b153ec [0x00000228d9b15340+0x00000000000000ac]
J 5480 c1 com.jme3.bullet.PhysicsSpace.update(F)V (85 bytes) @ 0x00000228d9b13984 [0x00000228d9b13840+0x0000000000000144]
J 5479 c1 com.jme3.bullet.BulletAppState.render(Lcom/jme3/renderer/RenderManager;)V (97 bytes) @ 0x00000228d9b13fc4 [0x00000228d9b13d60+0x0000000000000264]
J 5645 c2 com.jme3.app.state.AppStateManager.render(Lcom/jme3/renderer/RenderManager;)V (95 bytes) @ 0x00000228e0e0c304 [0x00000228e0e0c0e0+0x0000000000000224]
j  com.jme3.app.SimpleApplication.update()V+161
j  com.jme3.system.lwjgl.LwjglWindow.runLoop()V+37
j  com.jme3.system.lwjgl.LwjglWindow.run()V+54
j  java.lang.Thread.run()V+11 java.base@17.0.15
v  ~StubRoutines::call_stub

siginfo: EXCEPTION_ACCESS_VIOLATION (0xc0000005), reading address 0x0000000000000118


Registers:
RAX=0x00000228ccf0d910, RBX=0x000000000000001c, RCX=0x0000000000000000, RDX=0x0000000000000000
RSP=0x000000d7a461f0c0, RBP=0x0000000000000004, RSI=0x0000022904cf20d0, RDI=0x00000000000000e0
R8 =0x0000000000000004, R9 =0x0000000000000000, R10=0x00007ffa972a3a10, R11=0x0000000000000000
R12=0x0000000000000000, R13=0x00000000c0908d4b, R14=0x000000d7a461f208, R15=0x00000228c57bf500
RIP=0x00007ffa97129bd8, EFLAGS=0x0000000000010283

XMM[0]=0x0000000000000000 0x0000000042b55e82
XMM[1]=0x0000000000000000 0x000000003d888889
XMM[2]=0x0000000000000000 0x000000003c3af000
XMM[3]=0x0000000000000000 0x000000003c888889
XMM[4]=0x0000000000000000 0x0000000000000000
XMM[5]=0x0000000000000000 0x0000000000000000
XMM[6]=0x0000000000000000 0x000000003d888889
XMM[7]=0x0000000000000000 0x00000000c0000000
XMM[8]=0x0000000000000000 0x00000000c0a00000
XMM[9]=0x0000000000000000 0x0000000000000000
XMM[10]=0x0000000000000000 0x0000000000000000
XMM[11]=0x0000000000000000 0x0000000000000000
XMM[12]=0x0000000000000000 0x0000000000000000
XMM[13]=0x0000000000000000 0x0000000000000000
XMM[14]=0x0000000000000000 0x0000000041e80000
XMM[15]=0x0000000000000000 0x0000000000000000
  MXCSR=0x00001fa5


Register to memory mapping:

RIP=0x00007ffa97129bd8 bulletjme-x86_64.dll
RAX=0x00000228ccf0d910 points into unknown readable memory: 0x00000228c6d14eb0 | b0 4e d1 c6 28 02 00 00
RBX=0x000000000000001c is an unknown value
RCX=0x0 is NULL
RDX=0x0 is NULL
RSP=0x000000d7a461f0c0 is pointing into the stack for thread: 0x00000228c57bf500
RBP=0x0000000000000004 is an unknown value
RSI=0x0000022904cf20d0 points into unknown readable memory: 0x00007ffa972eadf8 | f8 ad 2e 97 fa 7f 00 00
RDI=0x00000000000000e0 is an unknown value
R8 =0x0000000000000004 is an unknown value
R9 =0x0 is NULL
R10=0x00007ffa972a3a10 bulletjme-x86_64.dll
R11=0x0 is NULL
R12=0x0 is NULL
R13=3230698827 is a compressed pointer to object: java.util.concurrent.ConcurrentHashMap$Node 
{0x0000000604846a58} - klass: 'java/util/concurrent/ConcurrentHashMap$Node'
 - ---- fields (total size 4 words):
 - final 'hash' 'I' @12  1665296537 (63426899)
 - final 'key' 'Ljava/lang/Object;' @16  "com.jme3.bullet.PhysicsSpace"{0x00000006037f4868} (c06fe90d)
 - volatile 'val' 'Ljava/lang/Object;' @20  a 'org/apache/logging/slf4j/Log4jLogger'{0x0000000604846a78} (c0908d4f)
 - volatile 'next' 'Ljava/util/concurrent/ConcurrentHashMap$Node;' @24  NULL (0)
R14=0x000000d7a461f208 is pointing into the stack for thread: 0x00000228c57bf500
R15=0x00000228c57bf500 is a thread


Top of Stack: (sp=0x000000d7a461f0c0)
0x000000d7a461f0c0:   0000000602f039c0 0000000602f03848
0x000000d7a461f0d0:   000000d7a461f110 0000000602873900
0x000000d7a461f0e0:   000000003c888889 0000000000000000
0x000000d7a461f0f0:   000000000000005a 00007ffa9712ab58
0x000000d7a461f100:   0000000000000004 0000022904cf20d0
0x000000d7a461f110:   00000000c051193a 00000228e0fa0440
0x000000d7a461f120:   00000000bf800000 0000000000000000
0x000000d7a461f130:   0000000000000000 00007ffa972a3a4e
0x000000d7a461f140:   000000d7a461f220 0000000000000001
0x000000d7a461f150:   0000000000000001 000000060d1f0980
0x000000d7a461f160:   00000006029c9a00 000000060d1f0900
0x000000d7a461f170:   0000000604846a01 00000228e0f94c9c
0x000000d7a461f180:   00000228e04d9520 00000228e0e98638
0x000000d7a461f190:   000000000000100f 000000d7a461f198
0x000000d7a461f1a0:   00000228802742a8 00000006037f47d0
0x000000d7a461f1b0:   0000000000000004 000000063c888889
0x000000d7a461f1c0:   0000000000000000 0000000000000000
0x000000d7a461f1d0:   0000000000000001 00000006029c9a88
0x000000d7a461f1e0:   00000006028b51a8 00007ffa00000000
0x000000d7a461f1f0:   00000228c57bf500 000000000000100f
0x000000d7a461f200:   000000060487d168 0000000604441028
0x000000d7a461f210:   0000000000000011 00007ffa9276526d
0x000000d7a461f220:   00000000c050cfc9 00000228d9b16714
0x000000d7a461f230:   000000d7a461f2d8 00000228c2a64cf8
0x000000d7a461f240:   0000000000000110 00000228e04ec3b2
0x000000d7a461f250:   00000228e04d9520 00000000000000c3
0x000000d7a461f260:   000000060d1f0900 000000060d1f08e8
0x000000d7a461f270:   000000060449b920 00000006044b19f0
0x000000d7a461f280:   0000000000000003 0000000000000000
0x000000d7a461f290:   000000060443c940 0000000000000004
0x000000d7a461f2a0:   0000000100000000 00000228c57bf7b8
0x000000d7a461f2b0:   000002283fc01cab 00000006037d2130 

Instructions: (pc=0x00007ffa97129bd8)
0x00007ffa97129ad8:   14 c8 4a 8d 0c d5 f8 ff ff ff 4a 8b 04 01 48 89
0x00007ffa97129ae8:   02 49 8b 83 60 01 00 00 4c 89 0c 01 41 ff 8b 54
0x00007ffa97129af8:   01 00 00 48 8b 4b 28 48 8b d3 e8 89 e1 05 00 48
0x00007ffa97129b08:   8b 4b 30 48 8b d3 48 83 c4 20 5b e9 78 e1 05 00
0x00007ffa97129b18:   cc cc cc cc cc cc cc cc 40 53 4c 63 91 74 01 00
0x00007ffa97129b28:   00 33 c0 4c 8b da 48 8b d9 45 85 d2 7e 5d 4c 8b
0x00007ffa97129b38:   81 80 01 00 00 0f 1f 00 4d 39 18 74 17 ff c0 49
0x00007ffa97129b48:   83 c0 08 41 3b c2 7c f0 49 8b d3 48 8b cb 5b e9
0x00007ffa97129b58:   e4 e8 07 00 41 3b c2 7d 32 4c 8b 81 80 01 00 00
0x00007ffa97129b68:   48 63 c8 4d 8b 0c c8 49 8d 14 c8 4a 8d 0c d5 f8
0x00007ffa97129b78:   ff ff ff 4a 8b 04 01 48 89 02 48 8b 83 80 01 00
0x00007ffa97129b88:   00 4c 89 0c 01 ff 8b 74 01 00 00 49 8b d3 48 8b
0x00007ffa97129b98:   cb 5b e9 a1 e8 07 00 cc 48 89 5c 24 10 56 48 83
0x00007ffa97129ba8:   ec 30 33 db 0f 29 74 24 20 0f 28 f1 48 8b f1 39
0x00007ffa97129bb8:   59 0c 7e 57 48 89 7c 24 40 8b fb 0f 1f 40 00 66
0x00007ffa97129bc8:   0f 1f 84 00 00 00 00 00 48 8b 46 18 48 8b 0c 07
0x00007ffa97129bd8:   f6 81 18 01 00 00 02 74 22 48 85 c9 74 1d 83 b9
0x00007ffa97129be8:   f8 00 00 00 02 74 14 8b 81 e8 00 00 00 d1 e8 a8
0x00007ffa97129bf8:   01 74 08 0f 28 ce e8 3d e2 05 00 ff c3 48 83 c7
0x00007ffa97129c08:   08 3b 5e 0c 7c c2 48 8b 7c 24 40 48 8b 5c 24 48
0x00007ffa97129c18:   0f 28 74 24 20 48 83 c4 30 5e c3 cc cc cc cc cc
0x00007ffa97129c28:   cc cc cc cc cc cc cc cc 48 89 5c 24 08 57 48 83
0x00007ffa97129c38:   ec 20 48 8b fa 48 8b d9 e8 3b e8 16 00 8b 43 40
0x00007ffa97129c48:   89 47 20 8b 43 44 89 47 24 8b 43 48 89 47 28 8b
0x00007ffa97129c58:   43 4c 89 47 2c 8b 43 30 89 47 10 8b 43 34 89 47
0x00007ffa97129c68:   14 8b 43 38 89 47 18 8b 43 3c 89 47 1c 8b 43 50
0x00007ffa97129c78:   48 8b 5c 24 30 89 47 30 48 8d 05 c1 13 1c 00 c7
0x00007ffa97129c88:   47 34 00 00 00 00 48 83 c4 20 5f c3 cc cc cc cc
0x00007ffa97129c98:   cc cc cc cc cc cc cc cc 48 89 5c 24 10 48 89 6c
0x00007ffa97129ca8:   24 18 48 89 74 24 20 57 41 54 41 56 48 83 ec 30
0x00007ffa97129cb8:   48 8b 02 48 8b e9 48 8b ca 4c 89 7c 24 50 48 8b
0x00007ffa97129cc8:   f2 ff 50 38 48 8b 06 ba 68 00 00 00 41 b8 01 00 


Stack slot to memory mapping:
stack at sp + 0 slots: 0x0000000602f039c0 is an oop: java.util.concurrent.locks.ReentrantReadWriteLock$FairSync 
{0x0000000602f039c0} - klass: 'java/util/concurrent/locks/ReentrantReadWriteLock$FairSync'
 - ---- fields (total size 6 words):
 - private transient 'exclusiveOwnerThread' 'Ljava/lang/Thread;' @12  NULL (0)
 - private volatile 'state' 'I' @16  0
 - private volatile transient 'head' 'Ljava/util/concurrent/locks/AbstractQueuedSynchronizer$Node;' @20  NULL (0)
 - private volatile transient 'tail' 'Ljava/util/concurrent/locks/AbstractQueuedSynchronizer$Node;' @24  NULL (0)
 - private transient 'firstReaderHoldCount' 'I' @28  1
 - private transient 'readHolds' 'Ljava/util/concurrent/locks/ReentrantReadWriteLock$Sync$ThreadLocalHoldCounter;' @32  a 'java/util/concurrent/locks/ReentrantReadWriteLock$Sync$ThreadLocalHoldCounter'{0x0000000602f039f0} (c05e073e)
 - private transient 'cachedHoldCounter' 'Ljava/util/concurrent/locks/ReentrantReadWriteLock$Sync$HoldCounter;' @36  a 'java/util/concurrent/locks/ReentrantReadWriteLock$Sync$HoldCounter'{0x000000060a2e9a48} (c145d349)
 - private transient 'firstReader' 'Ljava/lang/Thread;' @40  NULL (0)
stack at sp + 1 slots: 0x0000000602f03848 is an oop: java.util.concurrent.ConcurrentHashMap 
{0x0000000602f03848} - klass: 'java/util/concurrent/ConcurrentHashMap'
 - ---- fields (total size 8 words):
 - transient 'keySet' 'Ljava/util/Set;' @12  NULL (0)
 - transient 'values' 'Ljava/util/Collection;' @16  NULL (0)
 - private volatile transient 'sizeCtl' 'I' @20  48 (30)
 - private volatile transient 'baseCount' 'J' @24  45 (2d 0)
 - private volatile transient 'transferIndex' 'I' @32  0
 - private volatile transient 'cellsBusy' 'I' @36  0
 - volatile transient 'table' '[Ljava/util/concurrent/ConcurrentHashMap$Node;' @40  a 'java/util/concurrent/ConcurrentHashMap$Node'[64] {0x00000006037dcd48} (c06fb9a9)
 - private volatile transient 'nextTable' '[Ljava/util/concurrent/ConcurrentHashMap$Node;' @44  NULL (0)
 - private volatile transient 'counterCells' '[Ljava/util/concurrent/ConcurrentHashMap$CounterCell;' @48  NULL (0)
 - private transient 'keySet' 'Ljava/util/concurrent/ConcurrentHashMap$KeySetView;' @52  NULL (0)
 - private transient 'values' 'Ljava/util/concurrent/ConcurrentHashMap$ValuesView;' @56  NULL (0)
 - private transient 'entrySet' 'Ljava/util/concurrent/ConcurrentHashMap$EntrySetView;' @60  NULL (0)
stack at sp + 2 slots: 0x000000d7a461f110 is pointing into the stack for thread: 0x00000228c57bf500
stack at sp + 3 slots: 0x0000000602873900 is an oop: jdk.internal.loader.ClassLoaders$AppClassLoader 
{0x0000000602873900} - klass: 'jdk/internal/loader/ClassLoaders$AppClassLoader'
 - ---- fields (total size 13 words):
 - private 'defaultAssertionStatus' 'Z' @12  false
 - private final 'parent' 'Ljava/lang/ClassLoader;' @24  a 'jdk/internal/loader/ClassLoaders$PlatformClassLoader'{0x0000000602873968} (c050e72d)
 - private final 'name' 'Ljava/lang/String;' @28  "app"{0x00000006029c1448} (c0538289)
 - private final 'unnamedModule' 'Ljava/lang/Module;' @32  a 'java/lang/Module'{0x0000000602883a80} (c0510750)
 - private final 'nameAndId' 'Ljava/lang/String;' @36  "'app'"{0x0000000602b5a480} (c056b490)
 - private final 'parallelLockMap' 'Ljava/util/concurrent/ConcurrentHashMap;' @40  a 'java/util/concurrent/ConcurrentHashMap'{0x0000000602b5a4b0} (c056b496)
 - private final 'package2certs' 'Ljava/util/concurrent/ConcurrentHashMap;' @44  a 'java/util/concurrent/ConcurrentHashMap'{0x0000000602b333e8} (c056667d)
 - private final 'classes' 'Ljava/util/ArrayList;' @48  a 'java/util/ArrayList'{0x0000000602b1cbe8} (c056397d)
 - private final 'defaultDomain' 'Ljava/security/ProtectionDomain;' @52  a 'java/security/ProtectionDomain'{0x0000000602b03968} (c056072d)
 - private final 'packages' 'Ljava/util/concurrent/ConcurrentHashMap;' @56  a 'java/util/concurrent/ConcurrentHashMap'{0x0000000602ad8020} (c055b004)
 - private final 'libraries' 'Ljdk/internal/loader/NativeLibraries;' @60  a 'jdk/internal/loader/NativeLibraries'{0x0000000602ad7fc0} (c055aff8)
 - final 'assertionLock' 'Ljava/lang/Object;' @64  a 'java/lang/Object'{0x0000000602ad7fb0} (c055aff6)
 - private 'packageAssertionStatus' 'Ljava/util/Map;' @68  NULL (0)
 - 'classAssertionStatus' 'Ljava/util/Map;' @72  NULL (0)
 - private volatile 'classLoaderValueMap' 'Ljava/util/concurrent/ConcurrentHashMap;' @76  a 'java/util/concurrent/ConcurrentHashMap'{0x0000000602a7ac10} (c054f582)
 - private final 'pdcache' 'Ljava/util/Map;' @80  a 'java/util/concurrent/ConcurrentHashMap'{0x0000000602a79ee8} (c054f3dd)
 - private final 'parent' 'Ljdk/internal/loader/BuiltinClassLoader;' @84  a 'jdk/internal/loader/ClassLoaders$PlatformClassLoader'{0x0000000602873968} (c050e72d)
 - private synchronized 'ucp' 'Ljdk/internal/loader/URLClassPath;' @88  a 'jdk/internal/loader/URLClassPath'{0x0000000602ad6c68} (c055ad8d)
 - private final 'nameToModule' 'Ljava/util/Map;' @92  a 'java/util/concurrent/ConcurrentHashMap'{0x0000000602ae6ee8} (c055cddd)
 - private final 'moduleToReader' 'Ljava/util/Map;' @96  a 'java/util/concurrent/ConcurrentHashMap'{0x0000000602adcaf0} (c055b95e)
 - private volatile 'resourceCache' 'Ljava/lang/ref/SoftReference;' @100  a 'java/lang/ref/SoftReference'{0x0000000602adc9a8} (c055b935)
stack at sp + 4 slots: 0x000000003c888889 is an unknown value
stack at sp + 5 slots: 0x0 is NULL
stack at sp + 6 slots: 0x000000000000005a is an unknown value
stack at sp + 7 slots: 0x00007ffa9712ab58 bulletjme-x86_64.dll


Compiled method (n/a)    8087 4989     n 0       com.jme3.bullet.PhysicsSpace::stepSimulation (native)
 total in heap  [0x00000228e0e98390,0x00000228e0e98778] = 1000
 relocation     [0x00000228e0e984e8,0x00000228e0e98518] = 48
 main code      [0x00000228e0e98520,0x00000228e0e98770] = 592
 oops           [0x00000228e0e98770,0x00000228e0e98778] = 8

[Constant Pool (empty)]

[MachCode]
[Entry Point]
  # {method} {0x00000228c2c72fb8} 'stepSimulation' '(JFIFZZZ)V' in 'com/jme3/bullet/PhysicsSpace'
  # parm0:    rdx:rdx   = long
  # parm1:    xmm0      = float
  # parm2:    r8        = int
  # parm3:    xmm1      = float
  # parm4:    r9        = boolean
  # parm5:    rdi       = boolean
  # parm6:    rsi       = boolean
  #           [sp+0xa0]  (sp of caller)
  0x00000228e0e98520: 448b 5208 | 49bb 0000 | 0080 2802 | 0000 4d03 | d349 3bc2 | 0f84 0600 

  0x00000228e0e98538: ;   {runtime_call ic_miss_stub}
  0x00000228e0e98538: 0000 e941 | 8b68 ff90 
[Verified Entry Point]
  0x00000228e0e98540: 8984 2400 | 90ff ff55 | 488b ec48 | 81ec 9000 | 0000 4889 | 7424 4048 | 897c 2438 | 4c89 4c24 
  0x00000228e0e98560: 30c5 fa11 | 4c24 284c | 8944 2420 | c5f9 28d8 

  0x00000228e0e98570: ;   {oop(a 'java/lang/Class'{0x0000000604441028} = 'com/jme3/bullet/PhysicsSpace')}
  0x00000228e0e98570: 4c8b c249 | be28 1044 | 0406 0000 | 004c 8974 | 2478 4c8d | 7424 7849 | 8bd6 c5f8 

  0x00000228e0e9858c: ;   {internal_word}
  0x00000228e0e9858c: 7749 ba8a | 85e9 e028 | 0200 004d | 8997 a002 | 0000 4989 | a798 0200 

  0x00000228e0e985a4: ;   {external_word}
  0x00000228e0e985a4: 0049 ba12 | 1af7 92fa | 7f00 0041 | 803a 000f | 8460 0000 | 0052 4150 | 4883 ec10 | c5fb 111c 
  0x00000228e0e985c4: ;   {metadata({method} {0x00000228c2c72fb8} 'stepSimulation' '(JFIFZZZ)V' in 'com/jme3/bullet/PhysicsSpace')}
  0x00000228e0e985c4: 2448 bab0 | 2fc7 c228 | 0200 0049 | 8bcf 4883 | ec20 f7c4 | 0f00 0000 | 0f84 1a00 | 0000 4883 
  0x00000228e0e985e4: ;   {runtime_call}
  0x00000228e0e985e4: ec08 49ba | 6067 ac92 | fa7f 0000 | 41ff d248 | 83c4 08e9 | 0d00 0000 

  0x00000228e0e985fc: ;   {runtime_call}
  0x00000228e0e985fc: 49ba 6067 | ac92 fa7f | 0000 41ff | d248 83c4 | 20c5 fb10 | 1c24 4883 | c410 4158 | 5a49 8d8f 
  0x00000228e0e9861c: b802 0000 | 41c7 8740 | 0300 0004 

  0x00000228e0e98628: ;   {runtime_call}
  0x00000228e0e98628: 0000 0049 | ba10 3a2a | 97fa 7f00 | 0041 ffd2 | c5f8 7741 | c787 4003 | 0000 0500 | 0000 f083 
  0x00000228e0e98648: 4424 c000 | 493b af48 | 0300 000f | 8711 0000 | 0041 81bf | 3003 0000 | 0000 0000 | 0f84 2400 
  0x00000228e0e98668: 0000 c5f8 | 7749 8bcf | 4c8b e448 | 83ec 2048 

  0x00000228e0e98678: ;   {runtime_call}
  0x00000228e0e98678: 83e4 f049 | ba80 79bc | 92fa 7f00 | 0041 ffd2 | 498b e44d | 33e4 41c7 | 8740 0300 | 0008 0000 
  0x00000228e0e98698: 0041 81bf | b003 0000 | 0200 0000 | 0f84 9b00 

  0x00000228e0e986a8: ;   {external_word}
  0x00000228e0e986a8: 0000 49ba | 121a f792 | fa7f 0000 | 4180 3a00 | 0f84 4800 

  0x00000228e0e986bc: ;   {metadata({method} {0x00000228c2c72fb8} 'stepSimulation' '(JFIFZZZ)V' in 'com/jme3/bullet/PhysicsSpace')}
  0x00000228e0e986bc: 0000 48ba | b02f c7c2 | 2802 0000 | 498b cf48 | 83ec 20f7 | c40f 0000 | 000f 841a | 0000 0048 
  0x00000228e0e986dc: ;   {runtime_call}
  0x00000228e0e986dc: 83ec 0849 | ba60 67ac | 92fa 7f00 | 0041 ffd2 | 4883 c408 | e90d 0000 

  0x00000228e0e986f4: ;   {runtime_call}
  0x00000228e0e986f4: 0049 ba60 | 67ac 92fa | 7f00 0041 | ffd2 4883 | c420 49c7 | 8798 0200 | 0000 0000 | 0049 c787 
  0x00000228e0e98714: a002 0000 | 0000 0000 | c5f8 7749 | 8b8f d800 | 0000 c781 | 0001 0000 | 0000 0000 | c949 817f 
  0x00000228e0e98734: 0800 0000 | 000f 8501 | 0000 00c3 

  0x00000228e0e98740: ;   {runtime_call StubRoutines (1)}
  0x00000228e0e98740: e9bb 8763 | ffc5 f877 | 4c8b e448 | 83ec 2048 

  0x00000228e0e98750: ;   {runtime_call}
  0x00000228e0e98750: 83e4 f049 | ba00 98ac | 92fa 7f00 | 0041 ffd2 | 498b e44d | 33e4 e93f | ffff fff4 | f4f4 f4f4 
[/MachCode]


Compiled method (c1)    8092 5482       3       com.jme3.bullet.PhysicsSpace::update (121 bytes)
 total in heap  [0x00000228d9b16190,0x00000228d9b16958] = 1992
 relocation     [0x00000228d9b162e8,0x00000228d9b16368] = 128
 main code      [0x00000228d9b16380,0x00000228d9b167c0] = 1088
 stub code      [0x00000228d9b167c0,0x00000228d9b16838] = 120
 oops           [0x00000228d9b16838,0x00000228d9b16840] = 8
 metadata       [0x00000228d9b16840,0x00000228d9b16858] = 24
 scopes data    [0x00000228d9b16858,0x00000228d9b168d0] = 120
 scopes pcs     [0x00000228d9b168d0,0x00000228d9b16950] = 128
 dependencies   [0x00000228d9b16950,0x00000228d9b16958] = 8

[Constant Pool (empty)]

[MachCode]
[Entry Point]
  # {method} {0x00000228c2c6feb8} 'update' '(FIZZZ)V' in 'com/jme3/bullet/PhysicsSpace'
  # this:     rdx:rdx   = 'com/jme3/bullet/PhysicsSpace'
  # parm0:    xmm0      = float
  # parm1:    r8        = int
  # parm2:    r9        = boolean
  # parm3:    rdi       = boolean
  # parm4:    rsi       = boolean
  #           [sp+0xa0]  (sp of caller)
  0x00000228d9b16380: 448b 5208 | 49bb 0000 | 0080 2802 | 0000 4d03 | d34c 3bd0 

  0x00000228d9b16394: ;   {runtime_call ic_miss_stub}
  0x00000228d9b16394: 0f85 e6ac | a006 660f | 1f44 0000 
[Verified Entry Point]
  0x00000228d9b163a0: 8984 2400 | 90ff ff55 | 4881 ec90 

  0x00000228d9b163ac: ;   {metadata(method data for {method} {0x00000228c2c6feb8} 'update' '(FIZZZ)V' in 'com/jme3/bullet/PhysicsSpace')}
  0x00000228d9b163ac: 0000 0048 | bbf8 5fe8 | c228 0200 | 008b 83cc | 0000 0083 | c002 8983 | cc00 0000 | 81e0 fe07 
  0x00000228d9b163cc: 0000 83f8 | 000f 8453 

  0x00000228d9b163d4: ;   {metadata(method data for {method} {0x00000228c2c6feb8} 'update' '(FIZZZ)V' in 'com/jme3/bullet/PhysicsSpace')}
  0x00000228d9b163d4: 0300 0048 | bbf8 5fe8 | c228 0200 | 00ff 8310 

  0x00000228d9b163e4: ;   {metadata(method data for {method} {0x00000228c2c6feb8} 'update' '(FIZZZ)V' in 'com/jme3/bullet/PhysicsSpace')}
  0x00000228d9b163e4: 0100 0048 | bbf8 5fe8 | c228 0200 | 00ff 8370 | 0100 0089 | 7424 7489 | 7c24 7044 | 894c 246c 
  0x00000228d9b16404: 4489 4424 | 68c5 fa11 | 8424 8000 | 0000 4889 

  0x00000228d9b16414: ;   {metadata(method data for {method} {0x00000228c2c6feb8} 'update' '(FIZZZ)V' in 'com/jme3/bullet/PhysicsSpace')}
  0x00000228d9b16414: 5424 6048 | bbf8 5fe8 | c228 0200 | 0048 8383 | d001 0000 | 0166 0f1f 

  0x00000228d9b1642c: ;   {static_call}
  0x00000228d9b1642c: 4400 00e8 

  0x00000228d9b16430: ; ImmutableOopMap {[96]=Oop }
                      ;*invokestatic jniEnvId {reexecute=0 rethrow=0 return_oop=0}
                      ; - com.jme3.bullet.PhysicsSpace::update@48 (line 1015)
  0x00000228d9b16430: 0c19 3807 | 488b 5424 

  0x00000228d9b16438: ;   {metadata(method data for {method} {0x00000228c2c6feb8} 'update' '(FIZZZ)V' in 'com/jme3/bullet/PhysicsSpace')}
  0x00000228d9b16438: 6048 bef8 | 5fe8 c228 | 0200 008b | 5208 49ba | 0000 0080 | 2802 0000 | 4903 d248 | 3b96 f001 
  0x00000228d9b16458: 0000 750d | 4883 86f8 | 0100 0001 | e966 0000 | 0048 3b96 | 0002 0000 | 750d 4883 | 8608 0200 
  0x00000228d9b16478: 0001 e950 | 0000 0048 | 81be f001 | 0000 0000 | 0000 7517 | 4889 96f0 | 0100 0048 | c786 f801 
  0x00000228d9b16498: 0000 0100 | 0000 e92c | 0000 0048 | 81be 0002 | 0000 0000 | 0000 7517 | 4889 9600 | 0200 0048 
  0x00000228d9b164b8: c786 0802 | 0000 0100 | 0000 e908 | 0000 0048 | 8386 e001 | 0000 0148 | 8b54 2460 | 4889 4424 
  0x00000228d9b164d8: 7866 0f1f 

  0x00000228d9b164dc: ;   {optimized virtual_call}
  0x00000228d9b164dc: 4400 00e8 

  0x00000228d9b164e0: ; ImmutableOopMap {[96]=Oop }
                      ;*invokevirtual jniEnvId {reexecute=0 rethrow=0 return_oop=0}
                      ; - com.jme3.bullet.PhysicsSpace::update@52 (line 1015)
  0x00000228d9b164e0: fcf5 ffff | 4c8b 4424 | 784c 3bc0 

  0x00000228d9b164ec: ;   {metadata(method data for {method} {0x00000228c2c6feb8} 'update' '(FIZZZ)V' in 'com/jme3/bullet/PhysicsSpace')}
  0x00000228d9b164ec: 49b8 f85f | e8c2 2802 | 0000 49c7 | c118 0200 | 000f 8407 | 0000 0049 | c7c1 2802 | 0000 4b8b 
  0x00000228d9b1650c: 1408 488d | 5201 4b89 | 1408 0f84 | c000 0000 

  0x00000228d9b1651c: ;   {oop(a 'java/util/logging/Logger'{0x00000006037f47d0})}
  0x00000228d9b1651c: 48ba d047 | 7f03 0600 | 0000 4c8b 

  0x00000228d9b16528: ;   {metadata(method data for {method} {0x00000228c2c6feb8} 'update' '(FIZZZ)V' in 'com/jme3/bullet/PhysicsSpace')}
  0x00000228d9b16528: c249 b9f8 | 5fe8 c228 | 0200 0045 | 8b40 0849 | ba00 0000 | 8028 0200 | 004d 03c2 | 4d3b 8148 
  0x00000228d9b16548: 0200 0075 | 0d49 8381 | 5002 0000 | 01e9 6600 | 0000 4d3b | 8158 0200 | 0075 0d49 | 8381 6002 
  0x00000228d9b16568: 0000 01e9 | 5000 0000 | 4981 b948 | 0200 0000 | 0000 0075 | 174d 8981 | 4802 0000 | 49c7 8150 
  0x00000228d9b16588: 0200 0001 | 0000 00e9 | 2c00 0000 | 4981 b958 | 0200 0000 | 0000 0075 | 174d 8981 | 5802 0000 
  0x00000228d9b165a8: 49c7 8160 | 0200 0001 | 0000 00e9 | 0800 0000 | 4983 8138 | 0200 0001 

  0x00000228d9b165c0: ;   {oop(a 'java/util/logging/Level'{0x0000000602aa7798})}
  0x00000228d9b165c0: 49b8 9877 | aa02 0600 

  0x00000228d9b165c8: ;   {oop("invoked from wrong thread"{0x000000060487d168})}
  0x00000228d9b165c8: 0000 49b9 | 68d1 8704 | 0600 0000 

  0x00000228d9b165d4: ;   {optimized virtual_call}
  0x00000228d9b165d4: 6666 90e8 

  0x00000228d9b165d8: ; ImmutableOopMap {[96]=Oop }
                      ;*invokevirtual log {reexecute=0 rethrow=0 return_oop=0}
                      ; - com.jme3.bullet.PhysicsSpace::update@68 (line 1016)
  0x00000228d9b165d8: 64de 4707 | 488b 5424 

  0x00000228d9b165e0: ;   {metadata(method data for {method} {0x00000228c2c6feb8} 'update' '(FIZZZ)V' in 'com/jme3/bullet/PhysicsSpace')}
  0x00000228d9b165e0: 6049 b8f8 | 5fe8 c228 | 0200 008b | 5208 49ba | 0000 0080 | 2802 0000 | 4903 d249 | 3b90 8002 
  0x00000228d9b16600: 0000 750d | 4983 8088 | 0200 0001 | e966 0000 | 0049 3b90 | 9002 0000 | 750d 4983 | 8098 0200 
  0x00000228d9b16620: 0001 e950 | 0000 0049 | 81b8 8002 | 0000 0000 | 0000 7517 | 4989 9080 | 0200 0049 | c780 8802 
  0x00000228d9b16640: 0000 0100 | 0000 e92c | 0000 0049 | 81b8 9002 | 0000 0000 | 0000 7517 | 4989 9090 | 0200 0049 
  0x00000228d9b16660: c780 9802 | 0000 0100 | 0000 e908 | 0000 0049 | 8380 7002 

  0x00000228d9b16674: ;   {metadata(method data for {method} {0x00000228c14498d0} 'nativeId' '()J' in 'com/jme3/bullet/NativePhysicsObject')}
  0x00000228d9b16674: 0000 0148 | ba90 cce2 | c228 0200 | 0044 8b82 | cc00 0000 | 4183 c002 | 4489 82cc | 0000 0041 
  0x00000228d9b16694: 81e0 feff | 1f00 4183 | f800 0f84 | a700 0000 

  0x00000228d9b166a4: ;   {metadata(method data for {method} {0x00000228c14498d0} 'nativeId' '()J' in 'com/jme3/bullet/NativePhysicsObject')}
  0x00000228d9b166a4: 48ba 90cc | e2c2 2802 | 0000 ff82 | 1001 0000 | 488b 5424 | 604c 8b42 

  0x00000228d9b166bc: ;   {metadata(method data for {method} {0x00000228c2c6feb8} 'update' '(FIZZZ)V' in 'com/jme3/bullet/PhysicsSpace')}
  0x00000228d9b166bc: 1049 b9f8 | 5fe8 c228 | 0200 0041 | ff81 a802 | 0000 8b5c | 2474 8b74 | 2470 8b7c | 246c 448b 
  0x00000228d9b166dc: 4c24 68c5 | fa10 8424 | 8000 0000 | c5fa 104a 

  0x00000228d9b166ec: ;   {metadata(method data for {method} {0x00000228c2c6feb8} 'update' '(FIZZZ)V' in 'com/jme3/bullet/PhysicsSpace')}
  0x00000228d9b166ec: 3448 baf8 | 5fe8 c228 | 0200 0048 | 8382 f802 | 0000 0149 | 8bd0 4d8b | c14c 8bcf | 488b fe48 
  0x00000228d9b1670c: ;   {static_call}
  0x00000228d9b1670c: 8bf3 90e8 

  0x00000228d9b16710: ; ImmutableOopMap {}
                      ;*invokestatic stepSimulation {reexecute=0 rethrow=0 return_oop=0}
                      ; - com.jme3.bullet.PhysicsSpace::update@117 (line 1021)
  0x00000228d9b16710: 2c1e 3807 | 4881 c490 | 0000 005d 

  0x00000228d9b1671c: ;   {poll_return}
  0x00000228d9b1671c: 493b a748 | 0300 000f | 8743 0000 

  0x00000228d9b16728: ;   {metadata({method} {0x00000228c2c6feb8} 'update' '(FIZZZ)V' in 'com/jme3/bullet/PhysicsSpace')}
  0x00000228d9b16728: 00c3 49ba | b0fe c6c2 | 2802 0000 | 4c89 5424 | 0848 c704 | 24ff ffff 

  0x00000228d9b16740: ;   {runtime_call counter_overflow Runtime1 stub}
  0x00000228d9b16740: ffe8 3a4e 

  0x00000228d9b16744: ; ImmutableOopMap {rdx=Oop }
                      ;*synchronization entry
                      ; - com.jme3.bullet.PhysicsSpace::update@-1 (line 1012)
  0x00000228d9b16744: ab06 e98c 

  0x00000228d9b16748: ;   {metadata({method} {0x00000228c14498d0} 'nativeId' '()J' in 'com/jme3/bullet/NativePhysicsObject')}
  0x00000228d9b16748: fcff ff49 | bac8 9844 | c128 0200 | 004c 8954 | 2408 48c7 | 0424 ffff 

  0x00000228d9b16760: ;   {runtime_call counter_overflow Runtime1 stub}
  0x00000228d9b16760: ffff e819 

  0x00000228d9b16764: ; ImmutableOopMap {[96]=Oop }
                      ;*synchronization entry
                      ; - com.jme3.bullet.NativePhysicsObject::nativeId@-1 (line 145)
                      ; - com.jme3.bullet.PhysicsSpace::update@72 (line 1019)
  0x00000228d9b16764: 4eab 06e9 | 38ff ffff 

  0x00000228d9b1676c: ;   {internal_word}
  0x00000228d9b1676c: 49ba 1c67 | b1d9 2802 | 0000 4d89 | 9760 0300 

  0x00000228d9b1677c: ;   {runtime_call SafepointBlob}
  0x00000228d9b1677c: 00e9 7e12 | a106 9090 | 498b 87d8 | 0300 0049 | c787 d803 | 0000 0000 | 0000 49c7 | 87e0 0300 
  0x00000228d9b1679c: 0000 0000 | 0048 81c4 | 9000 0000 

  0x00000228d9b167a8: ;   {runtime_call unwind_exception Runtime1 stub}
  0x00000228d9b167a8: 5de9 5211 | a206 f4f4 | f4f4 f4f4 | f4f4 f4f4 | f4f4 f4f4 | f4f4 f4f4 
[Stub Code]
  0x00000228d9b167c0: ;   {no_reloc}
  0x00000228d9b167c0: 0f1f 4400 

  0x00000228d9b167c4: ;   {static_stub}
  0x00000228d9b167c4: 0048 bb00 | 0000 0000 

  0x00000228d9b167cc: ;   {runtime_call}
  0x00000228d9b167cc: 0000 00e9 | fbff ffff 

  0x00000228d9b167d4: ;   {static_stub}
  0x00000228d9b167d4: 9048 bb00 | 0000 0000 

  0x00000228d9b167dc: ;   {runtime_call}
  0x00000228d9b167dc: 0000 00e9 | fbff ffff 

  0x00000228d9b167e4: ;   {static_stub}
  0x00000228d9b167e4: 9048 bb38 | a127 8028 

  0x00000228d9b167ec: ;   {runtime_call I2C/C2I adapters}
  0x00000228d9b167ec: 0200 00e9 | ed71 a006 

  0x00000228d9b167f4: ;   {static_stub}
  0x00000228d9b167f4: 9048 bb00 | 0000 0000 

  0x00000228d9b167fc: ;   {runtime_call}
  0x00000228d9b167fc: 0000 00e9 | fbff ffff 
[Exception Handler]
  0x00000228d9b16804: ;   {runtime_call handle_exception_from_callee Runtime1 stub}
  0x00000228d9b16804: e877 14ab 

  0x00000228d9b16808: ;   {external_word}
  0x00000228d9b16808: 0648 b9e0 | d8d0 92fa | 7f00 0048 

  0x00000228d9b16814: ;   {runtime_call}
  0x00000228d9b16814: 83e4 f049 | bae0 5d99 | 92fa 7f00 | 0041 ffd2 

  0x00000228d9b16824: ;   {section_word}
  0x00000228d9b16824: f449 ba25 | 68b1 d928 | 0200 0041 

  0x00000228d9b16830: ;   {runtime_call DeoptimizationBlob}
  0x00000228d9b16830: 52e9 6a04 | a106 f4f4 
[/MachCode]


Compiled method (c1)    8097 5481       3       com.jme3.bullet.DefaultContactManager::update (68 bytes)
 total in heap  [0x00000228d9b15190,0x00000228d9b15568] = 984
 relocation     [0x00000228d9b152e8,0x00000228d9b15328] = 64
 main code      [0x00000228d9b15340,0x00000228d9b15480] = 320
 stub code      [0x00000228d9b15480,0x00000228d9b154c8] = 72
 oops           [0x00000228d9b154c8,0x00000228d9b154d0] = 8
 metadata       [0x00000228d9b154d0,0x00000228d9b154e0] = 16
 scopes data    [0x00000228d9b154e0,0x00000228d9b15500] = 32
 scopes pcs     [0x00000228d9b15500,0x00000228d9b15550] = 80
 dependencies   [0x00000228d9b15550,0x00000228d9b15558] = 8
 nul chk table  [0x00000228d9b15558,0x00000228d9b15568] = 16

[Constant Pool (empty)]

[MachCode]
[Entry Point]
  # {method} {0x00000228c2d2ef30} 'update' '(FI)V' in 'com/jme3/bullet/DefaultContactManager'
  # this:     rdx:rdx   = 'com/jme3/bullet/DefaultContactManager'
  # parm0:    xmm0      = float
  # parm1:    r8        = int
  #           [sp+0x50]  (sp of caller)
  0x00000228d9b15340: 448b 5208 | 49bb 0000 | 0080 2802 | 0000 4d03 | d34c 3bd0 

  0x00000228d9b15354: ;   {runtime_call ic_miss_stub}
  0x00000228d9b15354: 0f85 26bd | a006 660f | 1f44 0000 
[Verified Entry Point]
  0x00000228d9b15360: 8984 2400 | 90ff ff55 | 4883 ec40 

  0x00000228d9b1536c: ;   {metadata(method data for {method} {0x00000228c2d2ef30} 'update' '(FI)V' in 'com/jme3/bullet/DefaultContactManager')}
  0x00000228d9b1536c: 49b9 a05d | e8c2 2802 | 0000 418b | b9cc 0000 | 0083 c702 | 4189 b9cc | 0000 0081 | e7fe 0700 
  0x00000228d9b1538c: 0083 ff00 | 0f84 6900 

  0x00000228d9b15394: ;   {metadata(method data for {method} {0x00000228c2d2ef30} 'update' '(FI)V' in 'com/jme3/bullet/DefaultContactManager')}
  0x00000228d9b15394: 0000 49b9 | a05d e8c2 | 2802 0000 | 41ff 8110 

  0x00000228d9b153a4: ;   {metadata(method data for {method} {0x00000228c2d2ef30} 'update' '(FI)V' in 'com/jme3/bullet/DefaultContactManager')}
  0x00000228d9b153a4: 0100 0049 | b9a0 5de8 | c228 0200 | 0041 ff81 | 7001 0000 | 8b5a 2848 | c1e3 0344 | 0fbe 4a0c 
  0x00000228d9b153c4: 0fbe 7a0d | 0fbe 720e 

  0x00000228d9b153cc: ; implicit exception: dispatches to 0x00000228d9b15420
  0x00000228d9b153cc: 483b 0348 

  0x00000228d9b153d0: ;   {metadata(method data for {method} {0x00000228c2d2ef30} 'update' '(FI)V' in 'com/jme3/bullet/DefaultContactManager')}
  0x00000228d9b153d0: 8bd3 48b8 | a05d e8c2 | 2802 0000 | 4883 80e8 | 0100 0001 

  0x00000228d9b153e4: ;   {optimized virtual_call}
  0x00000228d9b153e4: 488b d3e8 

  0x00000228d9b153e8: ; ImmutableOopMap {}
                      ;*invokevirtual update {reexecute=0 rethrow=0 return_oop=0}
                      ; - com.jme3.bullet.DefaultContactManager::update@64 (line 314)
  0x00000228d9b153e8: b40f 0000 | 4883 c440 

  0x00000228d9b153f0: ;   {poll_return}
  0x00000228d9b153f0: 5d49 3ba7 | 4803 0000 | 0f87 2700 

  0x00000228d9b153fc: ;   {metadata({method} {0x00000228c2d2ef30} 'update' '(FI)V' in 'com/jme3/bullet/DefaultContactManager')}
  0x00000228d9b153fc: 0000 c349 | ba28 efd2 | c228 0200 | 004c 8954 | 2408 48c7 | 0424 ffff 

  0x00000228d9b15414: ;   {runtime_call counter_overflow Runtime1 stub}
  0x00000228d9b15414: ffff e865 

  0x00000228d9b15418: ; ImmutableOopMap {rdx=Oop }
                      ;*synchronization entry
                      ; - com.jme3.bullet.DefaultContactManager::update@-1 (line 311)
  0x00000228d9b15418: 61ab 06e9 | 76ff ffff 

  0x00000228d9b15420: ;   {runtime_call throw_null_pointer_exception Runtime1 stub}
  0x00000228d9b15420: e87b 07ab 

  0x00000228d9b15424: ; ImmutableOopMap {rbx=Oop }
                      ;*invokevirtual update {reexecute=0 rethrow=0 return_oop=0}
                      ; - com.jme3.bullet.DefaultContactManager::update@64 (line 314)
                      ;   {internal_word}
  0x00000228d9b15424: 0649 baf1 | 53b1 d928 | 0200 004d | 8997 6003 

  0x00000228d9b15434: ;   {runtime_call SafepointBlob}
  0x00000228d9b15434: 0000 e9c5 | 25a1 0690 | 9049 8b87 | d803 0000 | 49c7 87d8 | 0300 0000 | 0000 0049 | c787 e003 
  0x00000228d9b15454: 0000 0000 | 0000 4883 

  0x00000228d9b1545c: ;   {runtime_call unwind_exception Runtime1 stub}
  0x00000228d9b1545c: c440 5de9 | 9c24 a206 | f4f4 f4f4 | f4f4 f4f4 | f4f4 f4f4 | f4f4 f4f4 | f4f4 f4f4 | f4f4 f4f4 
  0x00000228d9b1547c: f4f4 f4f4 
[Stub Code]
  0x00000228d9b15480: ;   {no_reloc}
  0x00000228d9b15480: 0f1f 4400 

  0x00000228d9b15484: ;   {static_stub}
  0x00000228d9b15484: 0048 bbb0 | fec6 c228 

  0x00000228d9b1548c: ;   {runtime_call I2C/C2I adapters}
  0x00000228d9b1548c: 0200 00e9 | d80b d406 
[Exception Handler]
  0x00000228d9b15494: ;   {runtime_call handle_exception_from_callee Runtime1 stub}
  0x00000228d9b15494: e8e7 27ab 

  0x00000228d9b15498: ;   {external_word}
  0x00000228d9b15498: 0648 b9e0 | d8d0 92fa | 7f00 0048 

  0x00000228d9b154a4: ;   {runtime_call}
  0x00000228d9b154a4: 83e4 f049 | bae0 5d99 | 92fa 7f00 | 0041 ffd2 

  0x00000228d9b154b4: ;   {section_word}
  0x00000228d9b154b4: f449 bab5 | 54b1 d928 | 0200 0041 

  0x00000228d9b154c0: ;   {runtime_call DeoptimizationBlob}
  0x00000228d9b154c0: 52e9 da17 | a106 f4f4 
[/MachCode]


---------------  P R O C E S S  ---------------

Threads class SMR info:
_java_thread_list=0x000002290b24c920, length=69, elements={
0x00000228fbc9e150, 0x00000228fbc9efd0, 0x00000228fbcb60a0, 0x00000228fbcbdaa0,
0x00000228fbcbec00, 0x00000228fbcbfd60, 0x00000228fbcc47a0, 0x00000228fbcc6190,
0x00000228fbcca390, 0x00000228fbc89dc0, 0x00000228fee505e0, 0x00000228fee52fd0,
0x00000228ff59e2c0, 0x00000228ff2a69d0, 0x00000228c5284140, 0x00000228c52cac70,
0x00000228c51d3230, 0x00000228c5513b10, 0x00000228c5346db0, 0x00000228c51b8df0,
0x00000228c57bb840, 0x00000228c57bc770, 0x00000228c57b8fc0, 0x00000228c57bf500,
0x00000228c57bae20, 0x00000228c57bb330, 0x00000228c57b9ef0, 0x00000228c57c0430,
0x00000228c57bd6a0, 0x00000228c57bd190, 0x00000228c57be0c0, 0x00000228c57be5d0,
0x00000228c57beae0, 0x00000228c57beff0, 0x00000228c57c0940, 0x00000228c57b94d0,
0x0000022904a01a10, 0x00000229049fd840, 0x0000022904a01500, 0x0000022904a00ae0,
0x0000022904a03360, 0x0000022904a03870, 0x00000229049ffbb0, 0x00000229049fc400,
0x0000022904a01f20, 0x0000022904a005d0, 0x00000229049fdd50, 0x0000022904a000c0,
0x0000022904a00ff0, 0x0000022904a02e50, 0x00000229049fce20, 0x0000022904a02430,
0x0000022904a02940, 0x0000022904a03d80, 0x00000229049fd330, 0x00000229049fc910,
0x00000229049fe260, 0x00000229049fe770, 0x00000229049fec80, 0x00000229049ff190,
0x00000229049ff6a0, 0x00000229051e36f0, 0x00000229051e31e0, 0x00000229051e6990,
0x00000229051e4110, 0x00000229051e4b30, 0x00000229051e5a60, 0x00000229051e6480,
0x00000229051e5f70
}

Java Threads: ( => current thread )
  0x00000228fbc9e150 JavaThread "Reference Handler" daemon [_thread_blocked, id=12360, stack(0x000000d7a1300000,0x000000d7a1400000)]
  0x00000228fbc9efd0 JavaThread "Finalizer" daemon [_thread_blocked, id=17456, stack(0x000000d7a1400000,0x000000d7a1500000)]
  0x00000228fbcb60a0 JavaThread "Signal Dispatcher" daemon [_thread_blocked, id=11620, stack(0x000000d7a1500000,0x000000d7a1600000)]
  0x00000228fbcbdaa0 JavaThread "Attach Listener" daemon [_thread_blocked, id=18312, stack(0x000000d7a1600000,0x000000d7a1700000)]
  0x00000228fbcbec00 JavaThread "Service Thread" daemon [_thread_blocked, id=7372, stack(0x000000d7a1700000,0x000000d7a1800000)]
  0x00000228fbcbfd60 JavaThread "Monitor Deflation Thread" daemon [_thread_blocked, id=10104, stack(0x000000d7a1800000,0x000000d7a1900000)]
  0x00000228fbcc47a0 JavaThread "C2 CompilerThread0" daemon [_thread_blocked, id=15292, stack(0x000000d7a1900000,0x000000d7a1a00000)]
  0x00000228fbcc6190 JavaThread "C1 CompilerThread0" daemon [_thread_blocked, id=14072, stack(0x000000d7a1a00000,0x000000d7a1b00000)]
  0x00000228fbcca390 JavaThread "Sweeper thread" daemon [_thread_blocked, id=16564, stack(0x000000d7a1b00000,0x000000d7a1c00000)]
  0x00000228fbc89dc0 JavaThread "Common-Cleaner" daemon [_thread_blocked, id=14532, stack(0x000000d7a1c00000,0x000000d7a1d00000)]
  0x00000228fee505e0 JavaThread "C1 CompilerThread1" daemon [_thread_blocked, id=17648, stack(0x000000d7a1d00000,0x000000d7a1e00000)]
  0x00000228fee52fd0 JavaThread "C1 CompilerThread2" daemon [_thread_blocked, id=13444, stack(0x000000d7a1e00000,0x000000d7a1f00000)]
  0x00000228ff59e2c0 JavaThread "Monitor Ctrl-Break" daemon [_thread_in_native, id=19444, stack(0x000000d7a2100000,0x000000d7a2200000)]
  0x00000228ff2a69d0 JavaThread "Notification Thread" daemon [_thread_blocked, id=15636, stack(0x000000d7a2200000,0x000000d7a2300000)]
  0x00000228c5284140 JavaThread "RMI TCP Accept-0" daemon [_thread_in_native, id=13732, stack(0x000000d7a2400000,0x000000d7a2500000)]
  0x00000228c52cac70 JavaThread "RMI TCP Connection(1)-172.16.0.2" daemon [_thread_in_native, id=5032, stack(0x000000d7a2500000,0x000000d7a2600000)]
  0x00000228c51d3230 JavaThread "RMI Scheduler(0)" daemon [_thread_blocked, id=8388, stack(0x000000d7a2600000,0x000000d7a2700000)]
  0x00000228c5513b10 JavaThread "JMX server connection timeout 29" daemon [_thread_blocked, id=15768, stack(0x000000d7a3200000,0x000000d7a3300000)]
  0x00000228c5346db0 JavaThread "C1 CompilerThread3" daemon [_thread_blocked, id=13436, stack(0x000000d7a3300000,0x000000d7a3400000)]
  0x00000228c51b8df0 JavaThread "Java2D Disposer" daemon [_thread_blocked, id=3404, stack(0x000000d7a3400000,0x000000d7a3500000)]
  0x00000228c57bb840 JavaThread "AWT-Windows" daemon [_thread_in_native, id=13920, stack(0x000000d7a3600000,0x000000d7a3700000)]
  0x00000228c57bc770 JavaThread "D3D Screen Updater" daemon [_thread_blocked, id=12092, stack(0x000000d7a4200000,0x000000d7a4300000)]
  0x00000228c57b8fc0 JavaThread "TimerQueue" daemon [_thread_blocked, id=328, stack(0x000000d7a4300000,0x000000d7a4400000)]
=>0x00000228c57bf500 JavaThread "jME3 Main" [_thread_in_native, id=15920, stack(0x000000d7a4520000,0x000000d7a4620000)]
  0x00000228c57bae20 JavaThread "DestroyJavaVM" [_thread_blocked, id=3704, stack(0x000000d7a0c00000,0x000000d7a0d00000)]
  0x00000228c57bb330 JavaThread "LWJGL Deallocator" daemon [_thread_blocked, id=14112, stack(0x000000d7a4c20000,0x000000d7a4d20000)]
  0x00000228c57b9ef0 JavaThread "jME3 Audio Decoder" daemon [_thread_blocked, id=18860, stack(0x000000d7a5020000,0x000000d7a5120000)]
  0x00000228c57c0430 JavaThread "CGE-ComputeTask-1" daemon [_thread_blocked, id=19160, stack(0x000000d7a5120000,0x000000d7a5220000)]
  0x00000228c57bd6a0 JavaThread "CGE-ComputeTask-2" daemon [_thread_blocked, id=12896, stack(0x000000d7a5220000,0x000000d7a5320000)]
  0x00000228c57bd190 JavaThread "CGE-ComputeTask-3" daemon [_thread_blocked, id=15220, stack(0x000000d7a5320000,0x000000d7a5420000)]
  0x00000228c57be0c0 JavaThread "CGE-ComputeTask-4" daemon [_thread_blocked, id=17704, stack(0x000000d7a5420000,0x000000d7a5520000)]
  0x00000228c57be5d0 JavaThread "CGE-ComputeTask-5" daemon [_thread_blocked, id=6212, stack(0x000000d7a5520000,0x000000d7a5620000)]
  0x00000228c57beae0 JavaThread "CGE-ComputeTask-6" daemon [_thread_blocked, id=8548, stack(0x000000d7a5620000,0x000000d7a5720000)]
  0x00000228c57beff0 JavaThread "CGE-ComputeTask-7" daemon [_thread_blocked, id=19276, stack(0x000000d7a5720000,0x000000d7a5820000)]
  0x00000228c57c0940 JavaThread "CGE-ComputeTask-8" daemon [_thread_blocked, id=17232, stack(0x000000d7a5820000,0x000000d7a5920000)]
  0x00000228c57b94d0 JavaThread "CGE-ComputeTask-9" daemon [_thread_blocked, id=956, stack(0x000000d7a5920000,0x000000d7a5a20000)]
  0x0000022904a01a10 JavaThread "CGE-ComputeTask-10" daemon [_thread_blocked, id=19144, stack(0x000000d7a5a20000,0x000000d7a5b20000)]
  0x00000229049fd840 JavaThread "CGE-ComputeTask-11" daemon [_thread_blocked, id=17680, stack(0x000000d7a5b20000,0x000000d7a5c20000)]
  0x0000022904a01500 JavaThread "CGE-ComputeTask-12" daemon [_thread_blocked, id=17332, stack(0x000000d7a5c20000,0x000000d7a5d20000)]
  0x0000022904a00ae0 JavaThread "CGE-ComputeTask-13" daemon [_thread_blocked, id=17964, stack(0x000000d7a5d20000,0x000000d7a5e20000)]
  0x0000022904a03360 JavaThread "CGE-ComputeTask-14" daemon [_thread_blocked, id=11476, stack(0x000000d7a5e20000,0x000000d7a5f20000)]
  0x0000022904a03870 JavaThread "CGE-ComputeTask-15" daemon [_thread_blocked, id=19332, stack(0x000000d7a5f20000,0x000000d7a6020000)]
  0x00000229049ffbb0 JavaThread "CGE-ComputeTask-16" daemon [_thread_blocked, id=16912, stack(0x000000d7a6020000,0x000000d7a6120000)]
  0x00000229049fc400 JavaThread "ModuleInit-Worker" daemon [_thread_blocked, id=8000, stack(0x000000d7a6120000,0x000000d7a6220000)]
  0x0000022904a01f20 JavaThread "CGE-ComputeTask-17" daemon [_thread_blocked, id=6632, stack(0x000000d7a6220000,0x000000d7a6320000)]
  0x0000022904a005d0 JavaThread "CGE-ComputeTask-18" daemon [_thread_blocked, id=10500, stack(0x000000d7a6320000,0x000000d7a6420000)]
  0x00000229049fdd50 JavaThread "ModuleInit-Worker" daemon [_thread_blocked, id=18984, stack(0x000000d7a6420000,0x000000d7a6520000)]
  0x0000022904a000c0 JavaThread "CompletableFutureDelayScheduler" daemon [_thread_blocked, id=17948, stack(0x000000d7a6520000,0x000000d7a6620000)]
  0x0000022904a00ff0 JavaThread "ModuleInit-Worker" daemon [_thread_blocked, id=18144, stack(0x000000d7a6620000,0x000000d7a6720000)]
  0x0000022904a02e50 JavaThread "ModuleInit-Worker" daemon [_thread_blocked, id=13268, stack(0x000000d7a6720000,0x000000d7a6820000)]
  0x00000229049fce20 JavaThread "ModuleInit-Worker" daemon [_thread_blocked, id=712, stack(0x000000d7a6820000,0x000000d7a6920000)]
  0x0000022904a02430 JavaThread "ModuleInit-Worker" daemon [_thread_blocked, id=16048, stack(0x000000d7a6920000,0x000000d7a6a20000)]
  0x0000022904a02940 JavaThread "ModuleInit-Worker" daemon [_thread_blocked, id=10796, stack(0x000000d7a6a20000,0x000000d7a6b20000)]
  0x0000022904a03d80 JavaThread "ModuleInit-Worker" daemon [_thread_blocked, id=6184, stack(0x000000d7a6b20000,0x000000d7a6c20000)]
  0x00000229049fd330 JavaThread "ModuleInit-Worker" daemon [_thread_blocked, id=12404, stack(0x000000d7a6c20000,0x000000d7a6d20000)]
  0x00000229049fc910 JavaThread "Physics Cleaner" daemon [_thread_blocked, id=17560, stack(0x000000d7a6d20000,0x000000d7a6e20000)]
  0x00000229049fe260 JavaThread "pool-2-thread-1" [_thread_blocked, id=13232, stack(0x000000d7a6e20000,0x000000d7a6f20000)]
  0x00000229049fe770 JavaThread "pool-2-thread-2" [_thread_blocked, id=11464, stack(0x000000d7a6f20000,0x000000d7a7020000)]
  0x00000229049fec80 JavaThread "ModelLoader-1219587912" daemon [_thread_blocked, id=7640, stack(0x000000d7a7020000,0x000000d7a7120000)]
  0x00000229049ff190 JavaThread "ForkJoinPool.commonPool-worker-1" daemon [_thread_blocked, id=11428, stack(0x000000d7a7120000,0x000000d7a7220000)]
  0x00000229049ff6a0 JavaThread "CGE-Scheduler-1" daemon [_thread_blocked, id=11924, stack(0x000000d7a7220000,0x000000d7a7320000)]
  0x00000229051e36f0 JavaThread "CGE-ComputeTask-19" daemon [_thread_blocked, id=5596, stack(0x000000d7a7320000,0x000000d7a7420000)]
  0x00000229051e31e0 JavaThread "CGE-ComputeTask-20" daemon [_thread_blocked, id=12664, stack(0x000000d7a7420000,0x000000d7a7520000)]
  0x00000229051e6990 JavaThread "CGE-Scheduler-2" daemon [_thread_blocked, id=10452, stack(0x000000d7a7520000,0x000000d7a7620000)]
  0x00000229051e4110 JavaThread "CGE-Scheduler-3" daemon [_thread_blocked, id=12988, stack(0x000000d7a7720000,0x000000d7a7820000)]
  0x00000229051e4b30 JavaThread "CGE-Scheduler-4" daemon [_thread_blocked, id=5760, stack(0x000000d7a7b20000,0x000000d7a7c20000)]
  0x00000229051e5a60 JavaThread "ModelLoader-859352520" daemon [_thread_blocked, id=12864, stack(0x000000d7a3500000,0x000000d7a3600000)]
  0x00000229051e6480 JavaThread "pool-3-thread-2" [_thread_blocked, id=9264, stack(0x000000d7a3a00000,0x000000d7a3b00000)]
  0x00000229051e5f70 JavaThread "pool-3-thread-1" [_thread_blocked, id=17112, stack(0x000000d7a7620000,0x000000d7a7720000)]

Other Threads:
  0x00000228fbc97d00 VMThread "VM Thread" [stack: 0x000000d7a1200000,0x000000d7a1300000] [id=16740]
  0x00000228ff4ddfb0 WatcherThread [stack: 0x000000d7a2300000,0x000000d7a2400000] [id=12476]
  0x00000228fbb10c10 GCTaskThread "GC Thread#0" [stack: 0x000000d7a0d00000,0x000000d7a0e00000] [id=9056]
  0x00000228c51e5720 GCTaskThread "GC Thread#1" [stack: 0x000000d7a2700000,0x000000d7a2800000] [id=11372]
  0x00000228c51eb240 GCTaskThread "GC Thread#2" [stack: 0x000000d7a2800000,0x000000d7a2900000] [id=13956]
  0x00000228c53363a0 GCTaskThread "GC Thread#3" [stack: 0x000000d7a2900000,0x000000d7a2a00000] [id=12344]
  0x00000228c5336e70 GCTaskThread "GC Thread#4" [stack: 0x000000d7a2a00000,0x000000d7a2b00000] [id=19452]
  0x00000228c5337130 GCTaskThread "GC Thread#5" [stack: 0x000000d7a2b00000,0x000000d7a2c00000] [id=12608]
  0x00000228c5238720 GCTaskThread "GC Thread#6" [stack: 0x000000d7a2c00000,0x000000d7a2d00000] [id=5804]
  0x00000228c5239c10 GCTaskThread "GC Thread#7" [stack: 0x000000d7a2d00000,0x000000d7a2e00000] [id=6564]
  0x00000228c5239ed0 GCTaskThread "GC Thread#8" [stack: 0x000000d7a2e00000,0x000000d7a2f00000] [id=14644]
  0x00000228c523abb0 GCTaskThread "GC Thread#9" [stack: 0x000000d7a2f00000,0x000000d7a3000000] [id=17784]
  0x00000228c523b680 GCTaskThread "GC Thread#10" [stack: 0x000000d7a3000000,0x000000d7a3100000] [id=4700]
  0x00000228c523c560 GCTaskThread "GC Thread#11" [stack: 0x000000d7a3100000,0x000000d7a3200000] [id=13520]
  0x00000228c5887660 GCTaskThread "GC Thread#12" [stack: 0x000000d7a3700000,0x000000d7a3800000] [id=16816]
  0x00000228c5886060 GCTaskThread "GC Thread#13" [stack: 0x000000d7a3800000,0x000000d7a3900000] [id=12128]
  0x00000228c5886320 GCTaskThread "GC Thread#14" [stack: 0x000000d7a3900000,0x000000d7a3a00000] [id=18148]
  0x00000228d0219680 ConcurrentGCThread "G1 Main Marker" [stack: 0x000000d7a0e00000,0x000000d7a0f00000] [id=7644]
  0x00000228d021a0a0 ConcurrentGCThread "G1 Conc#0" [stack: 0x000000d7a0f00000,0x000000d7a1000000] [id=2336]
  0x00000228c5887920 ConcurrentGCThread "G1 Conc#1" [stack: 0x000000d7a3e00000,0x000000d7a3f00000] [id=17484]
  0x00000228c58868a0 ConcurrentGCThread "G1 Conc#2" [stack: 0x000000d7a3f00000,0x000000d7a4000000] [id=6624]
  0x00000228c5886b60 ConcurrentGCThread "G1 Conc#3" [stack: 0x000000d7a4000000,0x000000d7a4100000] [id=16120]
  0x00000228fbbd1ec0 ConcurrentGCThread "G1 Refine#0" [stack: 0x000000d7a1000000,0x000000d7a1100000] [id=18120]
  0x00000228fbbd28f0 ConcurrentGCThread "G1 Service" [stack: 0x000000d7a1100000,0x000000d7a1200000] [id=17292]

Threads with active compile tasks:

VM state: not at safepoint (normal execution)

VM Mutex/Monitor currently owned by a thread: None

Heap address: 0x0000000602800000, size: 8152 MB, Compressed Oops mode: Zero based, Oop shift amount: 3

CDS archive(s) mapped at: [0x0000022880000000-0x0000022880bc0000-0x0000022880bc0000), size 12320768, SharedBaseAddress: 0x0000022880000000, ArchiveRelocationMode: 1.
Compressed class space mapped at: 0x0000022881000000-0x00000228c1000000, reserved size: 1073741824
Narrow klass base: 0x0000022880000000, Narrow klass shift: 0, Narrow klass range: 0x100000000

GC Precious Log:
 CPUs: 20 total, 20 available
 Memory: 32605M
 Large Page Support: Disabled
 NUMA Support: Disabled
 Compressed Oops: Enabled (Zero based)
 Heap Region Size: 4M
 Heap Min Capacity: 8M
 Heap Initial Capacity: 512M
 Heap Max Capacity: 8152M
 Pre-touch: Disabled
 Parallel Workers: 15
 Concurrent Workers: 4
 Concurrent Refinement Workers: 15
 Periodic GC: Disabled

Heap:
 garbage-first heap   total 294912K, used 178705K [0x0000000602800000, 0x0000000800000000)
  region size 4096K, 36 young (147456K), 6 survivors (24576K)
 Metaspace       used 36681K, committed 37184K, reserved 1114112K
  class space    used 3953K, committed 4160K, reserved 1048576K

Heap Regions: E=young(eden), S=young(survivor), O=old, HS=humongous(starts), HC=humongous(continues), CS=collection set, F=free, OA=open archive, CA=closed archive, TAMS=top-at-mark-start (previous, next)
|   0|0x0000000602800000, 0x0000000602c00000, 0x0000000602c00000|100%| O|  |TAMS 0x0000000602c00000, 0x0000000602c00000| Untracked 
|   1|0x0000000602c00000, 0x0000000602f30438, 0x0000000603000000| 79%| O|  |TAMS 0x0000000602f30438, 0x0000000602f30438| Untracked 
|   2|0x0000000603000000, 0x00000006032fb080, 0x0000000603400000| 74%| O|  |TAMS 0x00000006032fb080, 0x00000006032fb080| Untracked 
|   3|0x0000000603400000, 0x0000000603800000, 0x0000000603800000|100%| O|  |TAMS 0x0000000603800000, 0x0000000603800000| Untracked 
|   4|0x0000000603800000, 0x0000000603c00000, 0x0000000603c00000|100%| O|  |TAMS 0x0000000603800000, 0x0000000603adba00| Untracked 
|   5|0x0000000603c00000, 0x0000000604000000, 0x0000000604000000|100%| O|  |TAMS 0x0000000603c00000, 0x0000000603c00000| Untracked 
|   6|0x0000000604000000, 0x0000000604400000, 0x0000000604400000|100%| O|  |TAMS 0x0000000604000000, 0x0000000604000000| Untracked 
|   7|0x0000000604400000, 0x0000000604800000, 0x0000000604800000|100%| O|  |TAMS 0x0000000604800000, 0x0000000604800000| Untracked 
|   8|0x0000000604800000, 0x0000000604c00000, 0x0000000604c00000|100%| O|  |TAMS 0x0000000604c00000, 0x0000000604c00000| Untracked 
|   9|0x0000000604c00000, 0x0000000604c73000, 0x0000000605000000| 11%| O|  |TAMS 0x0000000604c73000, 0x0000000604c73000| Untracked 
|  10|0x0000000605000000, 0x00000006053e6000, 0x0000000605400000| 97%| O|  |TAMS 0x0000000605000000, 0x0000000605000000| Untracked 
|  11|0x0000000605400000, 0x0000000605400000, 0x0000000605800000|  0%| F|  |TAMS 0x0000000605400000, 0x0000000605400000| Untracked 
|  12|0x0000000605800000, 0x0000000605800000, 0x0000000605c00000|  0%| F|  |TAMS 0x0000000605800000, 0x0000000605800000| Untracked 
|  13|0x0000000605c00000, 0x0000000605c00000, 0x0000000606000000|  0%| F|  |TAMS 0x0000000605c00000, 0x0000000605c00000| Untracked 
|  14|0x0000000606000000, 0x0000000606000000, 0x0000000606400000|  0%| F|  |TAMS 0x0000000606000000, 0x0000000606000000| Untracked 
|  15|0x0000000606400000, 0x0000000606400000, 0x0000000606800000|  0%| F|  |TAMS 0x0000000606400000, 0x0000000606400000| Untracked 
|  16|0x0000000606800000, 0x0000000606800000, 0x0000000606c00000|  0%| F|  |TAMS 0x0000000606800000, 0x0000000606800000| Untracked 
|  17|0x0000000606c00000, 0x0000000606c00000, 0x0000000607000000|  0%| F|  |TAMS 0x0000000606c00000, 0x0000000606c00000| Untracked 
|  18|0x0000000607000000, 0x0000000607000000, 0x0000000607400000|  0%| F|  |TAMS 0x0000000607000000, 0x0000000607000000| Untracked 
|  19|0x0000000607400000, 0x0000000607400000, 0x0000000607800000|  0%| F|  |TAMS 0x0000000607400000, 0x0000000607400000| Untracked 
|  20|0x0000000607800000, 0x0000000607800000, 0x0000000607c00000|  0%| F|  |TAMS 0x0000000607800000, 0x0000000607800000| Untracked 
|  21|0x0000000607c00000, 0x0000000607c00000, 0x0000000608000000|  0%| F|  |TAMS 0x0000000607c00000, 0x0000000607c00000| Untracked 
|  22|0x0000000608000000, 0x0000000608000000, 0x0000000608400000|  0%| F|  |TAMS 0x0000000608000000, 0x0000000608000000| Untracked 
|  23|0x0000000608400000, 0x0000000608800000, 0x0000000608800000|100%| S|CS|TAMS 0x0000000608400000, 0x0000000608400000| Complete 
|  24|0x0000000608800000, 0x0000000608c00000, 0x0000000608c00000|100%| S|CS|TAMS 0x0000000608800000, 0x0000000608800000| Complete 
|  25|0x0000000608c00000, 0x0000000609000000, 0x0000000609000000|100%| S|CS|TAMS 0x0000000608c00000, 0x0000000608c00000| Complete 
|  26|0x0000000609000000, 0x0000000609400000, 0x0000000609400000|100%| S|CS|TAMS 0x0000000609000000, 0x0000000609000000| Complete 
|  27|0x0000000609400000, 0x0000000609800000, 0x0000000609800000|100%| S|CS|TAMS 0x0000000609400000, 0x0000000609400000| Complete 
|  28|0x0000000609800000, 0x0000000609800000, 0x0000000609c00000|  0%| F|  |TAMS 0x0000000609800000, 0x0000000609800000| Untracked 
|  29|0x0000000609c00000, 0x0000000609c00000, 0x000000060a000000|  0%| F|  |TAMS 0x0000000609c00000, 0x0000000609c00000| Untracked 
|  30|0x000000060a000000, 0x000000060a400000, 0x000000060a400000|100%| S|CS|TAMS 0x000000060a000000, 0x000000060a000000| Complete 
|  31|0x000000060a400000, 0x000000060a400000, 0x000000060a800000|  0%| F|  |TAMS 0x000000060a400000, 0x000000060a400000| Untracked 
|  32|0x000000060a800000, 0x000000060a800000, 0x000000060ac00000|  0%| F|  |TAMS 0x000000060a800000, 0x000000060a800000| Untracked 
|  33|0x000000060ac00000, 0x000000060ac00000, 0x000000060b000000|  0%| F|  |TAMS 0x000000060ac00000, 0x000000060ac00000| Untracked 
|  34|0x000000060b000000, 0x000000060b000000, 0x000000060b400000|  0%| F|  |TAMS 0x000000060b000000, 0x000000060b000000| Untracked 
|  35|0x000000060b400000, 0x000000060b400000, 0x000000060b800000|  0%| F|  |TAMS 0x000000060b400000, 0x000000060b400000| Untracked 
|  36|0x000000060b800000, 0x000000060b800000, 0x000000060bc00000|  0%| F|  |TAMS 0x000000060b800000, 0x000000060b800000| Untracked 
|  37|0x000000060bc00000, 0x000000060bc00000, 0x000000060c000000|  0%| F|  |TAMS 0x000000060bc00000, 0x000000060bc00000| Untracked 
|  38|0x000000060c000000, 0x000000060c000000, 0x000000060c400000|  0%| F|  |TAMS 0x000000060c000000, 0x000000060c000000| Untracked 
|  39|0x000000060c400000, 0x000000060c400000, 0x000000060c800000|  0%| F|  |TAMS 0x000000060c400000, 0x000000060c400000| Untracked 
|  40|0x000000060c800000, 0x000000060c800000, 0x000000060cc00000|  0%| F|  |TAMS 0x000000060c800000, 0x000000060c800000| Untracked 
|  41|0x000000060cc00000, 0x000000060cc00000, 0x000000060d000000|  0%| F|  |TAMS 0x000000060cc00000, 0x000000060cc00000| Untracked 
|  42|0x000000060d000000, 0x000000060d341948, 0x000000060d400000| 81%| E|  |TAMS 0x000000060d000000, 0x000000060d000000| Complete 
|  43|0x000000060d400000, 0x000000060d800000, 0x000000060d800000|100%| E|  |TAMS 0x000000060d400000, 0x000000060d400000| Complete 
|  44|0x000000060d800000, 0x000000060dc00000, 0x000000060dc00000|100%| E|CS|TAMS 0x000000060d800000, 0x000000060d800000| Complete 
|  45|0x000000060dc00000, 0x000000060e000000, 0x000000060e000000|100%| E|CS|TAMS 0x000000060dc00000, 0x000000060dc00000| Complete 
|  46|0x000000060e000000, 0x000000060e400000, 0x000000060e400000|100%| E|CS|TAMS 0x000000060e000000, 0x000000060e000000| Complete 
|  47|0x000000060e400000, 0x000000060e800000, 0x000000060e800000|100%| E|CS|TAMS 0x000000060e400000, 0x000000060e400000| Complete 
|  48|0x000000060e800000, 0x000000060ec00000, 0x000000060ec00000|100%| E|CS|TAMS 0x000000060e800000, 0x000000060e800000| Complete 
|  49|0x000000060ec00000, 0x000000060f000000, 0x000000060f000000|100%| E|CS|TAMS 0x000000060ec00000, 0x000000060ec00000| Complete 
|  50|0x000000060f000000, 0x000000060f400000, 0x000000060f400000|100%| E|CS|TAMS 0x000000060f000000, 0x000000060f000000| Complete 
|  51|0x000000060f400000, 0x000000060f800000, 0x000000060f800000|100%| E|CS|TAMS 0x000000060f400000, 0x000000060f400000| Complete 
|  52|0x000000060f800000, 0x000000060fc00000, 0x000000060fc00000|100%| E|CS|TAMS 0x000000060f800000, 0x000000060f800000| Complete 
|  53|0x000000060fc00000, 0x0000000610000000, 0x0000000610000000|100%| E|CS|TAMS 0x000000060fc00000, 0x000000060fc00000| Complete 
|  54|0x0000000610000000, 0x0000000610400000, 0x0000000610400000|100%| E|CS|TAMS 0x0000000610000000, 0x0000000610000000| Complete 
|  55|0x0000000610400000, 0x0000000610800000, 0x0000000610800000|100%| E|CS|TAMS 0x0000000610400000, 0x0000000610400000| Complete 
|  56|0x0000000610800000, 0x0000000610c00000, 0x0000000610c00000|100%| E|CS|TAMS 0x0000000610800000, 0x0000000610800000| Complete 
|  57|0x0000000610c00000, 0x0000000611000000, 0x0000000611000000|100%| E|CS|TAMS 0x0000000610c00000, 0x0000000610c00000| Complete 
|  58|0x0000000611000000, 0x0000000611400000, 0x0000000611400000|100%| E|CS|TAMS 0x0000000611000000, 0x0000000611000000| Complete 
|  59|0x0000000611400000, 0x0000000611800000, 0x0000000611800000|100%| E|CS|TAMS 0x0000000611400000, 0x0000000611400000| Complete 
|  60|0x0000000611800000, 0x0000000611c00000, 0x0000000611c00000|100%| E|CS|TAMS 0x0000000611800000, 0x0000000611800000| Complete 
|  61|0x0000000611c00000, 0x0000000612000000, 0x0000000612000000|100%| E|CS|TAMS 0x0000000611c00000, 0x0000000611c00000| Complete 
|  62|0x0000000612000000, 0x0000000612400000, 0x0000000612400000|100%| E|CS|TAMS 0x0000000612000000, 0x0000000612000000| Complete 
|  63|0x0000000612400000, 0x0000000612800000, 0x0000000612800000|100%| E|CS|TAMS 0x0000000612400000, 0x0000000612400000| Complete 
|  64|0x0000000612800000, 0x0000000612c00000, 0x0000000612c00000|100%| E|CS|TAMS 0x0000000612800000, 0x0000000612800000| Complete 
|  65|0x0000000612c00000, 0x0000000613000000, 0x0000000613000000|100%| E|CS|TAMS 0x0000000612c00000, 0x0000000612c00000| Complete 
|  66|0x0000000613000000, 0x0000000613400000, 0x0000000613400000|100%| E|CS|TAMS 0x0000000613000000, 0x0000000613000000| Complete 
|  67|0x0000000613400000, 0x0000000613800000, 0x0000000613800000|100%| E|CS|TAMS 0x0000000613400000, 0x0000000613400000| Complete 
|  68|0x0000000613800000, 0x0000000613c00000, 0x0000000613c00000|100%| E|CS|TAMS 0x0000000613800000, 0x0000000613800000| Complete 
|  69|0x0000000613c00000, 0x0000000614000000, 0x0000000614000000|100%| E|CS|TAMS 0x0000000613c00000, 0x0000000613c00000| Complete 
|  94|0x000000061a000000, 0x000000061a400000, 0x000000061a400000|100%| E|CS|TAMS 0x000000061a000000, 0x000000061a000000| Complete 
|  95|0x000000061a400000, 0x000000061a800000, 0x000000061a800000|100%| E|CS|TAMS 0x000000061a400000, 0x000000061a400000| Complete 

Card table byte_map: [0x00000228e9b20000,0x00000228eab10000] _byte_map_base: 0x00000228e6b0c000

Marking Bits (Prev, Next): (CMBitMap*) 0x00000228d0208ed0, (CMBitMap*) 0x00000228d0208e90
 Prev Bits: [0x00000228f3a60000, 0x00000228fb9c0000)
 Next Bits: [0x00000228ebb00000, 0x00000228f3a60000)

Polling page: 0x00000228ce0c0000

Metaspace:

Usage:
  Non-class:     31.96 MB used.
      Class:      3.86 MB used.
       Both:     35.82 MB used.

Virtual space:
  Non-class space:       64.00 MB reserved,      32.25 MB ( 50%) committed,  1 nodes.
      Class space:        1.00 GB reserved,       4.06 MB ( <1%) committed,  1 nodes.
             Both:        1.06 GB reserved,      36.31 MB (  3%) committed. 

Chunk freelists:
   Non-Class:  15.78 MB
       Class:  11.95 MB
        Both:  27.73 MB

MaxMetaspaceSize: unlimited
CompressedClassSpaceSize: 1.00 GB
Initial GC threshold: 21.00 MB
Current GC threshold: 56.88 MB
CDS: on
MetaspaceReclaimPolicy: balanced
 - commit_granule_bytes: 65536.
 - commit_granule_words: 8192.
 - virtual_space_node_default_size: 8388608.
 - enlarge_chunks_in_place: 1.
 - new_chunks_are_fully_committed: 0.
 - uncommit_free_chunks: 1.
 - use_allocation_guard: 0.
 - handle_deallocations: 1.


Internal statistics:

num_allocs_failed_limit: 3.
num_arena_births: 646.
num_arena_deaths: 0.
num_vsnodes_births: 2.
num_vsnodes_deaths: 0.
num_space_committed: 579.
num_space_uncommitted: 0.
num_chunks_returned_to_freelist: 3.
num_chunks_taken_from_freelist: 1631.
num_chunk_merges: 3.
num_chunk_splits: 963.
num_chunks_enlarged: 564.
num_inconsistent_stats: 0.

CodeHeap 'non-profiled nmethods': size=119168Kb used=4490Kb max_used=4490Kb free=114677Kb
 bounds [0x00000228e0c20000, 0x00000228e1090000, 0x00000228e8080000]
CodeHeap 'profiled nmethods': size=119104Kb used=9894Kb max_used=10849Kb free=109209Kb
 bounds [0x00000228d9080000, 0x00000228d9b20000, 0x00000228e04d0000]
CodeHeap 'non-nmethods': size=7488Kb used=3662Kb max_used=3717Kb free=3825Kb
 bounds [0x00000228e04d0000, 0x00000228e0880000, 0x00000228e0c20000]
 total_blobs=7105 nmethods=5596 adapters=1418
 compilation: enabled
              stopped_count=0, restarted_count=0
 full_count=0

Compilation events (20 events):
Event: 8.042 Thread 0x00000228fee52fd0 nmethod 6499 0x00000228d951ef90 code [0x00000228d951f120, 0x00000228d951f298]
Event: 8.042 Thread 0x00000228fee505e0 nmethod 6500 0x00000228e1081f10 code [0x00000228e10820a0, 0x00000228e1082178]
Event: 8.042 Thread 0x00000228fee52fd0 6502       3       java.nio.ShortBuffer::put (9 bytes)
Event: 8.042 Thread 0x00000228fbcc6190 6503       3       java.nio.ShortBuffer::put (69 bytes)
Event: 8.042 Thread 0x00000228fee505e0 6504   !   3       java.nio.ShortBuffer::putArray (160 bytes)
Event: 8.042 Thread 0x00000228c5346db0 nmethod 6501 0x00000228d9892e10 code [0x00000228d9892fa0, 0x00000228d9893138]
Event: 8.042 Thread 0x00000228fee52fd0 nmethod 6502 0x00000228d97a2490 code [0x00000228d97a2640, 0x00000228d97a2808]
Event: 8.042 Thread 0x00000228fbcc6190 nmethod 6503 0x00000228d90e1f10 code [0x00000228d90e2140, 0x00000228d90e27d8]
Event: 8.042 Thread 0x00000228fbcc6190 6505       3       com.jme3.util.SortUtil::merge (148 bytes)
Event: 8.042 Thread 0x00000228fbcc47a0 6506       4       com.jme3.light.LightList$1::compare (30 bytes)
Event: 8.043 Thread 0x00000228c5346db0 6508       3       com.jme3.util.SafeArrayList::toArray (5 bytes)
Event: 8.043 Thread 0x00000228fee52fd0 6509       3       com.jme3.scene.Spatial::updateGeometricState (111 bytes)
Event: 8.043 Thread 0x00000228fbcc6190 nmethod 6505 0x00000228d976e390 code [0x00000228d976e600, 0x00000228d976f5c8]
Event: 8.043 Thread 0x00000228fbcc6190 6510       3       com.jme3.util.SafeArrayList::addAll (26 bytes)
Event: 8.043 Thread 0x00000228c5346db0 nmethod 6508 0x00000228d9769090 code [0x00000228d9769220, 0x00000228d9769368]
Event: 8.043 Thread 0x00000228fbcc47a0 nmethod 6506 0x00000228e1082210 code [0x00000228e1082380, 0x00000228e1082438]
Event: 8.043 Thread 0x00000228fbcc47a0 6507       4       com.jme3.light.LightList$1::compare (13 bytes)
Event: 8.043 Thread 0x00000228fee505e0 nmethod 6504 0x00000228d90c2090 code [0x00000228d90c23e0, 0x00000228d90c38d8]
Event: 8.043 Thread 0x00000228fee52fd0 nmethod 6509 0x00000228d97a1b10 code [0x00000228d97a1ce0, 0x00000228d97a21f8]
Event: 8.043 Thread 0x00000228fbcc6190 nmethod 6510 0x00000228d976dd10 code [0x00000228d976dee0, 0x00000228d976e1f8]

GC Heap History (20 events):
Event: 3.064 GC heap before
{Heap before GC invocations=22 (full 1):
 garbage-first heap   total 278528K, used 142363K [0x0000000602800000, 0x0000000800000000)
  region size 4096K, 7 young (28672K), 2 survivors (8192K)
 Metaspace       used 34517K, committed 34944K, reserved 1114112K
  class space    used 3747K, committed 3968K, reserved 1048576K
}
Event: 3.066 GC heap after
{Heap after GC invocations=23 (full 1):
 garbage-first heap   total 393216K, used 60554K [0x0000000602800000, 0x0000000800000000)
  region size 4096K, 3 young (12288K), 3 survivors (12288K)
 Metaspace       used 34517K, committed 34944K, reserved 1114112K
  class space    used 3747K, committed 3968K, reserved 1048576K
}
Event: 3.218 GC heap before
{Heap before GC invocations=24 (full 1):
 garbage-first heap   total 245760K, used 175242K [0x0000000602800000, 0x0000000800000000)
  region size 4096K, 9 young (36864K), 3 survivors (12288K)
 Metaspace       used 34753K, committed 35200K, reserved 1114112K
  class space    used 3752K, committed 3968K, reserved 1048576K
}
Event: 3.219 GC heap after
{Heap after GC invocations=25 (full 1):
 garbage-first heap   total 245760K, used 52573K [0x0000000602800000, 0x0000000800000000)
  region size 4096K, 2 young (8192K), 2 survivors (8192K)
 Metaspace       used 34753K, committed 35200K, reserved 1114112K
  class space    used 3752K, committed 3968K, reserved 1048576K
}
Event: 3.258 GC heap before
{Heap before GC invocations=25 (full 1):
 garbage-first heap   total 245760K, used 93533K [0x0000000602800000, 0x0000000800000000)
  region size 4096K, 3 young (12288K), 2 survivors (8192K)
 Metaspace       used 34753K, committed 35200K, reserved 1114112K
  class space    used 3752K, committed 3968K, reserved 1048576K
}
Event: 3.259 GC heap after
{Heap after GC invocations=26 (full 1):
 garbage-first heap   total 245760K, used 89043K [0x0000000602800000, 0x0000000800000000)
  region size 4096K, 1 young (4096K), 1 survivors (4096K)
 Metaspace       used 34753K, committed 35200K, reserved 1114112K
  class space    used 3752K, committed 3968K, reserved 1048576K
}
Event: 3.281 GC heap before
{Heap before GC invocations=26 (full 1):
 garbage-first heap   total 245760K, used 89043K [0x0000000602800000, 0x0000000800000000)
  region size 4096K, 2 young (8192K), 1 survivors (4096K)
 Metaspace       used 34753K, committed 35200K, reserved 1114112K
  class space    used 3752K, committed 3968K, reserved 1048576K
}
Event: 3.282 GC heap after
{Heap after GC invocations=27 (full 1):
 garbage-first heap   total 245760K, used 88758K [0x0000000602800000, 0x0000000800000000)
  region size 4096K, 1 young (4096K), 1 survivors (4096K)
 Metaspace       used 34753K, committed 35200K, reserved 1114112K
  class space    used 3752K, committed 3968K, reserved 1048576K
}
Event: 3.357 GC heap before
{Heap before GC invocations=27 (full 1):
 garbage-first heap   total 245760K, used 133814K [0x0000000602800000, 0x0000000800000000)
  region size 4096K, 4 young (16384K), 1 survivors (4096K)
 Metaspace       used 34754K, committed 35200K, reserved 1114112K
  class space    used 3752K, committed 3968K, reserved 1048576K
}
Event: 3.358 GC heap after
{Heap after GC invocations=28 (full 1):
 garbage-first heap   total 245760K, used 51836K [0x0000000602800000, 0x0000000800000000)
  region size 4096K, 1 young (4096K), 1 survivors (4096K)
 Metaspace       used 34754K, committed 35200K, reserved 1114112K
  class space    used 3752K, committed 3968K, reserved 1048576K
}
Event: 3.404 GC heap before
{Heap before GC invocations=28 (full 1):
 garbage-first heap   total 245760K, used 96892K [0x0000000602800000, 0x0000000800000000)
  region size 4096K, 4 young (16384K), 1 survivors (4096K)
 Metaspace       used 34754K, committed 35200K, reserved 1114112K
  class space    used 3752K, committed 3968K, reserved 1048576K
}
Event: 3.404 GC heap after
{Heap after GC invocations=29 (full 1):
 garbage-first heap   total 245760K, used 88686K [0x0000000602800000, 0x0000000800000000)
  region size 4096K, 1 young (4096K), 1 survivors (4096K)
 Metaspace       used 34754K, committed 35200K, reserved 1114112K
  class space    used 3752K, committed 3968K, reserved 1048576K
}
Event: 3.479 GC heap before
{Heap before GC invocations=29 (full 1):
 garbage-first heap   total 245760K, used 133742K [0x0000000602800000, 0x0000000800000000)
  region size 4096K, 4 young (16384K), 1 survivors (4096K)
 Metaspace       used 34754K, committed 35200K, reserved 1114112K
  class space    used 3752K, committed 3968K, reserved 1048576K
}
Event: 3.480 GC heap after
{Heap after GC invocations=30 (full 1):
 garbage-first heap   total 294912K, used 51830K [0x0000000602800000, 0x0000000800000000)
  region size 4096K, 1 young (4096K), 1 survivors (4096K)
 Metaspace       used 34754K, committed 35200K, reserved 1114112K
  class space    used 3752K, committed 3968K, reserved 1048576K
}
Event: 4.515 GC heap before
{Heap before GC invocations=30 (full 1):
 garbage-first heap   total 294912K, used 240246K [0x0000000602800000, 0x0000000800000000)
  region size 4096K, 43 young (176128K), 1 survivors (4096K)
 Metaspace       used 34858K, committed 35328K, reserved 1114112K
  class space    used 3761K, committed 3968K, reserved 1048576K
}
Event: 4.516 GC heap after
{Heap after GC invocations=31 (full 1):
 garbage-first heap   total 294912K, used 27113K [0x0000000602800000, 0x0000000800000000)
  region size 4096K, 1 young (4096K), 1 survivors (4096K)
 Metaspace       used 34858K, committed 35328K, reserved 1114112K
  class space    used 3761K, committed 3968K, reserved 1048576K
}
Event: 5.341 GC heap before
{Heap before GC invocations=31 (full 1):
 garbage-first heap   total 294912K, used 211433K [0x0000000602800000, 0x0000000800000000)
  region size 4096K, 43 young (176128K), 1 survivors (4096K)
 Metaspace       used 35910K, committed 36352K, reserved 1114112K
  class space    used 3865K, committed 4032K, reserved 1048576K
}
Event: 5.342 GC heap after
{Heap after GC invocations=32 (full 1):
 garbage-first heap   total 294912K, used 31431K [0x0000000602800000, 0x0000000800000000)
  region size 4096K, 2 young (8192K), 2 survivors (8192K)
 Metaspace       used 35910K, committed 36352K, reserved 1114112K
  class space    used 3865K, committed 4032K, reserved 1048576K
}
Event: 6.743 GC heap before
{Heap before GC invocations=32 (full 1):
 garbage-first heap   total 294912K, used 195271K [0x0000000602800000, 0x0000000800000000)
  region size 4096K, 43 young (176128K), 2 survivors (8192K)
 Metaspace       used 36539K, committed 36992K, reserved 1114112K
  class space    used 3934K, committed 4160K, reserved 1048576K
}
Event: 6.746 GC heap after
{Heap after GC invocations=33 (full 1):
 garbage-first heap   total 294912K, used 64017K [0x0000000602800000, 0x0000000800000000)
  region size 4096K, 6 young (24576K), 6 survivors (24576K)
 Metaspace       used 36539K, committed 36992K, reserved 1114112K
  class space    used 3934K, committed 4160K, reserved 1048576K
}

Dll operation events (19 events):
Event: 0.004 Loaded shared library C:\Users\Aiden\.jdks\liberica-full-17.0.15\bin\java.dll
Event: 0.018 Loaded shared library C:\Users\Aiden\.jdks\liberica-full-17.0.15\bin\jsvml.dll
Event: 0.076 Loaded shared library C:\Users\Aiden\.jdks\liberica-full-17.0.15\bin\zip.dll
Event: 0.078 Loaded shared library C:\Users\Aiden\.jdks\liberica-full-17.0.15\bin\instrument.dll
Event: 0.081 Loaded shared library C:\Users\Aiden\.jdks\liberica-full-17.0.15\bin\net.dll
Event: 0.082 Loaded shared library C:\Users\Aiden\.jdks\liberica-full-17.0.15\bin\nio.dll
Event: 0.084 Loaded shared library C:\Users\Aiden\.jdks\liberica-full-17.0.15\bin\zip.dll
Event: 0.119 Loaded shared library C:\Users\Aiden\.jdks\liberica-full-17.0.15\bin\jimage.dll
Event: 0.134 Loaded shared library C:\Users\Aiden\.jdks\liberica-full-17.0.15\bin\extnet.dll
Event: 0.147 Loaded shared library C:\Users\Aiden\.jdks\liberica-full-17.0.15\bin\management.dll
Event: 0.154 Loaded shared library C:\Users\Aiden\.jdks\liberica-full-17.0.15\bin\management_ext.dll
Event: 0.591 Loaded shared library C:\Users\Aiden\.jdks\liberica-full-17.0.15\bin\awt.dll
Event: 0.678 Loaded shared library C:\Temp\flatlaf.temp\flatlaf-windows-x86_64-5690749160674000.dll
Event: 0.710 Loaded shared library C:\Users\Aiden\.jdks\liberica-full-17.0.15\bin\freetype.dll
Event: 0.711 Loaded shared library C:\Users\Aiden\.jdks\liberica-full-17.0.15\bin\fontmanager.dll
Event: 0.989 Loaded shared library C:\Users\Aiden\.jdks\liberica-full-17.0.15\bin\prefs.dll
Event: 1.666 Loaded shared library C:\Temp\jme3\natives_97b9233c\bulletjme-x86_64.dll
Event: 1.703 Loaded shared library C:\Temp\lwjgl_Aiden\3.3.6+1\x64\lwjgl.dll
Event: 1.988 Loaded shared library C:\Temp\lwjgl_Aiden\3.3.6+1\x64\lwjgl_opengl.dll

Deoptimization events (20 events):
Event: 8.042 Thread 0x00000228c57bf500 Uncommon trap: trap_request=0xffffffde fr.pc=0x00000228e0e11bcc relative=0x00000000000011ec
Event: 8.042 Thread 0x00000228c57bf500 Uncommon trap: reason=class_check action=maybe_recompile pc=0x00000228e0e11bcc method=com.jme3.light.LightList$1.compare(Ljava/lang/Object;Ljava/lang/Object;)I @ 6 c2
Event: 8.042 Thread 0x00000228c57bf500 DEOPT PACKING pc=0x00000228e0e11bcc sp=0x000000d7a461f100
Event: 8.042 Thread 0x00000228c57bf500 DEOPT UNPACKING pc=0x00000228e05269a3 sp=0x000000d7a461f030 mode 2
Event: 8.042 Thread 0x00000228c57bf500 Uncommon trap: trap_request=0xffffffde fr.pc=0x00000228e0eded80 relative=0x00000000000000e0
Event: 8.042 Thread 0x00000228c57bf500 Uncommon trap: reason=class_check action=maybe_recompile pc=0x00000228e0eded80 method=com.jme3.light.LightList$1.compare(Ljava/lang/Object;Ljava/lang/Object;)I @ 6 c2
Event: 8.042 Thread 0x00000228c57bf500 DEOPT PACKING pc=0x00000228e0eded80 sp=0x000000d7a461f090
Event: 8.042 Thread 0x00000228c57bf500 DEOPT UNPACKING pc=0x00000228e05269a3 sp=0x000000d7a461f020 mode 2
Event: 8.043 Thread 0x00000228c57bf500 Uncommon trap: trap_request=0xffffff45 fr.pc=0x00000228e0ccf998 relative=0x0000000000000618
Event: 8.043 Thread 0x00000228c57bf500 Uncommon trap: reason=unstable_if action=reinterpret pc=0x00000228e0ccf998 method=com.jme3.scene.Node.updateWorldBound()V @ 104 c2
Event: 8.043 Thread 0x00000228c57bf500 DEOPT PACKING pc=0x00000228e0ccf998 sp=0x000000d7a461f1d0
Event: 8.043 Thread 0x00000228c57bf500 DEOPT UNPACKING pc=0x00000228e05269a3 sp=0x000000d7a461f188 mode 2
Event: 8.043 Thread 0x00000228c57bf500 Uncommon trap: trap_request=0xffffff45 fr.pc=0x00000228e0f829b4 relative=0x0000000000000214
Event: 8.043 Thread 0x00000228c57bf500 Uncommon trap: reason=unstable_if action=reinterpret pc=0x00000228e0f829b4 method=com.jme3.math.Quaternion.equals(Ljava/lang/Object;)Z @ 48 c2
Event: 8.043 Thread 0x00000228c57bf500 DEOPT PACKING pc=0x00000228e0f829b4 sp=0x000000d7a461f2d0
Event: 8.043 Thread 0x00000228c57bf500 DEOPT UNPACKING pc=0x00000228e05269a3 sp=0x000000d7a461f268 mode 2
Event: 8.043 Thread 0x00000228c57bf500 Uncommon trap: trap_request=0xffffff45 fr.pc=0x00000228e0c3ef04 relative=0x00000000000001a4
Event: 8.043 Thread 0x00000228c57bf500 Uncommon trap: reason=unstable_if action=reinterpret pc=0x00000228e0c3ef04 method=com.jme3.math.Quaternion.getRotationColumn(ILcom/jme3/math/Vector3f;)Lcom/jme3/math/Vector3f; @ 1 c2
Event: 8.043 Thread 0x00000228c57bf500 DEOPT PACKING pc=0x00000228e0c3ef04 sp=0x000000d7a461f0d0
Event: 8.043 Thread 0x00000228c57bf500 DEOPT UNPACKING pc=0x00000228e05269a3 sp=0x000000d7a461f040 mode 2

Classes loaded (20 events):
Event: 4.716 Loading class java/util/concurrent/locks/StampedLock$Node done
Event: 4.716 Loading class java/util/concurrent/locks/StampedLock$WriterNode done
Event: 4.746 Loading class java/nio/DirectFloatBufferRU
Event: 4.746 Loading class java/nio/DirectFloatBufferRU done
Event: 5.373 Loading class java/util/concurrent/locks/ReentrantReadWriteLock$Sync$HoldCounter
Event: 5.373 Loading class java/util/concurrent/locks/ReentrantReadWriteLock$Sync$HoldCounter done
Event: 6.194 Loading class com/sun/org/apache/xerces/internal/dom/DeferredElementImpl
Event: 6.194 Loading class com/sun/org/apache/xerces/internal/dom/DeferredElementImpl done
Event: 6.194 Loading class com/sun/org/apache/xerces/internal/dom/DeferredCommentImpl
Event: 6.194 Loading class com/sun/org/apache/xerces/internal/dom/CommentImpl
Event: 6.194 Loading class org/w3c/dom/Comment
Event: 6.194 Loading class org/w3c/dom/Comment done
Event: 6.194 Loading class com/sun/org/apache/xerces/internal/dom/CommentImpl done
Event: 6.194 Loading class com/sun/org/apache/xerces/internal/dom/DeferredCommentImpl done
Event: 6.195 Loading class com/sun/org/apache/xerces/internal/dom/DeepNodeListImpl
Event: 6.195 Loading class com/sun/org/apache/xerces/internal/dom/DeepNodeListImpl done
Event: 6.195 Loading class com/sun/org/apache/xerces/internal/dom/DeferredAttrImpl
Event: 6.195 Loading class com/sun/org/apache/xerces/internal/dom/DeferredAttrImpl done
Event: 6.198 Loading class java/util/AbstractMap$SimpleEntry
Event: 6.198 Loading class java/util/AbstractMap$SimpleEntry done

Classes unloaded (0 events):
No events

Classes redefined (0 events):
No events

Internal exceptions (20 events):
Event: 2.652 Thread 0x00000228c57bdbb0 Exception <a 'sun/nio/fs/WindowsException'{0x00000006113bc078}> (0x00000006113bc078) 
thrown [s\src\hotspot\share\prims\jni.cpp, line 516]
Event: 2.652 Thread 0x00000228c57bdbb0 Exception <a 'sun/nio/fs/WindowsException'{0x00000006113bca00}> (0x00000006113bca00) 
thrown [s\src\hotspot\share\prims\jni.cpp, line 516]
Event: 2.652 Thread 0x00000228c57bdbb0 Exception <a 'sun/nio/fs/WindowsException'{0x00000006113bcfd0}> (0x00000006113bcfd0) 
thrown [s\src\hotspot\share\prims\jni.cpp, line 516]
Event: 2.970 Thread 0x00000229049fec80 Implicit null exception at 0x00000228e0e8d958 to 0x00000228e0e8da14
Event: 3.011 Thread 0x00000229049fec80 Exception <a 'java/lang/NoSuchMethodError'{0x00000006131a4ca8}: 'java.lang.Object java.lang.invoke.DirectMethodHandle$Holder.invokeStatic(java.lang.Object, java.lang.Object, int, java.lang.Object)'> (0x00000006131a4ca8) 
thrown [s\src\hotspot\share\interpreter\linkResolver.cpp, line 759]
Event: 4.574 Thread 0x00000229051e5a60 Implicit null exception at 0x00000228e0ef56c5 to 0x00000228e0ef7160
Event: 4.574 Thread 0x00000229051e5a60 Implicit null exception at 0x00000228e0ee5bb2 to 0x00000228e0ee5d88
Event: 4.687 Thread 0x00000229049fe770 Exception <a 'java/lang/NoSuchMethodError'{0x0000000610853d10}: 'java.lang.Object java.lang.invoke.DirectMethodHandle$Holder.newInvokeSpecial(java.lang.Object, java.lang.Object, int, int)'> (0x0000000610853d10) 
thrown [s\src\hotspot\share\interpreter\linkResolver.cpp, line 759]
Event: 4.687 Thread 0x00000228c57bf500 Exception <a 'java/lang/NoSuchMethodError'{0x0000000610f65968}: 'java.lang.Object java.lang.invoke.DirectMethodHandle$Holder.newInvokeSpecial(java.lang.Object, java.lang.Object, int, int)'> (0x0000000610f65968) 
thrown [s\src\hotspot\share\interpreter\linkResolver.cpp, line 759]
Event: 4.716 Thread 0x00000228c57bf500 Implicit null exception at 0x00000228e0fb2160 to 0x00000228e0fb25c4
Event: 4.769 Thread 0x00000229051e5f70 Exception <a 'java/lang/NoSuchMethodError'{0x000000060f600880}: 'java.lang.Object java.lang.invoke.DirectMethodHandle$Holder.invokeSpecial(java.lang.Object, java.lang.Object, int, int, java.lang.Object)'> (0x000000060f600880) 
thrown [s\src\hotspot\share\interpreter\linkResolver.cpp, line 759]
Event: 4.769 Thread 0x00000229051e6480 Exception <a 'java/lang/NoSuchMethodError'{0x000000060fe28940}: 'java.lang.Object java.lang.invoke.DirectMethodHandle$Holder.invokeSpecial(java.lang.Object, java.lang.Object, int, int, java.lang.Object)'> (0x000000060fe28940) 
thrown [s\src\hotspot\share\interpreter\linkResolver.cpp, line 759]
Event: 4.770 Thread 0x00000229051e5f70 Exception <a 'java/lang/NoSuchMethodError'{0x000000060f6071c0}: 'java.lang.Object java.lang.invoke.DirectMethodHandle$Holder.newInvokeSpecial(java.lang.Object, java.lang.Object, int, int, java.lang.Object)'> (0x000000060f6071c0) 
thrown [s\src\hotspot\share\interpreter\linkResolver.cpp, line 759]
Event: 4.770 Thread 0x00000229051e6480 Exception <a 'java/lang/NoSuchMethodError'{0x000000060f62d7b8}: 'java.lang.Object java.lang.invoke.DirectMethodHandle$Holder.newInvokeSpecial(java.lang.Object, java.lang.Object, int, int, java.lang.Object)'> (0x000000060f62d7b8) 
thrown [s\src\hotspot\share\interpreter\linkResolver.cpp, line 759]
Event: 4.770 Thread 0x00000229051e6480 Exception <a 'java/lang/NoSuchMethodError'{0x000000060f631498}: 'java.lang.Object java.lang.invoke.DirectMethodHandle$Holder.invokeSpecial(java.lang.Object, java.lang.Object, java.lang.Object, int, int, java.lang.Object)'> (0x000000060f631498) 
thrown [s\src\hotspot\share\interpreter\linkResolver.cpp, line 759]
Event: 4.770 Thread 0x00000229051e5f70 Exception <a 'java/lang/NoSuchMethodError'{0x000000060f60ad28}: 'java.lang.Object java.lang.invoke.DirectMethodHandle$Holder.invokeSpecial(java.lang.Object, java.lang.Object, java.lang.Object, int, int, java.lang.Object)'> (0x000000060f60ad28) 
thrown [s\src\hotspot\share\interpreter\linkResolver.cpp, line 759]
Event: 6.191 Thread 0x00000228c57bf500 Exception <a 'java/lang/NoSuchMethodError'{0x000000060d6fd628}: 'java.lang.Object java.lang.invoke.DirectMethodHandle$Holder.invokeSpecial(java.lang.Object, java.lang.Object, java.lang.Object, java.lang.Object, java.lang.Object, java.lang.Object, float)'> (0x000000060d6fd628) 
thrown [s\src\hotspot\share\interpreter\linkResolver.cpp, line 759]
Event: 6.217 Thread 0x00000228c57bf500 Exception <a 'java/lang/NoSuchMethodError'{0x000000060d17b9b8}: 'double java.lang.invoke.DirectMethodHandle$Holder.invokeStatic(java.lang.Object, java.lang.Object)'> (0x000000060d17b9b8) 
thrown [s\src\hotspot\share\interpreter\linkResolver.cpp, line 759]
Event: 6.220 Thread 0x00000228c57bf500 Implicit null exception at 0x00000228e0cc7ae4 to 0x00000228e0cc8710
Event: 6.280 Thread 0x00000228c57bf500 Implicit null exception at 0x00000228e0ca39b6 to 0x00000228e0ca43f0

VM Operations (20 events):
Event: 4.697 Executing VM operation: HandshakeAllThreads
Event: 4.697 Executing VM operation: HandshakeAllThreads done
Event: 4.698 Executing VM operation: HandshakeAllThreads
Event: 4.698 Executing VM operation: HandshakeAllThreads done
Event: 4.728 Executing VM operation: HandshakeAllThreads
Event: 4.728 Executing VM operation: HandshakeAllThreads done
Event: 4.747 Executing VM operation: HandshakeAllThreads
Event: 4.747 Executing VM operation: HandshakeAllThreads done
Event: 4.747 Executing VM operation: HandshakeAllThreads
Event: 4.747 Executing VM operation: HandshakeAllThreads done
Event: 5.341 Executing VM operation: G1CollectForAllocation
Event: 5.342 Executing VM operation: G1CollectForAllocation done
Event: 6.095 Executing VM operation: HandshakeAllThreads
Event: 6.095 Executing VM operation: HandshakeAllThreads done
Event: 6.187 Executing VM operation: HandshakeAllThreads
Event: 6.187 Executing VM operation: HandshakeAllThreads done
Event: 6.743 Executing VM operation: G1CollectForAllocation
Event: 6.746 Executing VM operation: G1CollectForAllocation done
Event: 7.759 Executing VM operation: Cleanup
Event: 7.759 Executing VM operation: Cleanup done

Memory protections (0 events):
No events

Nmethod flushes (20 events):
Event: 3.184 Thread 0x00000228fbcca390 flushing  nmethod 0x00000228d9a64b90
Event: 3.184 Thread 0x00000228fbcca390 flushing osr nmethod 0x00000228d9a66810
Event: 3.184 Thread 0x00000228fbcca390 flushing  nmethod 0x00000228d9a6aa10
Event: 3.184 Thread 0x00000228fbcca390 flushing osr nmethod 0x00000228d9a86310
Event: 3.184 Thread 0x00000228fbcca390 flushing  nmethod 0x00000228d9a8a290
Event: 3.184 Thread 0x00000228fbcca390 flushing osr nmethod 0x00000228d9a8eb10
Event: 3.184 Thread 0x00000228fbcca390 flushing  nmethod 0x00000228d9a8fe90
Event: 3.185 Thread 0x00000228fbcca390 flushing  nmethod 0x00000228d9ae7310
Event: 3.185 Thread 0x00000228fbcca390 flushing  nmethod 0x00000228d9aea190
Event: 3.185 Thread 0x00000228fbcca390 flushing  nmethod 0x00000228d9aefd90
Event: 4.729 Thread 0x00000228fbcca390 flushing  nmethod 0x00000228e0f24a90
Event: 4.732 Thread 0x00000228fbcca390 flushing  nmethod 0x00000228d9740290
Event: 4.732 Thread 0x00000228fbcca390 flushing  nmethod 0x00000228d9743410
Event: 4.732 Thread 0x00000228fbcca390 flushing  nmethod 0x00000228d974f390
Event: 4.733 Thread 0x00000228fbcca390 flushing  nmethod 0x00000228d990ce10
Event: 4.733 Thread 0x00000228fbcca390 flushing  nmethod 0x00000228d9917690
Event: 4.733 Thread 0x00000228fbcca390 flushing  nmethod 0x00000228d9918710
Event: 4.733 Thread 0x00000228fbcca390 flushing  nmethod 0x00000228d9919d90
Event: 4.733 Thread 0x00000228fbcca390 flushing  nmethod 0x00000228d9965d90
Event: 4.734 Thread 0x00000228fbcca390 flushing  nmethod 0x00000228d9a8cd90

Events (20 events):
Event: 3.660 Thread 0x00000228c57bdbb0 Thread exited: 0x00000228c57bdbb0
Event: 4.260 Thread 0x00000228cc5feff0 Thread exited: 0x00000228cc5feff0
Event: 4.260 Thread 0x00000228c56366c0 Thread exited: 0x00000228c56366c0
Event: 4.260 Thread 0x00000228c5638bf0 Thread exited: 0x00000228c5638bf0
Event: 4.261 Thread 0x00000228c5637c00 Thread exited: 0x00000228c5637c00
Event: 4.496 Thread 0x00000229049fe770 Thread added: 0x00000229051e5a60
Event: 4.688 Thread 0x00000228c57bf500 Thread added: 0x00000229051e6480
Event: 4.688 Thread 0x00000229049fe770 Thread added: 0x00000229051e5f70
Event: 4.694 Thread 0x00000228fee505e0 Thread added: 0x00000228cc5ff540
Event: 4.749 Thread 0x00000228fee52fd0 Thread added: 0x00000228cc5ffa90
Event: 5.007 Thread 0x00000228cc5ffa90 Thread exited: 0x00000228cc5ffa90
Event: 5.009 Thread 0x00000228cc5ff540 Thread exited: 0x00000228cc5ff540
Event: 5.009 Thread 0x00000228cc449ae0 Thread exited: 0x00000228cc449ae0
Event: 5.046 Thread 0x00000228cc4495c0 Thread exited: 0x00000228cc4495c0
Event: 5.281 Thread 0x00000228c5e68bd0 Thread exited: 0x00000228c5e68bd0
Event: 6.058 Thread 0x00000228c57ba400 Thread exited: 0x00000228c57ba400
Event: 6.103 Thread 0x00000228fbcc47a0 Thread added: 0x00000228cc5fd010
Event: 6.174 Thread 0x00000228fbcc6190 Thread added: 0x00000228cc5fd560
Event: 6.530 Thread 0x00000228cc5fd560 Thread exited: 0x00000228cc5fd560
Event: 6.530 Thread 0x00000228cc5fd010 Thread exited: 0x00000228cc5fd010


Dynamic libraries:
0x00007ff6b4140000 - 0x00007ff6b414e000 	C:\Users\Aiden\.jdks\liberica-full-17.0.15\bin\java.exe
0x00007ffaf0750000 - 0x00007ffaf0946000 	C:\Windows\SYSTEM32\ntdll.dll
0x00007ffaf0690000 - 0x00007ffaf074d000 	C:\Windows\System32\KERNEL32.DLL
0x00007ffaee3f0000 - 0x00007ffaee6b9000 	C:\Windows\System32\KERNELBASE.dll
0x00007ffaeded0000 - 0x00007ffaedfd0000 	C:\Windows\System32\ucrtbase.dll
0x00007ffae89d0000 - 0x00007ffae89e7000 	C:\Users\Aiden\.jdks\liberica-full-17.0.15\bin\jli.dll
0x00007ffae70c0000 - 0x00007ffae70db000 	C:\Users\Aiden\.jdks\liberica-full-17.0.15\bin\VCRUNTIME140.dll
0x00007ffaefd60000 - 0x00007ffaeff00000 	C:\Windows\System32\USER32.dll
0x00007ffaee6c0000 - 0x00007ffaee6e2000 	C:\Windows\System32\win32u.dll
0x00007ffad6750000 - 0x00007ffad69eb000 	C:\Windows\WinSxS\amd64_microsoft.windows.common-controls_6595b64144ccf1df_6.0.19041.746_none_ca02b4b61b8320a4\COMCTL32.dll
0x00007ffaee9a0000 - 0x00007ffaee9ca000 	C:\Windows\System32\GDI32.dll
0x00007ffaf01d0000 - 0x00007ffaf026e000 	C:\Windows\System32\msvcrt.dll
0x00007ffaedfd0000 - 0x00007ffaee0db000 	C:\Windows\System32\gdi32full.dll
0x00007ffaee0e0000 - 0x00007ffaee17d000 	C:\Windows\System32\msvcp_win.dll
0x00007ffaf01a0000 - 0x00007ffaf01d0000 	C:\Windows\System32\IMM32.DLL
0x00007ffae70f0000 - 0x00007ffae70fc000 	C:\Users\Aiden\.jdks\liberica-full-17.0.15\bin\vcruntime140_1.dll
0x00007ffaae2e0000 - 0x00007ffaae36e000 	C:\Users\Aiden\.jdks\liberica-full-17.0.15\bin\msvcp140.dll
0x00007ffa923e0000 - 0x00007ffa93050000 	C:\Users\Aiden\.jdks\liberica-full-17.0.15\bin\server\jvm.dll
0x00007ffaf05e0000 - 0x00007ffaf068c000 	C:\Windows\System32\ADVAPI32.dll
0x00007ffaef710000 - 0x00007ffaef7ac000 	C:\Windows\System32\sechost.dll
0x00007ffaeff00000 - 0x00007ffaf002b000 	C:\Windows\System32\RPCRT4.dll
0x00007ffaef6a0000 - 0x00007ffaef70b000 	C:\Windows\System32\WS2_32.dll
0x00007ffaed470000 - 0x00007ffaed4bb000 	C:\Windows\SYSTEM32\POWRPROF.dll
0x00007ffae39d0000 - 0x00007ffae39f7000 	C:\Windows\SYSTEM32\WINMM.dll
0x00007ffae84d0000 - 0x00007ffae84da000 	C:\Windows\SYSTEM32\VERSION.dll
0x00007ffaed330000 - 0x00007ffaed342000 	C:\Windows\SYSTEM32\UMPDC.dll
0x00007ffaebe50000 - 0x00007ffaebe62000 	C:\Windows\SYSTEM32\kernel.appcore.dll
0x00007ffad7040000 - 0x00007ffad704a000 	C:\Users\Aiden\.jdks\liberica-full-17.0.15\bin\jimage.dll
0x00007ffae3720000 - 0x00007ffae3904000 	C:\Windows\SYSTEM32\DBGHELP.DLL
0x00007ffacb6f0000 - 0x00007ffacb71c000 	C:\Windows\SYSTEM32\dbgcore.DLL
0x00007ffaee180000 - 0x00007ffaee200000 	C:\Windows\System32\bcryptPrimitives.dll
0x00007ffad7030000 - 0x00007ffad703e000 	C:\Users\Aiden\.jdks\liberica-full-17.0.15\bin\instrument.dll
0x00007ffad6420000 - 0x00007ffad6445000 	C:\Users\Aiden\.jdks\liberica-full-17.0.15\bin\java.dll
0x00007ffaae200000 - 0x00007ffaae2d7000 	C:\Users\Aiden\.jdks\liberica-full-17.0.15\bin\jsvml.dll
0x00007ffaeef30000 - 0x00007ffaef673000 	C:\Windows\System32\SHELL32.dll
0x00007ffaec050000 - 0x00007ffaec7df000 	C:\Windows\SYSTEM32\windows.storage.dll
0x00007ffaf0280000 - 0x00007ffaf05d6000 	C:\Windows\System32\combase.dll
0x00007ffaed930000 - 0x00007ffaed95c000 	C:\Windows\SYSTEM32\Wldp.dll
0x00007ffaeec20000 - 0x00007ffaeecce000 	C:\Windows\System32\SHCORE.dll
0x00007ffaee9d0000 - 0x00007ffaeea25000 	C:\Windows\System32\shlwapi.dll
0x00007ffaede00000 - 0x00007ffaede26000 	C:\Windows\SYSTEM32\profapi.dll
0x00007ffad4910000 - 0x00007ffad4928000 	C:\Users\Aiden\.jdks\liberica-full-17.0.15\bin\zip.dll
0x00007ffad6550000 - 0x00007ffad6569000 	C:\Users\Aiden\.jdks\liberica-full-17.0.15\bin\net.dll
0x00007ffae7430000 - 0x00007ffae7530000 	C:\Windows\SYSTEM32\WINHTTP.dll
0x00007ffaed6b0000 - 0x00007ffaed71a000 	C:\Windows\system32\mswsock.dll
0x00007ffad63d0000 - 0x00007ffad63e6000 	C:\Users\Aiden\.jdks\liberica-full-17.0.15\bin\nio.dll
0x00007ffad63c0000 - 0x00007ffad63c9000 	C:\Users\Aiden\.jdks\liberica-full-17.0.15\bin\extnet.dll
0x00007ffaed3a0000 - 0x00007ffaed46b000 	C:\Windows\SYSTEM32\DNSAPI.dll
0x00007ffaed350000 - 0x00007ffaed38b000 	C:\Windows\SYSTEM32\IPHLPAPI.DLL
0x00007ffaeeb50000 - 0x00007ffaeeb58000 	C:\Windows\System32\NSI.dll
0x00007ffae8730000 - 0x00007ffae873a000 	C:\Windows\System32\rasadhlp.dll
0x00007ffae6d90000 - 0x00007ffae6e0f000 	C:\Windows\System32\fwpuclnt.dll
0x00007ffaee360000 - 0x00007ffaee387000 	C:\Windows\System32\bcrypt.dll
0x00007ffad4900000 - 0x00007ffad490a000 	C:\Users\Aiden\.jdks\liberica-full-17.0.15\bin\management.dll
0x00007ffad48f0000 - 0x00007ffad48fb000 	C:\Users\Aiden\.jdks\liberica-full-17.0.15\bin\management_ext.dll
0x00007ffaf0270000 - 0x00007ffaf0278000 	C:\Windows\System32\PSAPI.DLL
0x00007ffaed880000 - 0x00007ffaed898000 	C:\Windows\SYSTEM32\CRYPTSP.dll
0x00007ffaecfe0000 - 0x00007ffaed014000 	C:\Windows\system32\rsaenh.dll
0x00007ffaeddc0000 - 0x00007ffaeddee000 	C:\Windows\SYSTEM32\USERENV.dll
0x00007ffaed8a0000 - 0x00007ffaed8ac000 	C:\Windows\SYSTEM32\CRYPTBASE.dll
0x00007ffae7f80000 - 0x00007ffae7f97000 	C:\Windows\SYSTEM32\dhcpcsvc6.DLL
0x00007ffae7f50000 - 0x00007ffae7f6d000 	C:\Windows\SYSTEM32\dhcpcsvc.DLL
0x00007ffac46a0000 - 0x00007ffac46b7000 	C:\Windows\system32\napinsp.dll
0x00007ffac4680000 - 0x00007ffac469b000 	C:\Windows\system32\pnrpnsp.dll
0x00007ffae9180000 - 0x00007ffae9195000 	C:\Windows\system32\wshbth.dll
0x00007ffaeb4f0000 - 0x00007ffaeb50d000 	C:\Windows\system32\NLAapi.dll
0x00007ffac4300000 - 0x00007ffac4312000 	C:\Windows\System32\winrnr.dll
0x00007ffac5600000 - 0x00007ffac5649000 	C:\Windows\SYSTEM32\pdh.dll
0x00007ffad2b60000 - 0x00007ffad2b6f000 	C:\Windows\System32\perfproc.dll
0x00007ffad0a00000 - 0x00007ffad0a0f000 	C:\Windows\System32\perfos.dll
0x00007ffaae070000 - 0x00007ffaae200000 	C:\Users\Aiden\.jdks\liberica-full-17.0.15\bin\awt.dll
0x00007ffaeee00000 - 0x00007ffaeeecd000 	C:\Windows\System32\OLEAUT32.dll
0x00007ffaeb780000 - 0x00007ffaeb810000 	C:\Windows\SYSTEM32\apphelp.dll
0x00007ffaebd40000 - 0x00007ffaebd6f000 	C:\Windows\system32\DWMAPI.DLL
0x00007ffaeb900000 - 0x00007ffaeb99e000 	C:\Windows\system32\uxtheme.dll
0x00007ffaeea30000 - 0x00007ffaeeb46000 	C:\Windows\System32\MSCTF.dll
0x00007ffaeecd0000 - 0x00007ffaeedfa000 	C:\Windows\System32\ole32.dll
0x00007ffad2b50000 - 0x00007ffad2b56000 	C:\Temp\flatlaf.temp\flatlaf-windows-x86_64-5690749160674000.dll
0x00007ffaadfe0000 - 0x00007ffaae067000 	C:\Users\Aiden\.jdks\liberica-full-17.0.15\bin\freetype.dll
0x00007ffaadf00000 - 0x00007ffaadfdb000 	C:\Users\Aiden\.jdks\liberica-full-17.0.15\bin\fontmanager.dll
0x00007ffa98780000 - 0x00007ffa988a5000 	C:\Windows\system32\opengl32.dll
0x00007ffac5a70000 - 0x00007ffac5a9c000 	C:\Windows\SYSTEM32\GLU32.dll
0x00007ffacb880000 - 0x00007ffacba4f000 	C:\Windows\system32\d3d9.dll
0x00007ffae4230000 - 0x00007ffae42f2000 	C:\Windows\System32\DriverStore\FileRepository\nvrfi.inf_amd64_06f0598dab718334\nvldumdx.dll
0x00007ffaedab0000 - 0x00007ffaedac2000 	C:\Windows\SYSTEM32\msasn1.dll
0x00007ffae8320000 - 0x00007ffae8351000 	C:\Windows\SYSTEM32\cryptnet.dll
0x00007ffaee200000 - 0x00007ffaee356000 	C:\Windows\System32\CRYPT32.dll
0x00007ffae8070000 - 0x00007ffae81b9000 	C:\Windows\SYSTEM32\drvstore.dll
0x00007ffaedc70000 - 0x00007ffaedc9c000 	C:\Windows\SYSTEM32\devobj.dll
0x00007ffaee7a0000 - 0x00007ffaee7ee000 	C:\Windows\System32\cfgmgr32.dll
0x00007ffaee390000 - 0x00007ffaee3f0000 	C:\Windows\System32\wintrust.dll
0x00007ffaef680000 - 0x00007ffaef69d000 	C:\Windows\System32\imagehlp.dll
0x00007ffadeb30000 - 0x00007ffae25e1000 	C:\Windows\System32\DriverStore\FileRepository\nvrfi.inf_amd64_06f0598dab718334\nvgpucomp64.dll
0x00007ffadcd00000 - 0x00007ffadcdd9000 	C:\Windows\System32\DriverStore\FileRepository\nvrfi.inf_amd64_06f0598dab718334\NvMemMapStoragex.dll
0x00007ffaae490000 - 0x00007ffab0717000 	C:\Windows\System32\DriverStore\FileRepository\nvrfi.inf_amd64_06f0598dab718334\nvd3dumx.dll
0x00007ffa98d30000 - 0x00007ffa99036000 	C:\Windows\system32\nvspcap64.dll
0x00007ffaecc10000 - 0x00007ffaecc43000 	C:\Windows\SYSTEM32\ntmarta.dll
0x00007ffaec7f0000 - 0x00007ffaec813000 	C:\Windows\SYSTEM32\gpapi.dll
0x00007ffac2830000 - 0x00007ffac29e4000 	C:\Windows\System32\DriverStore\FileRepository\nvrfi.inf_amd64_06f0598dab718334\nvppex.dll
0x00007ffae4b00000 - 0x00007ffae4b3b000 	C:\Windows\SYSTEM32\dxcore.dll
0x00007ffad2b40000 - 0x00007ffad2b49000 	C:\Users\Aiden\.jdks\liberica-full-17.0.15\bin\prefs.dll
0x00007ffad2b30000 - 0x00007ffad2b37000 	C:\Users\Aiden\.jdks\liberica-full-17.0.15\bin\jawt.dll
0x00007ffae4530000 - 0x00007ffae462b000 	C:\Windows\SYSTEM32\textinputframework.dll
0x00007ffaead30000 - 0x00007ffaeb08e000 	C:\Windows\System32\CoreUIComponents.dll
0x00007ffaeb180000 - 0x00007ffaeb272000 	C:\Windows\System32\CoreMessaging.dll
0x00007ffaea2f0000 - 0x00007ffaea444000 	C:\Windows\SYSTEM32\wintypes.dll
0x00007ffa97120000 - 0x00007ffa97366000 	C:\Temp\jme3\natives_97b9233c\bulletjme-x86_64.dll
0x00007ffaade80000 - 0x00007ffaadefe000 	C:\Temp\lwjgl_Aiden\3.3.6+1\x64\lwjgl.dll
0x00007ffa96240000 - 0x00007ffa964b1000 	C:\Temp\lwjgl_Aiden\3.3.6+1\x64\jemalloc.dll
0x00007ffaaddf0000 - 0x00007ffaade79000 	C:\Temp\lwjgl_Aiden\3.3.6+1\x64\glfw.dll
0x00007ffad0f90000 - 0x00007ffad0fd5000 	C:\Windows\SYSTEM32\dinput8.dll
0x00007ffad2a20000 - 0x00007ffad2a31000 	C:\Windows\SYSTEM32\xinput1_4.dll
0x00007ffae43d0000 - 0x00007ffae4522000 	C:\Windows\SYSTEM32\inputhost.dll
0x00007ffaea8a0000 - 0x00007ffaea997000 	C:\Windows\SYSTEM32\PROPSYS.dll
0x00007ffaef7c0000 - 0x00007ffaef869000 	C:\Windows\System32\clbcatq.dll
0x00007ffae8210000 - 0x00007ffae830b000 	C:\Windows\System32\AppXDeploymentClient.dll
0x00007ffa89240000 - 0x00007ffa8bad6000 	C:\Windows\System32\DriverStore\FileRepository\nvrfi.inf_amd64_06f0598dab718334\nvoglv64.dll
0x00007ffaef8f0000 - 0x00007ffaefd57000 	C:\Windows\System32\SETUPAPI.dll
0x00007ffae9160000 - 0x00007ffae9174000 	C:\Windows\SYSTEM32\WTSAPI32.dll
0x00007ffaecc80000 - 0x00007ffaeccda000 	C:\Windows\SYSTEM32\WINSTA.dll
0x00007ffae6e50000 - 0x00007ffae6efe000 	C:\Windows\SYSTEM32\mscms.dll
0x00007ffae6d70000 - 0x00007ffae6d81000 	C:\Windows\SYSTEM32\ColorAdapterClient.dll
0x00007ffab6ef0000 - 0x00007ffab6f33000 	C:\Windows\SYSTEM32\icm32.dll
0x00007ffaadd90000 - 0x00007ffaadded000 	C:\Temp\lwjgl_Aiden\3.3.6+1\x64\lwjgl_opengl.dll
0x00007ffaec7e0000 - 0x00007ffaec7ed000 	C:\Windows\SYSTEM32\HID.DLL
0x00007ffa96f30000 - 0x00007ffa9711b000 	C:\Temp\lwjgl_Aiden\3.3.6+1\x64\OpenAL.dll
0x00007ffae7cd0000 - 0x00007ffae7cda000 	C:\Windows\SYSTEM32\AVRT.dll
0x00007ffae8360000 - 0x00007ffae83e5000 	C:\Windows\System32\MMDevApi.dll

dbghelp: loaded successfully - version: 4.0.5 - missing functions: none
symbol engine: initialized successfully - sym options: 0x614 - pdb path: .;C:\Users\Aiden\.jdks\liberica-full-17.0.15\bin;C:\Windows\SYSTEM32;C:\Windows\WinSxS\amd64_microsoft.windows.common-controls_6595b64144ccf1df_6.0.19041.746_none_ca02b4b61b8320a4;C:\Users\Aiden\.jdks\liberica-full-17.0.15\bin\server;C:\Temp\flatlaf.temp;C:\Windows\System32\DriverStore\FileRepository\nvrfi.inf_amd64_06f0598dab718334;C:\Temp\jme3\natives_97b9233c;C:\Temp\lwjgl_Aiden\3.3.6+1\x64

VM Arguments:
jvm_args: -javaagent:C:\Program Files\JetBrains\IntelliJIdea2025.1\lib\idea_rt.jar=59312 -Dfile.encoding=UTF-8 
java_command: test.Game --add-opens=java.base/java.nio=ALL-UNNAMED
java_class_path (initial): C:\Users\Aiden\Documents\GitHub\CGE\cge\out\production\classes;C:\Users\Aiden\Documents\GitHub\CGE\cge\out\production\resources;C:\Users\Aiden\Documents\GitHub\CGE\cge\lib\SkyControl-1.1.0.jar;C:\Users\Aiden\Documents\GitHub\CGE\cge\lib\jme_phonon-0.3.7.jar;C:\Users\Aiden\Documents\GitHub\CGE\cge\lib\jme3-awt-dialogs-3.8.1-stable.jar;C:\Users\Aiden\.gradle\caches\modules-2\files-2.1\org.jmonkeyengine\jme3-lwjgl3\3.9.0-alpha1\19f91b741b321fbf5bb6933429769ac0a06fa65f\jme3-lwjgl3-3.9.0-alpha1.jar;C:\Users\Aiden\.gradle\caches\modules-2\files-2.1\org.jmonkeyengine\jme3-desktop\3.9.0-alpha1\6ec9a7d85169f6eea01b0b4b73ebfcc6e8e97054\jme3-desktop-3.9.0-alpha1.jar;C:\Users\Aiden\.gradle\caches\modules-2\files-2.1\org.jmonkeyengine\jme3-effects\3.9.0-alpha1\ce3f5369d752287e26e9aecd27a3e62ac317d94a\jme3-effects-3.9.0-alpha1.jar;C:\Users\Aiden\.gradle\caches\modules-2\files-2.1\org.jmonkeyengine\jme3-jogg\3.9.0-alpha1\55e30fb291aef82a3c3a51d088f40aa0ea142ea4\jme3-jogg-3.9.0-alpha1.jar;C:\Users\Aiden\.gradle\caches\modules-2\files-2.1\com.github.stephengold\Minie\9.0.1\2c9ad2dee37b607fdd9269327a6026a07550c094\Minie-9.0.1.jar;C:\Users\Aiden\.gradle\caches\modules-2\files-2.1\org.jmonkeyengine\jme3-core\3.9.0-alpha1\aec977267ad82b95499138111f9b0c0bd10701a9\jme3-core-3.9.0-alpha1.jar;C:\Users\Aiden\.gradle\caches\modules-2\files-2.1\com.google.code.gson\gson\2.11.0\527175ca6d81050b53bdd4c457a6d6e017626b0e\gson-2.11.0.jar;C:\Users\Aiden\.gradle\caches\modules-2\files-2.1\com.simsilica\zay-es\1.6.0\6ff8b33801a4778936da44597b3d00de6691992d\zay-es-1.6.0.jar;C:\Users\Aiden\.gradle\caches\modules-2\files-2.1\org.fusesource.jansi\jansi\2.4.0\321c614f85f1dea6bb08c1817c60d53b7f3552fd\jansi-2.4.0.jar;C:\Users\Aiden\.gradle\caches\modules-2\files-2.1\org.apache.logging.log4j\log4j-slf4j2-impl\2.20.0\155c8b9bbdac91d8461d9a403a646e6bd0d365d8\log4j-slf4j2-impl-2.20.0.jar;C:\Users\Aiden\.gradle\caches\modules-2\files-2.1\org.slf4j\jul-to-slf4j\2.0.0\e38544c1008e499823
Launcher Type: SUN_STANDARD

[Global flags]
     intx CICompilerCount                          = 12                                        {product} {ergonomic}
     uint ConcGCThreads                            = 4                                         {product} {ergonomic}
     uint G1ConcRefinementThreads                  = 15                                        {product} {ergonomic}
   size_t G1HeapRegionSize                         = 4194304                                   {product} {ergonomic}
    uintx GCDrainStackTargetSize                   = 64                                        {product} {ergonomic}
   size_t InitialHeapSize                          = 536870912                                 {product} {ergonomic}
   size_t MarkStackSize                            = 4194304                                   {product} {ergonomic}
   size_t MaxHeapSize                              = 8547991552                                {product} {ergonomic}
   size_t MaxNewSize                               = 5125439488                                {product} {ergonomic}
   size_t MinHeapDeltaBytes                        = 4194304                                   {product} {ergonomic}
   size_t MinHeapSize                              = 8388608                                   {product} {ergonomic}
    uintx NonNMethodCodeHeapSize                   = 7602480                                {pd product} {ergonomic}
    uintx NonProfiledCodeHeapSize                  = 122027880                              {pd product} {ergonomic}
    uintx ProfiledCodeHeapSize                     = 122027880                              {pd product} {ergonomic}
    uintx ReservedCodeCacheSize                    = 251658240                              {pd product} {ergonomic}
     bool SegmentedCodeCache                       = true                                      {product} {ergonomic}
   size_t SoftMaxHeapSize                          = 8547991552                             {manageable} {ergonomic}
     bool UseCompressedClassPointers               = true                           {product lp64_product} {ergonomic}
     bool UseCompressedOops                        = true                           {product lp64_product} {ergonomic}
     bool UseG1GC                                  = true                                      {product} {ergonomic}
     bool UseLargePagesIndividualAllocation        = false                                  {pd product} {ergonomic}

Logging:
Log output configuration:
 #0: stdout all=warning uptime,level,tags
 #1: stderr all=off uptime,level,tags

Environment Variables:
JAVA_HOME=C:\Users\Aiden\.jdks\liberica-full-17.0.13\bin
PATH=C:\Program Files (x86)\Common Files\Oracle\Java\java8path;C:\Program Files (x86)\Common Files\Oracle\Java\javapath;C:\Python313\Scripts\;C:\Python313\;C:\Program Files (x86)\Razer Chroma SDK\bin;C:\Program Files\Razer Chroma SDK\bin;C:\Program Files (x86)\Razer\ChromaBroadcast\bin;C:\Program Files\Razer\ChromaBroadcast\bin;C:\Program Files\BellSoft\LibericaJDK-17\bin\;C:\Windows\system32;C:\Windows;C:\Windows\System32\Wbem;C:\Windows\System32\WindowsPowerShell\v1.0\;C:\Program Files (x86)\NVIDIA Corporation\PhysX\Common;C:\Program Files\dotnet\;C:\ProgramData\chocolatey\bin;C:\Users\Aiden\Desktop\php;C:\ProgramData\ComposerSetup\bin;C:\Users\Aiden\AppData\Local\Programs\Python\Python310\Scripts\;C:\Users\Aiden\AppData\Local\Programs\Python\Python310\;C:\Users\Aiden\AppData\Local\Microsoft\WindowsApps;C:\Users\Aiden\AppData\Local\GitHubDesktop\bin;C:\Program Files\JetBrains\IntelliJ IDEA 2022.2\bin;C:\Users\Aiden\.dotnet\tools;C:\Program Files\JetBrains\PhpStorm 2022.2\bin;C:\Users\Aiden\AppData\Roaming\npm;C:\Users\Aiden\AppData\Roaming\Composer\vendor\bin;C:\Program Files\NVIDIA Corporation\NVIDIA NvDLISR;C:\Windows\system32\config\systemprofile\AppData\Local\Microsoft\WindowsApps;C:\Program Files\CMake\bin;C:\Program Files\AmneziaWG\;C:\Program Files\nodejs\;C:\Program Files\NVIDIA Corporation\NVIDIA App\NvDLISR;C:\Program Files\Git\cmd;C:\Users\Aiden\.jdks\graalvm-ce-17.0.9;C:\Python313\Scripts\;C:\Python313\;C:\Program Files (x86)\Common Files\Oracle\Java\java8path;C:\Program Files (x86)\Common Files\Oracle\Java\javapath;C:\Program Files (x86)\Razer Chroma SDK\bin;C:\Program Files\Razer Chroma SDK\bin;C:\Program Files (x86)\Razer\ChromaBroadcast\bin;C:\Program Files\Razer\ChromaBroadcast\bin;C:\Program Files\BellSoft\LibericaJDK-17\bin\;C:\Windows\system32;C:\Windows;C:\Windows\System32\Wbem;C:\Windows\System32\WindowsPowerShell\v1.0\;C:\Program Files (x86)\NVIDIA Corporation\PhysX\Common;C:\Program Files\Git\cmd;C:\Program Files\dotnet\;C:\ProgramData\chocolatey\bin;C:\Users\Aiden\Desktop\php;C:\ProgramData\ComposerSetup\bin;C:\Users\Aiden\AppData\Local\Programs\Python\Python310\Scripts\;C:\Users\Aiden\AppData\Local\Programs\Python\Python310\;C:\Users\Aiden\AppData\Local\Microsoft\WindowsApps;C:\Users\Aiden\AppData\Local\GitHubDesktop\bin;C:\Program Files\JetBrains\IntelliJ IDEA 2022.2\bin;C:\Users\Aiden\.dotnet\tools;C:\Users\Aiden\.jdks\liberica-full-17.0.13\bin;
USERNAME=Aiden
OS=Windows_NT
PROCESSOR_IDENTIFIER=Intel64 Family 6 Model 79 Stepping 1, GenuineIntel
TMP=C:\Temp
TEMP=C:\Temp



Periodic native trim disabled


---------------  S Y S T E M  ---------------

OS:
 Windows 10 , 64 bit Build 19041 (10.0.19041.662)
OS uptime: 6 days 14:04 hours

CPU: total 20 (initial active 20) (10 cores per cpu, 2 threads per core) family 6 model 79 stepping 1 microcode 0xb000031, cx8, cmov, fxsr, ht, mmx, 3dnowpref, sse, sse2, sse3, ssse3, sse4.1, sse4.2, popcnt, lzcnt, tsc, tscinvbit, avx, avx2, aes, erms, clmul, bmi1, bmi2, rtm, adx, fma, vzeroupper, clflush
Processor Information for all 20 processors :
  Max Mhz: 3001, Current Mhz: 3001, Mhz Limit: 3001

Memory: 4k page, system-wide physical 32605M (17096M free)
TotalPageFile size 32605M (AvailPageFile size 14451M)
current process WorkingSet (physical memory assigned to process): 1017M, peak: 1017M
current process commit charge ("private bytes"): 1326M, peak: 1327M

vm_info: OpenJDK 64-Bit Server VM (17.0.15+10-LTS) for windows-amd64 JRE (17.0.15+10-LTS), built on Apr 10 2025 18:38:03 by "" with MS VC++ 17.1 (VS2022)

END.
