# This file uses centimeters as units for non-parametric coordinates.

mtllib objHouse.mtl
g default
v 1.241298 2.443372 0.145101
v 1.241293 2.443372 1.123414
v 1.241298 2.777970 0.145101
v 1.241293 2.777970 1.123414
v 0.928586 2.777970 0.145101
v 0.928584 2.777970 1.123414
v 0.928586 2.443372 0.145101
v 0.928584 2.443372 1.123414
v 1.269958 2.777970 0.145096
v 1.269958 2.777970 1.154081
v 0.899919 2.777970 1.154090
v 0.899919 2.777970 0.145096
v 1.269958 2.792668 0.145096
v 1.269958 2.792668 1.154081
v 0.899919 2.792668 1.154090
v 0.899919 2.792668 0.145096
v 1.263793 2.792668 0.145101
v 1.263793 2.792668 1.147490
v 0.906089 2.792668 1.147490
v 0.906089 2.792668 0.145101
v 1.092911 2.985580 0.145101
v 1.092908 2.985580 1.042603
v 1.076971 2.985580 1.042603
v 1.076973 2.985580 0.145101
v 1.259156 2.797902 0.145101
v 1.259154 2.797902 1.134723
v 1.099667 2.977953 1.036839
v 1.099667 2.977953 0.145101
v 1.251870 2.796678 1.145312
v 0.918010 2.796678 1.145304
v 1.077504 2.976728 1.047420
v 1.092376 2.976728 1.047420
v 0.910726 2.797902 0.145101
v 0.910726 2.797902 1.134731
v 1.070215 2.977953 0.145101
v 1.070213 2.977953 1.036839
v 1.251870 2.796678 0.145101
v 0.918012 2.796678 0.145101
v 1.092378 2.976728 0.145101
v 1.077504 2.976728 0.145101
v 1.256082 2.794786 0.145101
v 1.256082 2.794786 1.134731
v 1.096591 2.974838 1.036839
v 1.096592 2.974838 0.145101
v 1.251870 2.794514 1.141333
v 0.918012 2.794514 1.141333
v 1.077504 2.974566 1.043444
v 1.092376 2.974566 1.043444
v 0.913797 2.794786 0.145101
v 0.913795 2.794786 1.134723
v 1.073289 2.974838 0.145101
v 1.073287 2.974838 1.036839
v 1.251870 2.794514 0.145101
v 0.918012 2.794514 0.145101
v 1.092378 2.974566 0.145101
v 1.077504 2.974566 0.145101
v 0.901872 2.377990 0.145096
v 0.901874 2.377990 1.157936
v 1.268010 2.377990 1.157936
v 1.268005 2.377990 0.145096
v 0.901872 2.351534 0.145096
v 0.901874 2.351534 1.157936
v 1.268010 2.351534 1.157936
v 1.268005 2.351534 0.145096
v 0.983288 2.470056 1.123414
v 1.186591 2.470056 1.123414
v 0.983288 2.751286 1.123414
v 1.186591 2.751286 1.123414
v 0.983288 2.470056 1.132994
v 1.186591 2.470056 1.132994
v 0.983288 2.751286 1.132994
v 1.186591 2.751286 1.132994
v 0.998682 2.486636 1.132994
v 1.171197 2.486636 1.132994
v 0.998682 2.734707 1.132994
v 1.171197 2.734707 1.132994
v 0.998685 2.486636 1.099092
v 1.171195 2.486636 1.099084
v 0.998685 2.734707 1.099092
v 1.171195 2.734707 1.099084
vt -1.359731 1.379283
vt -1.359731 0.226720
vt -1.313951 0.226720
vt -1.313951 1.379283
vt -1.443029 1.379283
vt -1.443029 0.226720
vt -1.397249 0.226720
vt -1.397249 1.379283
vt 0.726061 0.638768
vt 0.273940 0.638768
vt 0.489928 0.361230
vt 0.510071 0.361230
vt -2.113176 1.303720
vt -2.113176 0.263858
vt -1.552372 0.760627
vt -1.552372 0.806956
vt -2.106436 0.263858
vt -1.545635 0.760627
vt -1.545635 0.806956
vt -2.106436 1.303720
vt -2.118925 0.226720
vt -1.518067 0.758970
vt -1.518067 0.808611
vt -2.118925 1.340859
vt -2.556958 2.479404
vt -2.556958 1.365265
vt -2.544472 1.402403
vt -2.544472 2.442266
vt -1.956100 1.897513
vt -1.983668 1.899167
vt -1.956100 1.947153
vt -1.983668 1.945496
vt 1.551643 2.999949
vt 1.019395 3.600809
vt 1.040442 3.577054
vt 1.537204 3.016251
vt 1.030870 3.567350
vt 1.527631 3.006545
vt 2.097760 3.009653
vt 1.600996 3.570457
vt 1.591421 3.560753
vt 2.088187 2.999949
vt 2.636376 3.618779
vt 2.139612 3.057976
vt 2.149184 3.048271
vt 2.645951 3.609076
vt 3.184565 3.618779
vt 2.687803 3.057976
vt 2.697376 3.048271
vt 3.194137 3.609076
vt -0.880622 1.579348
vt -0.880622 2.619211
vt -0.887358 2.619211
vt -0.887358 1.579348
vt 1.916454 0.190334
vt 1.916454 -2.271552
vt 1.966094 -2.271552
vt 1.966094 0.190334
vt 1.895409 0.190334
vt 1.895409 -2.253596
vt 1.987141 -2.253596
vt 1.987141 0.190334
vt 1.384203 -2.598226
vt 1.398645 -2.558486
vt 2.498342 -2.598226
vt 2.483902 -2.558486
vt 1.384203 0.190334
vt 1.398645 0.190334
vt 2.498342 0.190334
vt 2.483902 0.190334
vt 1.364993 0.190339
vt 1.364993 -2.618778
vt 2.517557 -2.618778
vt 2.517557 0.190339
vt 3.444070 3.023859
vt 3.444070 0.310269
vt 3.533351 0.214747
vt 3.533351 3.023865
vt 2.470071 0.310269
vt 2.380788 0.214747
vt 2.470071 3.023859
vt 2.380788 3.023865
vt -1.480544 1.379285
vt -1.480544 0.226722
vt -1.480549 0.245931
vt -1.480549 1.360070
vt 3.533349 3.048272
vt 3.533349 3.580522
vt 3.533349 3.566080
vt 3.533349 3.069316
vt -1.292068 1.579349
vt -1.292068 2.619211
vt -1.304460 2.619211
vt -1.304460 1.579349
vt -1.232486 2.076113
vt -1.232486 2.122442
vt -1.244875 2.122442
vt -1.244875 2.076113
vt -0.927590 2.619211
vt -0.939983 2.619211
vt -0.927590 1.579349
vt -0.939983 1.579349
vt 2.297490 3.023864
vt 2.297490 0.214746
vt 2.343270 0.214746
vt 2.343270 3.023864
vt 2.259975 0.214747
vt 2.259975 3.023865
vt 2.214195 3.023865
vt 2.214195 0.214747
vt 1.679911 2.963567
vt 1.679911 0.214747
vt 1.670338 2.963567
vt 1.670338 0.214747
vt 1.623251 0.226722
vt 1.623251 2.975542
vt 1.126489 2.975542
vt 1.126489 0.531612
vt 1.632823 0.226722
vt 1.632823 2.975542
vt 1.136062 2.975542
vt 1.136062 0.531612
vt 1.088971 0.226722
vt 1.088971 2.670652
vt 1.079396 2.670652
vt 1.079396 0.226722
vt 0.000008 1.000000
vt 1.000008 1.000000
vt 1.000008 0.000000
vt 0.000008 0.000000
vt 0.950784 0.969319
vt 1.389999 0.969319
vt 1.389999 1.439279
vt 0.950784 1.439279
vt 0.913266 0.877488
vt 1.427518 0.877488
vt 0.913266 0.840330
vt 1.427518 0.840330
vt 0.864271 0.969319
vt 0.425056 0.969319
vt 0.387538 0.877489
vt 0.901790 0.877489
vt 0.787440 1.006801
vt 0.501889 1.006801
vt 0.387538 0.840331
vt 0.901790 0.840331
vt 0.864271 1.439280
vt 0.787440 1.401798
vt 0.425056 1.439280
vt 0.501889 1.401798
vt 0.789672 0.832864
vt 0.789672 -0.439280
vt 1.303925 -0.439280
vt 1.303925 0.832864
vt -0.465853 -0.280125
vt 0.757813 -0.280125
vt 0.757813 0.189835
vt -0.465853 0.189835
vt -0.465856 -0.371957
vt 0.806288 -0.371957
vt -0.465856 -0.409114
vt 0.806288 -0.409114
vt -0.465853 0.203750
vt 0.757813 0.203750
vt 0.757813 0.673710
vt -0.465853 0.673710
vt 0.806288 0.765541
vt -0.465856 0.765541
vt 0.806288 0.802698
vt -0.465856 0.802698
vt -1.590760 -1.771007
vt 1.030538 -1.771007
vt 0.832033 -1.557232
vt -1.392255 -1.557232
vt 1.030538 1.855000
vt 0.832033 1.641232
vt -1.590760 1.855000
vt -1.392255 1.641232
vt 2.006740 0.850290
vt 2.006740 -1.771007
vt 2.130192 -1.771007
vt 2.130192 0.850290
vt 2.167262 0.850290
vt 2.167262 -1.771007
vt 2.290713 -1.771007
vt 2.290713 0.850290
vt 2.764851 -1.771007
vt 2.764851 0.453281
vt 2.327769 0.453281
vt 2.327769 -1.771007
vt 2.912744 0.472618
vt 2.912744 2.696906
vt 2.475662 2.696906
vt 2.475662 0.472618
vt -1.912744 1.855000
vt -1.912744 -1.771007
vt -1.789292 -1.771007
vt -1.789292 1.855000
vt -1.751281 1.855000
vt -1.751281 -1.771007
vt -1.627830 -1.771007
vt -1.627830 1.855000
vt 1.499599 -1.771007
vt 1.499599 1.427456
vt 1.062518 1.427456
vt 1.062518 -1.771007
vt 1.971703 -1.771007
vt 1.971703 1.427456
vt 1.534622 1.427456
vt 1.534622 -1.771007
vt 1.083826 0.167668
vt 1.083826 0.494786
vt -0.536311 0.494786
vt -0.714153 0.167668
vt 1.083826 0.505214
vt 0.905984 0.832332
vt -0.714153 0.832332
vt -0.714153 0.505214
vn 0.997712 0.067614 0.000004
vn 1.000000 0.000000 0.000004
vn 1.000000 0.000000 0.000004
vn 0.996542 0.083088 0.000003
vn 0.000000 1.000000 -0.000000
vn 0.000000 1.000000 -0.000000
vn 0.000000 1.000000 -0.000000
vn 0.000000 1.000000 -0.000000
vn -1.000000 0.000000 -0.000002
vn -0.997712 0.067613 -0.000002
vn -0.996542 0.083089 -0.000002
vn -1.000000 0.000000 -0.000002
vn 0.000000 -1.000000 -0.000000
vn 0.000000 -1.000000 -0.000000
vn 0.000000 -1.000000 -0.000000
vn 0.000000 -1.000000 -0.000000
vn 0.000050 0.000000 1.000000
vn 0.000050 0.000000 1.000000
vn 0.000050 0.000000 1.000000
vn 0.000050 0.000000 1.000000
vn 0.000000 0.000015 -1.000000
vn 0.000000 0.000000 -1.000000
vn 0.000000 0.000000 -1.000000
vn 0.000000 0.000015 -1.000000
vn 0.000000 -1.000000 0.000000
vn 0.000000 -1.000000 0.000000
vn 0.000000 -1.000000 -0.000002
vn 0.000000 -1.000000 -0.000001
vn 0.000000 -1.000000 -0.000002
vn 0.000000 -1.000000 -0.000002
vn 0.000000 -1.000000 -0.000000
vn 0.000000 -1.000000 -0.000000
vn 1.000000 0.000000 0.000000
vn 1.000000 0.000000 0.000000
vn 1.000000 0.000000 0.000000
vn 1.000000 0.000000 0.000000
vn 0.000023 0.000000 1.000000
vn 0.000023 0.000000 1.000000
vn 0.000023 0.000000 1.000000
vn 0.000023 0.000000 1.000000
vn -1.000000 0.000000 0.000000
vn -1.000000 0.000000 0.000000
vn -1.000000 0.000000 0.000000
vn -1.000000 0.000000 0.000000
vn 0.000000 0.000000 -1.000000
vn 0.000000 0.000000 -1.000000
vn 0.000000 0.000000 -1.000000
vn 0.000000 0.000000 -1.000000
vn 0.000000 1.000000 0.000000
vn 0.000000 1.000000 0.000000
vn 0.000000 1.000000 0.000000
vn 0.000000 1.000000 0.000000
vn 0.000000 1.000000 0.000000
vn 0.000000 1.000000 0.000000
vn 0.000000 1.000000 0.000000
vn 0.000000 1.000000 0.000000
vn 0.748556 0.663072 0.000001
vn 0.748556 0.663072 0.000001
vn 0.748556 0.663072 0.000001
vn 0.748556 0.663072 0.000001
vn 0.000000 0.477643 0.878554
vn 0.000000 0.477643 0.878554
vn 0.000000 0.477643 0.878554
vn 0.000000 0.477643 0.878554
vn -0.748554 0.663074 -0.000002
vn -0.748554 0.663074 -0.000002
vn -0.748554 0.663074 -0.000002
vn -0.748554 0.663074 -0.000002
vn 0.000000 0.000000 -1.000000
vn 0.000000 0.000000 -1.000000
vn 0.000000 0.000000 -1.000000
vn 0.000000 0.000000 -1.000000
vn 0.748410 0.663236 0.000001
vn 0.748410 0.663236 0.000043
vn 0.748450 0.663191 -0.000014
vn 0.748462 0.663177 -0.000019
vn 0.748536 0.663094 -0.000013
vn 0.748535 0.663096 -0.000010
vn 0.748527 0.663105 0.000033
vn 0.748527 0.663105 0.000001
vn 0.000196 0.477891 0.878419
vn 0.000158 0.477892 0.878419
vn 0.000059 0.477726 0.878509
vn 0.000075 0.477688 0.878530
vn 0.000119 0.477581 0.878587
vn 0.000106 0.477617 0.878568
vn 0.000301 0.477887 0.878421
vn 0.000269 0.477890 0.878420
vn -0.748520 0.663113 0.000012
vn -0.748516 0.663117 0.000009
vn -0.748505 0.663129 -0.000029
vn -0.748505 0.663129 -0.000000
vn -0.748468 0.663171 -0.000024
vn -0.748468 0.663171 -0.000002
vn -0.748487 0.663150 0.000007
vn -0.748483 0.663154 0.000005
vn 0.000001 0.000000 -1.000000
vn 0.000001 0.000000 -1.000000
vn -0.000001 0.000000 -1.000000
vn -0.000001 0.000000 -1.000000
vn -0.000001 0.000000 -1.000000
vn -0.000001 0.000000 -1.000000
vn 0.000001 0.000000 -1.000000
vn 0.000001 0.000000 -1.000000
vn -0.712042 0.702137 -0.000001
vn -0.712042 0.702137 -0.000001
vn -0.712042 0.702137 -0.000001
vn -0.712042 0.702137 -0.000001
vn 0.268173 -0.265874 -0.925956
vn 0.268173 -0.265874 -0.925956
vn 0.268173 -0.265874 -0.925956
vn 0.268173 -0.265874 -0.925956
vn 0.711610 -0.702575 0.000001
vn 0.711610 -0.702575 0.000001
vn 0.711610 -0.702575 0.000001
vn 0.711610 -0.702575 0.000001
vn 0.000002 0.000000 1.000000
vn 0.000002 0.000000 1.000000
vn 0.000002 0.000000 1.000000
vn 0.000002 0.000000 1.000000
vn 0.000006 0.878321 -0.478072
vn 0.000006 0.878321 -0.478072
vn 0.000006 0.878321 -0.478072
vn 0.000006 0.878321 -0.478072
vn 0.789165 -0.539335 0.293830
vn 0.789165 -0.539335 0.293830
vn 0.789165 -0.539335 0.293830
vn 0.789165 -0.539335 0.293830
vn 0.000000 -0.878523 0.477700
vn 0.000000 -0.878523 0.477700
vn 0.000000 -0.878523 0.477700
vn 0.000000 -0.878523 0.477700
vn -0.789168 -0.539562 0.293404
vn -0.789168 -0.539563 0.293404
vn -0.789168 -0.539562 0.293404
vn -0.789168 -0.539562 0.293404
vn 0.712269 0.701907 0.000001
vn 0.712269 0.701907 0.000001
vn 0.712269 0.701907 0.000001
vn 0.712269 0.701907 0.000001
vn -0.000002 0.000000 1.000000
vn -0.000002 0.000000 1.000000
vn -0.000002 0.000000 1.000000
vn -0.000002 0.000000 1.000000
vn -0.711725 -0.702459 -0.000002
vn -0.711725 -0.702459 -0.000002
vn -0.711725 -0.702459 -0.000002
vn -0.711725 -0.702459 -0.000002
vn -0.269617 -0.264578 -0.925908
vn -0.269617 -0.264578 -0.925908
vn -0.269617 -0.264578 -0.925908
vn -0.269617 -0.264578 -0.925908
vn 0.000000 0.000000 1.000000
vn 0.000000 0.000000 1.000000
vn 0.000000 0.000000 1.000000
vn 0.000000 0.000000 1.000000
vn -0.000005 0.000000 -1.000000
vn -0.000005 0.000000 -1.000000
vn -0.000005 0.000000 -1.000000
vn -0.000005 0.000000 -1.000000
vn 0.000000 0.000000 -1.000000
vn 0.000000 0.000000 -1.000000
vn 0.000000 0.000000 -1.000000
vn 0.000000 0.000000 -1.000000
vn 0.000005 0.000000 -1.000000
vn 0.000005 0.000000 -1.000000
vn 0.000005 0.000000 -1.000000
vn 0.000005 0.000000 -1.000000
vn -0.960581 0.278002 0.000001
vn -0.968131 0.250443 0.000001
vn 0.000000 0.328993 0.944332
vn 0.000000 0.320582 0.947221
vn 0.000000 0.320576 0.947223
vn 0.000000 0.329001 0.944330
vn 0.968131 0.250444 -0.000001
vn 0.960580 0.278002 -0.000001
vn 0.000000 0.000046 -1.000000
vn 0.000000 0.000046 -1.000000
vn -1.000000 0.000000 0.000002
vn -1.000000 0.000000 0.000002
vn 0.000000 0.000000 1.000000
vn 0.000000 0.000000 1.000000
vn 1.000000 0.000000 -0.000004
vn 1.000000 0.000000 -0.000004
vn 0.000000 0.000000 -1.000000
vn 0.000000 0.000000 -1.000000
vn 0.000000 0.000000 1.000000
vn 0.000000 0.000000 1.000000
vn 0.000000 0.000000 1.000000
vn 0.000000 0.000000 1.000000
vn 0.000000 0.000000 1.000000
vn 0.000000 0.000000 1.000000
vn 0.000000 -1.000000 0.000000
vn 0.000000 -1.000000 0.000000
vn 0.000000 -1.000000 0.000000
vn 0.000000 -1.000000 0.000000
vn -1.000000 0.000000 0.000000
vn -1.000000 0.000000 0.000000
vn -1.000000 0.000000 0.000000
vn -1.000000 0.000000 0.000000
vn 0.000000 1.000000 0.000000
vn 0.000000 1.000000 0.000000
vn 0.000000 1.000000 0.000000
vn 0.000000 1.000000 0.000000
vn 1.000000 0.000000 0.000000
vn 1.000000 0.000000 0.000000
vn 1.000000 0.000000 0.000000
vn 1.000000 0.000000 0.000000
vn -0.000004 0.000000 1.000000
vn -0.000004 0.000000 1.000000
vn 0.000004 0.000000 1.000000
vn 0.000004 0.000000 1.000000
vn 0.000004 0.000000 1.000000
vn 0.000004 0.000000 1.000000
vn -0.000004 0.000000 1.000000
vn -0.000004 0.000000 1.000000
vn 0.000000 1.000000 0.000005
vn 0.000000 1.000000 0.000005
vn 0.000000 1.000000 0.000005
vn 0.000000 1.000000 0.000005
vn 1.000000 0.000000 0.000070
vn 1.000000 0.000000 0.000070
vn 1.000000 0.000000 0.000070
vn 1.000000 0.000000 0.000070
vn 0.000000 -1.000000 -0.000005
vn 0.000000 -1.000000 -0.000005
vn 0.000000 -1.000000 -0.000005
vn 0.000000 -1.000000 -0.000005
vn -1.000000 0.000000 0.000070
vn -1.000000 0.000000 0.000070
vn -1.000000 0.000000 0.000070
vn -1.000000 0.000000 0.000070
s 1
g pCube245 House
usemtl lambert14SG
f 1/155/1 3/158/2 4/157/3 2/156/4
s off
usemtl lambert8SG
f 21/55/5 24/58/6 23/57/7 22/56/8
s 2
usemtl lambert14SG
f 5/163/9 7/166/10 8/165/11 6/164/12
s off
f 61/151/13 64/154/14 63/153/15 62/152/16
usemtl lambert15SG
f 78/127/17 80/130/18 79/129/19 77/128/20
s 3
usemtl lambert14SG
f 7/131/21 5/134/22 3/133/23 1/132/24
s 4
usemtl lambert8SG
f 3/75/25 9/78/26 10/77/27 4/76/28
f 4/76/28 10/77/27 11/80/29 6/79/30
f 6/79/30 11/80/29 12/82/31 5/81/32
f 5/81/32 12/82/31 9/78/26 3/75/25
s off
f 9/103/33 13/106/34 14/105/35 10/104/36
f 10/1/37 14/4/38 15/3/39 11/2/40
f 11/107/41 15/110/42 16/109/43 12/108/44
f 12/5/45 16/8/46 13/7/47 9/6/48
s 5
f 13/71/49 17/67/50 18/63/51 14/72/52
f 14/72/52 18/63/51 19/65/53 15/73/54
f 15/73/54 19/65/53 20/69/55 16/74/56
f 16/83/56 20/86/55 17/85/50 13/84/49
s off
usemtl blinn3SG
f 41/211/57 44/212/58 43/213/59 42/214/60
f 45/9/61 48/12/62 47/11/63 46/10/64
f 50/215/65 52/216/66 51/217/67 49/218/68
usemtl lambert8SG
f 54/13/69 56/16/70 55/15/71 53/14/72
s 6
f 17/67/73 25/68/74 26/64/75 18/63/76
f 18/63/76 26/64/75 27/60/77 22/56/78
f 22/56/78 27/60/77 28/59/79 21/55/80
f 21/87/80 28/90/79 25/89/74 17/88/73
s 7
f 18/25/81 29/28/82 30/27/83 19/26/84
f 19/26/84 30/27/83 31/30/85 23/29/86
f 23/29/86 31/30/85 32/32/87 22/31/88
f 22/31/88 32/32/87 29/28/82 18/25/81
s 8
f 19/65/89 34/66/90 33/70/91 20/69/92
f 20/33/92 33/36/91 35/35/93 24/34/94
f 24/58/94 35/62/93 36/61/95 23/57/96
f 23/57/96 36/61/95 34/66/90 19/65/89
s 9
f 20/24/97 38/20/98 37/17/99 17/21/100
f 17/21/100 37/17/99 39/18/101 21/22/102
f 21/22/102 39/18/101 40/19/103 24/23/104
f 24/23/104 40/19/103 38/20/98 20/24/97
s off
f 25/113/105 41/111/106 42/112/107 26/114/108
f 26/39/109 42/42/110 43/41/111 27/40/112
f 27/123/113 43/126/114 44/125/115 28/124/116
f 28/43/117 44/46/118 41/45/119 25/44/120
f 29/91/121 45/94/122 46/93/123 30/92/124
f 30/101/125 46/102/126 47/98/127 31/95/128
f 31/95/129 47/98/130 48/97/131 32/96/132
f 32/96/133 48/97/134 45/100/135 29/99/136
f 34/119/137 50/115/138 49/116/139 33/120/140
f 33/36/141 49/38/142 51/37/143 35/35/144
f 35/121/145 51/117/146 52/118/147 36/122/148
f 36/47/149 52/50/150 50/49/151 34/48/152
f 38/51/153 54/54/154 53/53/155 37/52/156
f 37/17/157 53/14/158 55/15/159 39/18/160
f 39/18/161 55/15/162 56/16/163 40/19/164
f 40/19/165 56/16/166 54/13/167 38/20/168
s 2
usemtl lambert14SG
f 7/166/10 57/168/169 58/167/170 8/165/11
s 10
f 8/139/171 58/142/172 59/141/173 2/140/174
s 1
f 2/156/4 59/160/175 60/159/176 1/155/1
s 3
f 1/132/24 60/136/177 57/135/178 7/131/21
s 2
f 57/168/169 61/170/179 62/169/180 58/167/170
s 10
f 58/142/172 62/146/181 63/145/182 59/141/173
s 1
f 59/160/175 63/162/183 64/161/184 60/159/176
s 3
f 60/136/177 64/138/185 61/137/186 57/135/178
s 10
f 2/140/174 66/144/187 65/143/188 8/139/171
f 8/139/171 65/143/188 67/148/189 6/147/190
f 6/147/190 67/148/189 68/150/191 4/149/192
f 4/149/192 68/150/191 66/144/187 2/140/174
s off
usemtl lambert8SG
f 66/179/193 70/182/194 69/181/195 65/180/196
f 65/195/197 69/198/198 71/197/199 67/196/200
f 67/183/201 71/186/202 72/185/203 68/184/204
f 68/199/205 72/202/206 70/201/207 66/200/208
s 11
f 70/171/209 74/174/210 73/173/211 69/172/212
f 69/172/212 73/173/211 75/176/213 71/175/214
f 71/175/214 75/176/213 76/178/215 72/177/216
f 72/177/216 76/178/215 74/174/210 70/171/209
s off
f 74/187/217 78/190/218 77/189/219 73/188/220
f 73/203/221 77/206/222 79/205/223 75/204/224
f 75/191/225 79/194/226 80/193/227 76/192/228
f 76/207/229 80/210/230 78/209/231 74/208/232
g default
v 3.171701 0.912971 2.010912
v 3.027649 0.727136 2.010912
v 3.184495 0.899945 2.010912
v 3.158026 0.924850 2.010912
v 3.196313 0.885853 2.010912
v 3.143542 0.935511 2.010912
v 3.207096 0.870782 2.010912
v 3.128348 0.944888 2.010912
v 3.216773 0.854828 2.010912
v 3.112531 0.952921 2.010912
v 3.225282 0.838084 2.010912
v 3.096193 0.959562 2.010912
v 3.232573 0.820659 2.010912
v 3.079428 0.964771 2.010912
v 3.238604 0.802656 2.010912
v 3.062346 0.968515 2.010912
v 3.243330 0.784187 2.010912
v 3.045054 0.970771 2.010912
v 3.246732 0.765366 2.010912
v 3.027649 0.971525 2.010912
v 3.248777 0.746309 2.010912
v 3.010245 0.970771 2.010912
v 3.249463 0.727136 2.010912
v 2.992947 0.968515 2.010912
v 2.975865 0.964771 2.010912
v 2.959104 0.959565 2.010912
v 2.942768 0.952921 2.010912
v 2.926946 0.944888 2.010912
v 2.911755 0.935511 2.010912
v 2.897273 0.924849 2.010912
v 2.883592 0.912971 2.010912
v 2.870805 0.899945 2.010912
v 2.858980 0.885853 2.010912
v 2.848202 0.870785 2.010912
v 2.838521 0.854830 2.010912
v 2.830011 0.838086 2.010912
v 2.822720 0.820661 2.010912
v 2.816695 0.802656 2.010912
v 2.811963 0.784185 2.010912
v 2.808566 0.765368 2.010912
v 2.806522 0.746309 2.010912
v 2.805836 0.727136 2.010912
v 3.019383 3.614204 2.099351
v 3.034088 3.614204 2.099351
v 3.049185 3.679882 2.099351
v 3.006578 3.614204 2.099351
v 2.991059 3.614204 2.099351
v 2.975956 3.679882 2.099351
v 3.895364 2.294160 2.099351
v 3.925572 2.350000 2.099351
v 3.049185 3.679882 1.418002
v 2.975956 3.679882 1.418002
v 3.292130 2.294160 2.099351
v 3.980570 2.163554 2.099351
v 4.010778 2.219397 2.099351
v 2.766515 2.294160 2.099351
v 4.010778 2.219397 1.418002
v 3.980570 2.163554 1.418002
v 3.895364 2.294160 1.418002
v 2.129786 2.294160 2.099351
v 3.049185 3.679882 0.680691
v 2.975956 3.679882 0.680691
v 3.077682 2.127728 2.099351
v 3.218172 2.127728 2.099351
v 2.099577 2.350000 2.099351
v 3.895364 1.376565 2.099351
v 3.218172 1.542996 2.099351
v 3.895364 1.376565 1.418002
v 3.077682 2.127728 2.117915
v 3.218172 2.127728 2.117915
v 3.071024 2.107148 2.117915
v 3.197151 2.107148 2.117915
v 2.955267 2.127728 2.099351
v 3.071024 2.107148 2.053848
v 3.197151 2.107148 2.053848
v 4.010778 2.219397 0.680691
v 2.955267 2.127728 2.117915
v 2.961126 2.107148 2.117915
v 3.980570 2.163554 0.680691
v 3.895364 2.294160 0.680691
v 2.961126 2.107148 2.053848
v 3.218172 1.542996 2.117915
v 3.197151 1.563575 2.117915
v 2.806977 2.127728 2.117915
v 2.827993 2.107148 2.117915
v 3.197151 1.563575 2.053848
v 2.806977 2.127728 2.099351
v 2.827993 2.107148 2.053848
v 3.049185 3.679882 0.041949
v 2.975956 3.679882 0.041949
v 3.071024 1.563575 2.053848
v 3.077682 1.542996 2.099351
v 3.292130 1.376565 2.099351
v 2.961126 1.563575 2.053848
v 3.292130 1.018654 2.099351
v 3.895364 1.018654 2.099351
v 3.895364 1.018654 1.418011
v 3.071024 1.563575 2.117915
v 3.077682 1.542996 2.117915
v 2.827993 1.563575 2.053848
v 3.895364 1.376565 0.680691
v 2.806977 1.542996 2.117915
v 2.827993 1.563575 2.117915
v 2.806977 1.542996 2.099351
v 2.961126 1.563575 2.117915
v 2.955267 1.542996 2.117915
v 2.955267 1.542996 2.099351
v 4.010778 2.219397 0.041949
v 2.766515 1.376565 2.099351
v 3.980570 2.163554 0.041949
v 3.895364 2.294160 0.041949
v 2.911647 2.281608 1.191777
v 2.911647 2.320180 1.232461
v 2.911647 2.229964 1.347198
v 2.911647 2.191393 1.306515
v 2.014371 2.219397 2.099351
v 2.044579 2.163554 2.099351
v 2.129786 1.376565 2.099351
v 2.766515 1.018654 2.099351
v 3.292130 0.117698 2.099351
v 3.895364 0.117698 2.099351
v 2.911647 3.193436 0.031930
v 2.911647 3.238801 0.052262
v 2.544943 2.320180 1.232461
v 2.544943 2.229964 1.347198
v 2.544943 2.191393 1.306515
v 3.895364 0.117698 1.418002
v 2.544943 2.281608 1.191777
v 2.544943 3.238801 0.052262
v 3.895364 1.018654 0.680691
v 3.184495 0.899945 2.099351
v 3.171701 0.912971 2.099351
v 3.158026 0.924850 2.099351
v 3.196313 0.885853 2.099351
v 3.143542 0.935511 2.099351
v 3.207096 0.870782 2.099351
v 3.128348 0.944888 2.099351
v 2.911647 3.193436 -0.026017
v 2.911647 3.238801 -0.046359
v 3.216773 0.854828 2.099351
v 3.112531 0.952921 2.099351
v 3.225282 0.838084 2.099351
v 3.096193 0.959562 2.099351
v 3.232573 0.820659 2.099351
v 3.079428 0.964771 2.099351
v 3.238604 0.802656 2.099351
v 2.014371 2.219397 1.418002
v 3.062346 0.968515 2.099351
v 3.895364 1.376565 0.041949
v 3.243330 0.784187 2.099351
v 3.045054 0.970771 2.099351
v 3.246732 0.765366 2.099351
v 2.044579 2.163554 1.418002
v 2.129786 2.294160 1.418002
v 3.027649 0.971525 2.099351
v 3.248777 0.746309 2.099351
v 3.010245 0.970771 2.099351
v 3.249463 0.727136 2.099351
v 3.049185 3.679882 -1.412072
v 2.992947 0.968515 2.099351
v 2.975865 0.964771 2.099351
v 2.959104 0.959565 2.099351
v 2.975956 3.679882 -1.412072
v 2.544943 3.238801 -0.046359
v 2.942768 0.952921 2.099351
v 2.926946 0.944888 2.099351
v 2.911755 0.935511 2.099351
v 2.897273 0.924849 2.099351
v 2.883592 0.912971 2.099351
v 2.870805 0.899945 2.099351
v 2.858980 0.885853 2.099351
v 2.848202 0.870785 2.099351
v 3.249463 0.117698 2.099351
v 3.249463 0.117698 2.010912
v 2.838521 0.854830 2.099351
v 2.129786 1.018654 2.099351
v 2.830011 0.838086 2.099351
v 2.129786 1.376565 1.418002
v 1.762376 2.229964 1.347198
v 2.822720 0.820661 2.099351
v 1.762376 2.191393 1.306515
v 2.816695 0.802656 2.099351
v 2.811963 0.784185 2.099351
v 2.911647 2.281608 -1.185856
v 2.808566 0.765368 2.099351
v 1.762376 2.281608 1.191777
v 2.806522 0.746309 2.099351
v 3.027649 0.117698 2.010912
v 2.805836 0.727136 2.099351
v 1.762376 3.238801 0.052262
v 4.010778 2.219397 -1.412072
v 3.895364 0.117698 0.680691
v 2.544943 1.068609 1.191777
v 2.911647 1.068609 1.191777
v 3.980570 2.163554 -1.412072
v 3.895364 2.294160 -1.412072
v 3.895364 1.018654 0.041949
v 3.027649 0.117698 2.099351
v 1.762376 3.238801 -0.046359
v 2.805836 0.117698 2.010912
v 2.014371 2.219397 0.680691
v 2.129786 2.294160 0.680691
v 2.044579 2.163554 0.680691
v 2.805836 0.117698 2.099351
v 1.480218 2.229964 1.347198
v 1.480218 2.191393 1.306515
v 2.129786 0.117698 2.099351
v 2.766515 0.117698 2.099351
v 1.480218 2.281608 1.191777
v 2.129786 1.018654 1.418011
v 2.911647 2.320180 -1.226540
v 3.895364 1.376565 -1.412072
v 1.480218 3.238801 0.052262
v 2.129786 1.376565 0.680691
v 3.049185 3.679882 -2.093411
v 1.762376 1.068609 1.191777
v 2.975956 3.679882 -2.093411
v 2.544943 2.320180 -1.226540
v 3.895364 0.117698 0.041949
v 1.480218 3.238801 -0.046359
v 3.925572 2.350000 -2.093411
v 2.014371 2.219397 0.041949
v 2.129786 2.294160 0.041949
v 2.044579 2.163554 0.041949
v 0.742905 2.229964 1.347198
v 0.742905 2.191393 1.306515
v 0.742905 2.281608 1.191777
v 3.034088 3.614204 -2.093411
v 3.019383 3.614204 -2.093411
v 3.006578 3.614204 -2.093411
v 2.991059 3.614204 -2.093411
v 0.742905 3.238801 0.052262
v 2.911647 1.068609 -1.185856
v 4.010778 2.219397 -2.093411
v 2.129786 0.117698 1.418002
v 3.980570 2.163554 -2.093411
v 1.480218 1.068609 1.191777
v 3.895364 2.294160 -2.093411
v 3.895364 1.018654 -1.412072
v 2.129786 1.018654 0.680691
v 0.742905 3.238801 -0.046359
v 2.129786 1.376565 0.041949
v 2.911647 0.117695 1.191777
v 2.544943 0.117695 1.191777
v 3.292130 2.294160 -2.093411
v 3.895364 1.376565 -2.093411
v 0.061557 2.320180 1.232461
v 0.061557 2.229964 1.347198
v 0.061557 2.191393 1.306515
v 0.742905 1.068609 1.191777
v 2.911647 2.191393 -1.300603
v 2.911647 2.229964 -1.341286
v 0.061557 2.281608 1.191777
v 2.766515 2.294160 -2.093411
v 0.061557 3.238801 0.052262
v 3.895364 0.117698 -1.412072
v 2.099577 2.350000 -2.093411
v 2.129786 0.117698 0.680691
v 2.544943 2.281608 -1.185856
v 2.544943 2.191393 -1.300603
v 2.544943 2.229964 -1.341286
v 1.762376 0.117695 1.191777
v 2.129786 1.018654 0.041949
v 2.014371 2.219397 -1.412072
v 0.061557 3.238801 -0.046359
v 2.129786 2.294160 -1.412072
v 2.044579 2.163554 -1.412072
v 2.129786 2.294160 -2.093411
v 0.061557 3.193436 0.031930
v 3.895364 1.018654 -2.093411
v 3.292130 1.376565 -2.093411
v 0.061557 3.193436 -0.026017
v 2.911647 0.117695 -1.185856
v 2.129786 1.376565 -1.412072
v 0.061557 1.068609 1.191777
v 1.480218 0.117695 1.191777
v 1.762376 2.281608 -1.185856
v 1.762376 2.191393 -1.300603
v 1.762376 2.229964 -1.341286
v 2.544943 1.068609 -1.185856
v 2.129786 0.117698 0.041949
v 0.181983 1.774448 1.029469
v 0.181983 1.813020 1.064596
v 0.181983 1.722803 1.163666
v 0.181983 1.684231 1.128545
v 0.181983 2.686273 0.027971
v 0.181983 2.731643 0.045528
v 0.181983 2.686273 -0.022059
v 0.181983 2.731643 -0.039624
v 0.061557 2.281608 -1.185856
v 2.766515 1.376565 -2.093411
v 3.895364 0.117698 -2.093411
v -0.499355 1.722803 1.163666
v 3.292130 1.018654 -2.093411
v -0.499355 1.684231 1.128545
v 0.742905 0.117695 1.191777
v -0.499355 2.731643 0.045528
v -0.499355 1.774448 1.029469
v 2.129786 1.018654 -1.412064
v 1.480218 2.281608 -1.185856
v 1.480218 2.191393 -1.300603
v 1.480218 2.229964 -1.341286
v 2.014371 2.219397 -2.093411
v -0.499355 2.731643 -0.039624
v 1.762376 1.068609 -1.185856
v 2.044579 2.163554 -2.093411
v 0.061557 2.320180 -1.226540
v 2.544943 0.117695 -1.185856
v 0.181983 1.774448 -1.023545
v -0.499355 1.444963 1.029469
v 0.181983 1.444963 1.029469
v 2.129786 1.376565 -2.093411
v 2.766515 1.018654 -2.093411
v 3.292130 0.117698 -2.093411
v 0.742905 2.281608 -1.185856
v 0.742905 2.191393 -1.300603
v 0.742905 2.229964 -1.341286
v 2.129786 0.117698 -1.412072
v 1.480218 1.068609 -1.185856
v 1.762376 0.117695 -1.185856
v 0.061557 0.117695 1.191777
v 0.181983 1.813020 -1.058675
v 0.061557 1.068609 -1.185856
v -2.041654 1.722803 1.163666
v 0.181983 1.444963 -1.023545
v -2.041654 1.684231 1.128545
v -2.041654 2.731643 0.045528
v -2.041654 1.774448 1.029469
v 2.129786 1.018654 -2.093411
v 2.766515 0.117698 -2.093411
v 0.742905 1.068609 -1.185856
v -2.041654 2.731643 -0.039624
v 0.181983 0.117698 1.029469
v -0.499355 0.117698 1.029469
v 1.480218 0.117695 -1.185856
v 0.061557 2.191393 -1.300603
v 0.061557 2.229964 -1.341286
v -2.041654 1.444963 1.029469
v 2.129786 0.117698 -2.093411
v 0.742905 0.117695 -1.185856
v 0.181983 1.684231 -1.122623
v 0.181983 1.722803 -1.157754
v 0.181983 0.117698 -1.023545
v -2.592118 1.722803 1.163666
v -2.592118 1.684231 1.128545
v -2.592118 2.731643 0.045528
v -2.592118 1.774448 1.029469
v -0.499355 1.722803 -1.157754
v -0.499355 1.774448 -1.023545
v -0.499355 1.684231 -1.122623
v -2.592118 2.731643 -0.039624
v 0.061557 0.117695 -1.185856
v -2.041654 0.117698 1.029469
v -0.499355 1.444963 -1.023545
v -2.592118 1.444963 1.029469
v -3.329435 1.722803 1.163666
v -3.329435 1.684231 1.128545
v -0.499355 0.117698 -1.023545
v -3.329435 2.731643 0.045528
v -3.329435 1.774448 1.029469
v -3.329435 2.731643 -0.039624
v -3.329435 1.444963 1.029469
v -2.041654 1.722803 -1.157754
v -2.041654 1.774448 -1.023545
v -2.041654 1.684231 -1.122623
v -2.592118 0.117698 1.029469
v -4.010778 1.813020 1.064596
v -4.010778 1.722803 1.163666
v -2.041654 1.444963 -1.023545
v -4.010778 1.684231 1.128545
v -4.010778 2.731643 0.045528
v -4.010778 1.774448 1.029469
v -4.010778 2.731643 -0.039624
v -4.010778 1.444963 1.029469
v -2.041654 0.117698 -1.023545
v -4.010778 2.686273 0.027971
v -4.010778 2.686273 -0.022059
v -3.329435 0.117698 1.029469
v -2.592118 1.722803 -1.157754
v -2.592118 1.774448 -1.023545
v -2.592118 1.684231 -1.122623
v -4.010778 1.774448 -1.023545
v -2.592118 1.444963 -1.023545
v -4.010778 1.813020 -1.058675
v -4.010778 0.117698 1.029469
v -2.592118 0.117698 -1.023545
v -3.329435 1.722803 -1.157754
v -3.329435 1.774448 -1.023545
v -3.329435 1.684231 -1.122623
v -3.329435 1.444963 -1.023545
v -4.010778 1.444963 -1.023545
v -3.329435 0.117698 -1.023545
v -4.010778 1.722803 -1.157754
v -4.010778 1.684231 -1.122623
v -4.010778 0.117698 -1.023545
v 0.742905 1.911365 1.191777
v 1.480218 1.911365 1.191777
v 1.762376 1.911365 1.191777
v 2.544943 1.911365 1.191777
v 2.911647 1.911365 1.191777
v 2.911647 1.911365 -1.185856
v 2.544943 1.911365 -1.185856
v 1.762376 1.911365 -1.185856
v 1.480218 1.911365 -1.185856
v 0.742905 1.911365 -1.185856
v 0.061557 1.911365 -1.185856
v 0.061557 1.911365 1.191777
v 0.742905 1.272255 1.191777
v 1.480218 1.272255 1.191777
v 1.762376 1.272255 1.191777
v 2.544943 1.272255 1.191777
v 2.911647 1.272255 1.191777
v 2.911647 1.272255 -1.185856
v 2.544943 1.272255 -1.185856
v 1.762376 1.272255 -1.185856
v 1.480218 1.272255 -1.185856
v 0.742905 1.272255 -1.185856
v 0.061557 1.272255 -1.185856
v 0.061557 1.272255 1.191777
v 0.874509 1.369937 1.191777
v 1.348609 1.369937 1.191777
v 1.348609 1.813684 1.191777
v 0.874509 1.813684 1.191777
v 0.874509 1.369937 1.206773
v 1.348609 1.369937 1.206773
v 1.348609 1.813684 1.206773
v 0.874509 1.813684 1.206773
v 0.898648 1.395411 1.206773
v 1.324473 1.395411 1.206773
v 1.324473 1.788207 1.206773
v 0.898648 1.788207 1.206773
v 0.898648 1.395411 1.162148
v 1.324473 1.395411 1.162148
v 1.324473 1.788207 1.162148
v 0.898648 1.788207 1.162148
v 0.897564 0.117695 1.191777
v 1.325558 0.117695 1.191777
v 1.325558 0.961408 1.191777
v 0.897564 0.961408 1.191777
v 0.897564 0.117695 0.998138
v 1.325558 0.117695 0.998138
v 1.325558 0.961408 0.998138
v 0.897564 0.961408 0.998138
v -2.592118 0.690171 1.029469
v -2.041654 0.690171 1.029469
v -0.499355 0.690171 1.029469
v 0.181983 0.690171 1.029469
v 0.181983 0.690171 -1.023545
v -0.499355 0.690171 -1.023545
v -2.041654 0.690171 -1.023545
v -2.592118 0.690171 -1.023545
v -3.329435 0.690171 -1.023545
v -4.010778 0.690171 -1.023545
v -4.010778 0.690171 1.029469
v -3.329435 0.690171 1.029469
v -1.624688 1.444963 1.029469
v -1.624688 1.774448 1.029469
v -1.624688 1.684231 1.128545
v -1.624688 1.722803 1.163666
v -1.624688 2.731643 0.045528
v -1.624688 2.731643 -0.039624
v -1.624688 1.722803 -1.157754
v -1.624688 1.684231 -1.122632
v -1.624688 1.774448 -1.023545
v -1.624688 1.444963 -1.023545
v -1.624688 0.690171 -1.023545
v -1.624688 0.117698 -1.023545
v -1.624688 0.117698 1.029469
v -1.624688 0.690171 1.029469
v -1.118456 1.444963 1.029469
v -1.118456 1.774448 1.029469
v -1.118456 1.684231 1.128536
v -1.118456 1.722803 1.163666
v -1.118456 2.731643 0.045528
v -1.118456 2.731643 -0.039624
v -1.118456 1.722803 -1.157754
v -1.118456 1.684231 -1.122632
v -1.118456 1.774448 -1.023545
v -1.118456 1.444963 -1.023545
v -1.118456 0.690171 -1.023545
v -1.118456 0.117698 -1.023545
v -1.118456 0.117698 1.029469
v -1.118456 0.690171 1.029469
v -2.800711 1.444963 1.029469
v -2.800711 1.774448 1.029469
v -2.800711 1.684231 1.128536
v -2.800711 1.722803 1.163666
v -2.800711 2.731643 0.045528
v -2.800711 2.731643 -0.039624
v -2.800711 1.722803 -1.157754
v -2.800711 1.684231 -1.122623
v -2.800711 1.774448 -1.023545
v -2.800711 1.444963 -1.023545
v -2.800711 0.690171 -1.023545
v -2.800711 0.117698 -1.023545
v -2.800711 0.117698 1.029469
v -2.800711 0.690171 1.029469
v -2.496434 1.351100 1.029469
v -2.137337 1.351100 1.029469
v -2.496434 0.784037 1.029469
v -2.137337 0.784037 1.029469
v -3.237531 0.784037 1.029469
v -2.892613 0.784037 1.029469
v -2.892613 1.351100 1.029469
v -3.237531 1.351100 1.029469
v -1.536694 0.784037 1.029469
v -1.536694 1.351100 1.029469
v -1.206450 0.784037 1.029469
v -1.206450 1.351100 1.029469
v -2.496434 1.351100 1.046298
v -2.137337 1.351100 1.046298
v -2.496434 0.784037 1.046298
v -2.137337 0.784037 1.046298
v -3.237531 0.784037 1.046298
v -2.892613 0.784037 1.046298
v -2.892613 1.351100 1.046298
v -3.237531 1.351100 1.046298
v -1.536694 0.784037 1.046298
v -1.536694 1.351100 1.046298
v -1.206450 0.784037 1.046289
v -1.206450 1.351100 1.046289
v -2.471294 1.333423 1.046298
v -2.162476 1.333423 1.046298
v -2.471294 0.801712 1.046298
v -2.162476 0.801712 1.046298
v -3.213381 0.801712 1.046298
v -2.916763 0.801712 1.046298
v -2.916763 1.333423 1.046298
v -3.213381 1.333423 1.046298
v -1.513575 0.801712 1.046298
v -1.513575 1.333423 1.046298
v -1.229572 0.801712 1.046289
v -1.229572 1.333423 1.046289
v -2.471294 1.333423 0.989197
v -2.162476 1.333423 0.989197
v -2.471294 0.801712 0.989197
v -2.162476 0.801712 0.989197
v -3.213381 0.801712 0.989197
v -2.916763 0.801712 0.989197
v -2.916763 1.333423 0.989197
v -3.213381 1.333423 0.989197
v -1.513576 0.801712 0.989197
v -1.513576 1.333423 0.989197
v -1.229572 0.801712 0.989197
v -1.229572 1.333423 0.989197
v -2.004109 0.928433 1.029469
v -2.004109 0.561850 1.029469
v -1.662233 0.561850 1.029469
v -1.662233 0.928433 1.029469
v -2.004109 0.117698 1.029469
v -1.662233 0.117698 1.029469
v -2.004109 0.928433 0.918617
v -2.004109 0.561850 0.918617
v -1.662233 0.561850 0.918617
v -1.662233 0.928433 0.918617
v -2.004109 0.117698 0.918617
v -1.662233 0.117698 0.918617
v 0.740983 1.911365 1.191777
v 1.477594 1.911365 1.191777
v 1.477594 2.281608 1.191777
v 0.740983 2.281608 1.191777
v -0.500093 1.444963 1.029469
v 0.180602 1.444963 1.029469
v 0.180602 1.774448 1.029469
v -0.500093 1.774448 1.029469
v 0.180602 1.444963 -1.023545
v 0.180602 1.774448 -1.023545
v -2.040911 1.774448 1.029469
v -2.040911 1.444963 1.029469
v -1.624347 1.444963 1.029469
v -1.624347 1.774448 1.029469
v -0.500093 1.444963 -1.023545
v -0.500093 1.774448 -1.023545
v -2.590849 1.774448 1.029469
v -2.590849 1.444963 1.029469
v -3.327462 1.444963 1.029469
v -2.799243 1.444963 1.029469
v -2.799243 1.774448 1.029469
v -3.327462 1.774448 1.029469
v -1.624347 1.444963 -1.023545
v -2.040911 1.444963 -1.023545
v -2.040911 1.774448 -1.023545
v -1.624347 1.774448 -1.023545
v -4.008154 1.774448 1.029469
v -4.008154 1.444963 1.029469
v -2.590849 1.444963 -1.023545
v -2.590849 1.774448 -1.023545
v -2.799243 1.774448 -1.023545
v -3.327462 1.774448 -1.023545
v -2.799243 1.444963 -1.023545
v -3.327462 1.444963 -1.023545
v -4.008154 1.444963 -1.023545
v -4.008154 1.774448 -1.023545
v -1.118596 1.444963 1.029469
v -1.118596 1.774448 1.029469
v -1.118597 1.444963 -1.023545
v -1.118597 1.774448 -1.023545
v -3.972622 2.731643 0.045528
v -3.972622 1.813020 1.064596
v -3.972622 1.722803 1.163666
v -3.972622 1.684231 1.128545
v -3.972622 1.774448 1.029469
v -3.970035 1.774448 1.029469
v -3.970035 1.444963 1.029469
v -3.972622 1.444963 1.029469
v -3.972622 0.690171 1.029469
v -3.972622 0.117698 1.029469
v -3.972622 0.117698 -1.023545
v -3.972622 0.690171 -1.023545
v -3.972622 1.444963 -1.023545
v -3.970035 1.444963 -1.023545
v -3.970035 1.774448 -1.023545
v -3.972622 1.774448 -1.023545
v -3.972622 1.684231 -1.122623
v -3.972622 1.722803 -1.157754
v -3.972622 1.813020 -1.058675
v -3.972622 2.731643 -0.039624
v 0.014960 2.731641 0.045528
v 0.014960 1.813020 1.064596
v 0.014960 1.722803 1.163666
v 0.014960 1.684231 1.128545
v 0.014960 1.774448 1.029469
v 0.013734 1.774448 1.029469
v 0.013734 1.444963 1.029469
v 0.014960 1.444963 1.029469
v 0.014960 0.690171 1.029469
v 0.014960 0.117698 1.029469
v 0.014960 0.117698 -1.023545
v 0.014960 0.690171 -1.023545
v 0.014960 1.444963 -1.023545
v 0.013734 1.444963 -1.023545
v 0.013734 1.774448 -1.023545
v 0.014960 1.774448 -1.023545
v 0.014960 1.684231 -1.122623
v 0.014960 1.722803 -1.157745
v 0.014960 1.813020 -1.058675
v 0.014960 2.731641 -0.039624
v -0.499355 1.757910 1.125113
v 0.014960 1.757910 1.125113
v 0.181983 1.757910 1.125113
v 0.181983 1.719339 1.089985
v 0.014960 1.719339 1.089985
v -0.499355 1.719339 1.089985
v -1.118456 1.719339 1.089985
v -1.624688 1.719339 1.089985
v -2.041654 1.719339 1.089985
v -2.592118 1.719339 1.089985
v -2.800711 1.719339 1.089985
v -3.329435 1.719339 1.089985
v -3.972622 1.719339 1.089985
v -4.010778 1.719339 1.089985
v -4.010778 1.757910 1.125113
v -3.972622 1.757910 1.125113
v -3.329435 1.757910 1.125113
v -2.800711 1.757910 1.125113
v -2.592118 1.757910 1.125113
v -2.041654 1.757910 1.125113
v -1.624688 1.757910 1.125113
v -1.118456 1.757910 1.125113
v -3.972622 1.752495 -1.125150
v -3.329435 1.752495 -1.125150
v -2.800711 1.752495 -1.125141
v -2.592118 1.752495 -1.125150
v -2.041654 1.752495 -1.125150
v -1.624688 1.752495 -1.125141
v -1.118456 1.752495 -1.125141
v -0.499355 1.752495 -1.125150
v 0.014960 1.752495 -1.125141
v 0.181983 1.752495 -1.125150
v 0.181983 1.713923 -1.090020
v 0.014960 1.713923 -1.090020
v -0.499355 1.713923 -1.090020
v -1.118456 1.713923 -1.090020
v -1.624688 1.713923 -1.090020
v -2.041654 1.713923 -1.090020
v -2.592118 1.713923 -1.090020
v -2.800710 1.713923 -1.090020
v -3.329435 1.713923 -1.090020
v -3.972622 1.713923 -1.090020
v -4.010778 1.713923 -1.090020
v -4.010778 1.752495 -1.125150
v -1.624688 1.797194 1.050259
v -2.041654 1.797194 1.050259
v -2.041654 1.742121 1.110738
v -1.624688 1.742121 1.110738
v -2.041654 2.715780 0.031231
v -1.624688 2.715780 0.031231
v -2.592118 1.797194 1.050259
v -2.592118 1.742121 1.110738
v -2.592118 2.715780 0.031231
v -2.800711 1.797194 1.050259
v -3.329435 1.797194 1.050259
v -3.329435 1.742121 1.110738
v -2.800711 1.742121 1.110738
v -2.800711 2.715780 0.031231
v -3.329435 2.715780 0.031231
v -3.972622 1.797194 1.050259
v -3.972622 1.742121 1.110738
v -3.972622 2.715780 0.031231
v -1.118456 1.797194 1.050259
v -1.118456 1.742121 1.110738
v -1.118456 2.715780 0.031231
v -0.499355 1.797194 1.050259
v -0.499355 1.742121 1.110738
v -0.499355 2.715780 0.031231
v 0.014960 2.715780 0.031231
v 0.014960 1.797194 1.050259
v 0.014960 1.742121 1.110738
v -1.624688 1.797194 -1.044335
v -2.041654 1.797196 -1.044335
v -2.041654 2.715780 -0.025328
v -1.624688 2.715780 -0.025328
v -2.592118 1.797196 -1.044335
v -2.592118 2.715780 -0.025328
v -2.800710 1.797194 -1.044335
v -3.329435 1.797196 -1.044335
v -3.329435 2.715780 -0.025328
v -2.800711 2.715780 -0.025328
v -3.972622 1.797194 -1.044335
v -3.972622 2.715780 -0.025328
v -1.118456 1.797194 -1.044335
v -1.118456 2.715780 -0.025328
v -0.499355 1.797196 -1.044335
v -0.499355 2.715780 -0.025328
v 0.014960 1.797194 -1.044335
v 0.014960 2.715780 -0.025328
v -3.972622 1.736706 -1.110767
v -3.329434 1.736706 -1.110767
v -2.800710 1.736706 -1.110767
v -2.592118 1.736706 -1.110767
v -2.041654 1.736706 -1.110767
v -1.624688 1.736706 -1.110767
v -1.118456 1.736706 -1.110767
v -0.499355 1.736706 -1.110767
v 0.014960 1.736706 -1.110767
v 0.181983 2.760812 -0.039624
v 0.181983 2.760812 0.045528
v 0.014960 2.760812 -0.039624
v 0.014960 2.760812 0.045528
v -2.041654 2.760812 -0.039624
v -2.041654 2.760812 0.045528
v -1.624688 2.760812 0.045528
v -1.624688 2.760812 -0.039624
v -2.592118 2.760812 -0.039624
v -2.592118 2.760812 0.045528
v -2.800711 2.760812 0.045528
v -3.329435 2.760812 0.045528
v -2.800711 2.760812 -0.039624
v -3.329435 2.760812 -0.039624
v -3.972622 2.760812 -0.039624
v -3.972622 2.760812 0.045528
v -1.118456 2.760812 0.045528
v -1.118456 2.760812 -0.039624
v -0.499355 2.760812 0.045528
v -0.499355 2.760812 -0.039624
v -4.010778 2.760812 -0.039624
v -4.010778 2.760812 0.045528
v 0.117255 0.117695 -1.185856
v 0.117255 1.068609 -1.185856
v 0.117255 1.272255 -1.185856
v 0.117255 1.911365 -1.185856
v 0.117255 2.281608 -1.185856
v 0.117255 2.191393 -1.300603
v 0.117255 2.229964 -1.341286
v 0.117255 2.320180 -1.226540
v 0.117255 3.238801 -0.046359
v 0.117255 3.238801 0.052262
v 0.117255 2.320180 1.232461
v 0.117255 2.229964 1.347198
v 0.117255 2.191393 1.306515
v 0.117255 2.281608 1.191777
v 0.117255 1.911365 1.191777
v 0.117255 1.272255 1.191777
v 0.117255 1.068609 1.191777
v 0.117255 0.117695 1.191777
v 0.117255 2.267940 1.298901
v 0.742905 2.267940 1.298901
v 1.480218 2.267940 1.298901
v 1.762376 2.267936 1.298901
v 2.544943 2.267940 1.298901
v 2.911647 2.267940 1.298901
v 2.911647 2.229367 1.258218
v 2.544943 2.229367 1.258218
v 1.762376 2.229367 1.258218
v 1.480218 2.229367 1.258218
v 0.742905 2.229367 1.258218
v 0.117255 2.229367 1.258218
v 0.061557 2.229367 1.258218
v 0.061557 2.267940 1.298901
v 0.117255 2.263197 -1.299016
v 0.742905 2.263197 -1.299016
v 1.480218 2.263197 -1.299016
v 1.762376 2.263197 -1.299016
v 2.544943 2.263197 -1.299016
v 2.911647 2.263197 -1.299016
v 2.911647 2.224627 -1.258332
v 2.544943 2.224627 -1.258332
v 1.762376 2.224627 -1.258332
v 1.480218 2.224627 -1.258332
v 0.742905 2.224627 -1.258332
v 0.117255 2.224627 -1.258332
v 0.061557 2.224627 -1.258332
v 0.061557 2.263197 -1.299016
v 2.544943 2.304779 1.220406
v 1.762376 2.304779 1.220406
v 1.762376 2.252564 1.286820
v 2.544943 2.252564 1.286820
v 1.762376 3.223370 0.040251
v 2.544943 3.223370 0.040251
v 1.480218 2.304779 1.220406
v 1.480218 2.252564 1.286820
v 1.480218 3.223370 0.040251
v 0.742905 2.304779 1.220406
v 0.742905 2.252564 1.286820
v 0.742905 3.223370 0.040251
v 0.117255 2.304779 1.220406
v 0.117255 2.252564 1.286820
v 0.117255 3.223370 0.040251
v 2.544943 2.304779 -1.214493
v 1.762376 2.304779 -1.214493
v 1.762376 3.223370 -0.034347
v 2.544943 3.223370 -0.034347
v 1.480218 2.304779 -1.214493
v 1.480218 3.223370 -0.034347
v 0.742905 2.304779 -1.214493
v 0.742905 3.223370 -0.034347
v 0.117255 2.304779 -1.214493
v 0.117255 3.223370 -0.034347
v 0.117255 2.247827 -1.286935
v 0.742905 2.247827 -1.286935
v 1.480218 2.247827 -1.286935
v 1.762376 2.247825 -1.286935
v 2.544943 2.247827 -1.286935
v 2.129786 0.117698 2.040309
v 2.129786 1.018654 2.040309
v 2.129786 1.376565 2.040309
v 2.129786 2.294160 2.040309
v 2.044579 2.163554 2.040309
v 2.014371 2.219397 2.040309
v 2.099577 2.350000 2.040309
v 2.975956 3.679882 2.040309
v 3.049185 3.679882 2.040309
v 3.925572 2.350000 2.040309
v 4.010778 2.219397 2.040309
v 3.980570 2.163554 2.040309
v 3.895364 2.294160 2.040309
v 3.895364 1.376565 2.040309
v 3.895364 1.018654 2.040309
v 3.895364 0.117698 2.040309
v 2.129786 0.117698 -2.022806
v 2.129786 1.018654 -2.022806
v 2.129786 1.376565 -2.022806
v 2.129786 2.294160 -2.022806
v 2.044579 2.163554 -2.022806
v 2.014371 2.219397 -2.022806
v 2.099577 2.350000 -2.022806
v 2.975956 3.679882 -2.022806
v 3.049185 3.679882 -2.022806
v 3.925572 2.350000 -2.022806
v 4.010778 2.219397 -2.022806
v 3.980570 2.163554 -2.022806
v 3.895364 2.294160 -2.022806
v 3.895364 1.376565 -2.022806
v 3.895364 1.018654 -2.022806
v 3.895364 0.117698 -2.022806
v 2.042031 2.261794 -2.022798
v 2.042031 2.261794 -2.093411
v 2.072240 2.205954 -2.093411
v 2.072240 2.205954 -2.022806
v 2.072240 2.205954 -1.412072
v 2.072240 2.205954 0.041949
v 2.072240 2.205954 0.680691
v 2.072240 2.205954 1.418011
v 2.072240 2.205954 2.040309
v 2.072240 2.205954 2.099351
v 2.042031 2.261794 2.099351
v 2.042031 2.261794 2.040309
v 2.042031 2.261794 1.418002
v 2.042031 2.261794 0.680691
v 2.042031 2.261794 0.041949
v 2.042031 2.261794 -1.412072
v 3.979593 2.267200 -2.022806
v 3.979593 2.267200 -2.093411
v 3.949378 2.211360 -2.093411
v 3.949378 2.211360 -2.022806
v 3.949378 2.211360 -1.412072
v 3.949378 2.211360 0.041949
v 3.949378 2.211360 0.680691
v 3.949378 2.211360 1.418002
v 3.949378 2.211360 2.040309
v 3.949378 2.211360 2.099351
v 3.979593 2.267200 2.099351
v 3.979593 2.267200 2.040309
v 3.979593 2.267200 1.418002
v 3.979593 2.267200 0.680691
v 3.979593 2.267200 0.041949
v 3.979593 2.267200 -1.412072
v 3.036595 3.671586 2.040309
v 3.912961 2.341731 2.040309
v 3.912961 2.341731 1.418002
v 3.036595 3.671586 1.418002
v 3.966963 2.258961 2.040309
v 3.966963 2.258961 1.418002
v 3.912961 2.341731 0.680691
v 3.036595 3.671586 0.680691
v 3.966963 2.258961 0.680691
v 3.912961 2.341731 0.041949
v 3.036595 3.671586 0.041949
v 3.966963 2.258961 0.041949
v 3.912961 2.341731 -1.412072
v 3.036595 3.671586 -1.412072
v 3.966963 2.258961 -1.412072
v 3.036595 3.671586 -2.022806
v 3.912961 2.341731 -2.022806
v 3.966963 2.258961 -2.022806
v 2.112188 2.341731 2.040309
v 2.988543 3.671586 2.040309
v 2.988543 3.671586 1.418002
v 2.112188 2.341731 1.418002
v 2.112188 2.341731 0.680691
v 2.988543 3.671586 0.680691
v 2.112188 2.341731 0.041949
v 2.988543 3.671586 0.041949
v 2.112188 2.341731 -1.412072
v 2.988543 3.671586 -1.412072
v 2.112188 2.341731 -2.022806
v 2.988543 3.671586 -2.022806
v 2.054660 2.253552 2.040309
v 2.054660 2.253554 1.418002
v 2.054660 2.253554 0.680691
v 2.054660 2.253554 0.041949
v 2.054660 2.253554 -1.412072
v 2.054660 2.253552 -2.022798
v 3.024165 3.723512 1.418002
v 3.024165 3.723512 2.040309
v 3.049185 3.723514 2.040309
v 3.049185 3.723514 1.418002
v 3.002366 3.723512 1.418002
v 3.002366 3.723512 2.040309
v 2.975956 3.723514 2.040309
v 2.975956 3.723514 1.418002
v 3.049185 3.723514 0.680691
v 3.024165 3.723512 0.680691
v 3.002366 3.723512 0.680691
v 2.975956 3.723514 0.680691
v 3.024165 3.723512 0.041949
v 3.049185 3.723514 0.041949
v 3.002366 3.723512 0.041949
v 2.975956 3.723514 0.041949
v 3.024165 3.723512 -1.412072
v 3.049185 3.723514 -1.412072
v 3.002366 3.723512 -1.412072
v 2.975956 3.723514 -1.412072
v 3.049185 3.723514 -2.093411
v 3.024165 3.723514 -2.093411
v 3.024165 3.723514 -2.022806
v 3.049185 3.723514 -2.022806
v 3.002366 3.723514 -2.093411
v 3.002366 3.723514 -2.022806
v 2.975956 3.723514 -2.093411
v 2.975956 3.723514 -2.022806
v 3.002366 3.723514 2.099351
v 2.975956 3.723514 2.099351
v 3.024165 3.723514 2.099351
v 3.049185 3.723514 2.099351
v 3.024165 3.679882 2.171378
v 3.019383 3.614204 2.171378
v 3.034088 3.614204 2.171378
v 3.049185 3.679882 2.171378
v 3.002366 3.679882 2.171378
v 3.006578 3.614204 2.171378
v 2.991059 3.614204 2.171378
v 2.975956 3.679882 2.171378
v 3.895364 2.294160 2.171378
v 3.925574 2.350000 2.171378
v 3.949384 2.211360 2.171378
v 3.979593 2.267200 2.171378
v 2.129786 2.294160 2.171378
v 2.099577 2.350000 2.171378
v 2.072240 2.205954 2.171378
v 2.042031 2.261794 2.171378
v 2.014374 2.219397 2.171378
v 2.044581 2.163554 2.171378
v 3.980570 2.163554 2.171378
v 4.010778 2.219397 2.171378
v 3.002366 3.723514 2.171378
v 2.975956 3.723514 2.171378
v 3.024165 3.723514 2.171378
v 3.049185 3.723514 2.171378
v 3.034088 3.614204 -2.171372
v 3.019383 3.614204 -2.171372
v 3.024165 3.679882 -2.171372
v 3.049185 3.679882 -2.171372
v 3.006578 3.614204 -2.171372
v 3.002366 3.679882 -2.171372
v 2.991059 3.614204 -2.171372
v 2.975956 3.679882 -2.171372
v 3.895364 2.294160 -2.171372
v 3.925572 2.350000 -2.171372
v 3.979593 2.267200 -2.171372
v 3.949384 2.211360 -2.171372
v 2.129786 2.294158 -2.171372
v 2.099577 2.350000 -2.171372
v 2.042031 2.261791 -2.171372
v 2.072240 2.205954 -2.171372
v 2.044574 2.163554 -2.171372
v 2.014371 2.219397 -2.171372
v 4.010778 2.219397 -2.171372
v 3.980570 2.163554 -2.171372
v 3.024165 3.723514 -2.171372
v 3.049185 3.723514 -2.171372
v 3.002366 3.723514 -2.171372
v 2.975956 3.723514 -2.171372
v 3.895364 0.117698 -0.690817
v 3.895364 1.018654 -0.690817
v 3.895364 1.376565 -0.690817
v 3.895364 2.294160 -0.690817
v 3.949378 2.211360 -0.690817
v 3.980570 2.163554 -0.690817
v 4.010778 2.219397 -0.690817
v 3.979593 2.267200 -0.690817
v 3.966963 2.258961 -0.690817
v 3.912961 2.341731 -0.690817
v 3.036595 3.671586 -0.690817
v 3.049185 3.679882 -0.690817
v 3.049185 3.723514 -0.690817
v 3.024165 3.723512 -0.690817
v 3.002366 3.723512 -0.690817
v 2.975956 3.723514 -0.690817
v 2.975956 3.679882 -0.690817
v 2.988543 3.671586 -0.690817
v 2.112188 2.341731 -0.690817
v 2.054660 2.253554 -0.690817
v 2.042031 2.261794 -0.690817
v 2.014371 2.219397 -0.690817
v 2.044579 2.163554 -0.690817
v 2.072240 2.205954 -0.690817
v 2.129786 2.294160 -0.690817
v 2.129786 1.376565 -0.690817
v 2.129786 1.018654 -0.690813
v 2.129786 0.117698 -0.690817
v 3.895364 1.682368 1.240765
v 3.895364 1.682368 0.857928
v 3.895364 1.988358 0.857928
v 3.895364 1.988358 1.240765
v 3.895364 1.682368 -0.864194
v 3.895364 1.988360 -0.864194
v 3.895364 1.682368 -1.238696
v 3.895364 1.988360 -1.238696
v 3.832375 1.682368 1.240765
v 3.832375 1.682368 0.857928
v 3.832375 1.988358 0.857928
v 3.832375 1.988358 1.240765
v 3.832375 1.682368 -0.864194
v 3.832375 1.988360 -0.864194
v 3.832375 1.682368 -1.238696
v 3.832375 1.988360 -1.238696
v -4.010778 0.117698 -0.245934
v -4.010778 0.690171 -0.245934
v -4.010778 1.444963 -0.245934
v -4.008154 1.444963 -0.245934
v -4.008154 1.774448 -0.245934
v -4.010778 1.774448 -0.245934
v -4.010778 2.686273 -0.003110
v -4.010778 2.760812 -0.007370
v -3.972622 2.760812 -0.007370
v -3.329435 2.760812 -0.007370
v -2.800711 2.760812 -0.007370
v -2.592116 2.760812 -0.007370
v -2.041654 2.760812 -0.007370
v -1.624688 2.760812 -0.007370
v -1.118456 2.760812 -0.007370
v -0.499355 2.760812 -0.007370
v 0.014960 2.760812 -0.007370
v 0.181983 2.760812 -0.007370
v 0.181983 2.731643 -0.007370
v 0.181983 2.686273 -0.003110
v 0.181983 1.774448 -0.245934
v 0.180602 1.774448 -0.245934
v 0.180602 1.444963 -0.245934
v 0.181983 1.444963 -0.245934
v 0.181983 0.690171 -0.245934
v 0.181983 0.117698 -0.245934
v -4.010778 0.117695 0.224355
v -4.010778 0.690171 0.224355
v -4.010778 1.444963 0.224355
v -4.008154 1.444963 0.224355
v -4.008154 1.774448 0.224355
v -4.010778 1.774448 0.224355
v -4.010778 2.686273 0.008352
v -4.010778 2.760810 0.012136
v -3.972622 2.760810 0.012136
v -3.329435 2.760810 0.012136
v -2.800711 2.760812 0.012136
v -2.592116 2.760810 0.012136
v -2.041654 2.760810 0.012136
v -1.624688 2.760812 0.012136
v -1.118456 2.760812 0.012136
v -0.499355 2.760810 0.012136
v 0.014960 2.760810 0.012136
v 0.181983 2.760810 0.012136
v 0.181983 2.731643 0.012136
v 0.181983 2.686273 0.008352
v 0.181983 1.774448 0.224352
v 0.180602 1.774448 0.224352
v 0.180602 1.444963 0.224352
v 0.181983 1.444963 0.224352
v 0.181983 0.690171 0.224352
v 0.181983 0.117698 0.224352
v -3.957109 1.444963 -0.245934
v -3.957109 1.774448 -0.245934
v -3.957109 1.444963 0.224355
v -3.957109 1.774448 0.224355
v -4.070984 1.813020 1.064596
v -4.070984 1.774448 1.029469
v -4.070984 1.719339 1.089985
v -4.070984 1.757910 1.125113
v -4.070984 2.686273 0.027971
v -4.070984 2.731643 0.045528
v -4.070984 2.686273 -0.022059
v -4.070984 2.686273 -0.003110
v -4.070983 2.731643 -0.007370
v -4.070984 2.731643 -0.039624
v -4.070984 1.774448 -1.023545
v -4.070984 1.813020 -1.058675
v -4.070984 1.713923 -1.090020
v -4.070984 1.752495 -1.125150
v -4.070984 1.722803 -1.157754
v -4.070984 1.684231 -1.122623
v -4.070984 1.684231 1.128545
v -4.070984 1.722803 1.163666
v -4.070984 2.760812 -0.007370
v -4.070984 2.760812 -0.039624
v -4.070984 2.686273 0.008352
v -4.070983 2.731643 0.012136
v -4.070984 2.760810 0.012136
v -4.070984 2.760812 0.045528
v 0.002953 2.320180 1.232461
v 0.002953 2.281608 1.191777
v 0.002953 2.229367 1.258218
v 0.002953 2.267940 1.298901
v 0.002953 3.193436 0.031930
v 0.002953 3.238801 0.052262
v 0.002953 3.193436 -0.026017
v 0.002953 3.238801 -0.046359
v 0.002953 2.281608 -1.185856
v 0.002953 2.320180 -1.226540
v 0.002953 2.224627 -1.258332
v 0.002953 2.263197 -1.299016
v 0.002953 2.229964 -1.341286
v 0.002953 2.191393 -1.300603
v 0.002953 2.191393 1.306515
v 0.002953 2.229964 1.347198
vt -10.011204 -5.024977
vt -10.090858 -5.024977
vt -10.090858 -5.996885
vt -10.011204 -5.996885
vt -10.090858 -7.048640
vt -10.011204 -7.048640
vt -9.824903 -5.024977
vt -10.090858 -7.959777
vt -10.011204 -7.959777
vt -7.927877 -5.024977
vt -10.090858 -10.033877
vt -10.011204 -10.033877
vt -10.090858 -11.005786
vt -10.011204 -11.005786
vt -9.824903 -11.005786
vt -7.927877 -11.005786
vt -6.917780 -1.412660
vt -6.975812 -1.357639
vt -7.139486 -1.486329
vt -7.081454 -1.541350
vt -5.263299 -0.111977
vt -5.292309 -0.047262
vt -3.526177 -1.412660
vt -5.180654 -0.111977
vt -5.151632 -0.047262
vt -3.468146 -1.357639
vt -3.362504 -1.541350
vt -3.304471 -1.486329
vt -3.358586 -11.005786
vt -3.278931 -11.005786
vt -3.278931 -10.033877
vt -3.358586 -10.033877
vt -3.092629 -11.005786
vt -3.358586 -8.982123
vt -3.278931 -8.982123
vt -1.195604 -11.005786
vt -3.358586 -8.070985
vt -3.278931 -8.070985
vt -3.358586 -5.996885
vt -3.278931 -5.996885
vt -3.278931 -5.024977
vt -3.358586 -5.024977
vt -3.092629 -5.024977
vt -1.195604 -5.024977
vt 8.169497 7.770848
vt 8.119388 7.825871
vt 9.598093 9.071530
vt 9.573046 9.136247
vt 11.098040 7.770848
vt 9.669456 9.071530
vt 9.694515 9.136247
vt 11.148149 7.825871
vt 7.653326 7.770848
vt 4.724784 7.770848
vt -4.517648 1.022319
vt -4.376972 1.022319
vt -4.376972 1.545408
vt -4.517648 1.545408
vt -2.693484 1.022319
vt -2.693484 1.545408
vt -4.376972 2.661709
vt -4.517648 2.661709
vt -6.201151 1.022319
vt -6.201151 1.545408
vt -2.529810 1.022319
vt -2.529810 1.545408
vt -4.376972 3.064196
vt -4.517648 3.064196
vt -6.364825 1.022319
vt -6.364825 1.545408
vt -2.529810 2.661709
vt -4.517648 4.115950
vt -4.376972 4.115950
vt -6.364825 2.661709
vt -2.529810 3.064196
vt -4.376972 5.087859
vt -4.517648 5.087859
vt -6.364825 3.064196
vt -2.529810 4.115950
vt -2.693484 5.087859
vt -6.364825 4.115950
vt -6.201151 5.087859
vt -2.529810 5.087859
vt -6.364825 5.087859
vt 7.636172 -11.005784
vt 7.757641 -11.005784
vt 9.211277 -11.005784
vt 6.182515 -11.005784
vt 9.352608 -11.005784
vt 9.352608 -10.033875
vt 6.041189 -11.005784
vt 6.041189 -10.033875
vt 9.352608 -9.150755
vt 6.041189 -9.150755
vt 9.352608 -8.428635
vt 6.041189 -8.428635
vt 9.352608 -7.833852
vt 6.041189 -7.833852
vt 9.352608 -7.048637
vt 6.041189 -7.048637
vt 9.352608 -6.751084
vt 7.757641 -5.024974
vt 7.636172 -5.024974
vt 6.041189 -6.751084
vt 9.352608 -5.996882
vt 9.211277 -5.024974
vt 6.041189 -5.996882
vt 6.182515 -5.024974
vt 9.352608 -5.024974
vt 6.041189 -5.024974
vt 1.674854 3.064200
vt 1.674854 4.115954
vt 11.289482 -4.938256
vt 11.289482 -3.966347
vt 11.289482 -3.083231
vt 11.289482 -2.361109
vt 11.289482 -1.766325
vt 11.289482 -0.981111
vt 11.289482 -0.683561
vt 11.289482 0.070643
vt 11.289482 1.042553
vt 5.852825 -4.938256
vt 5.852825 -3.966347
vt 5.852825 -3.083232
vt 5.852825 -2.361108
vt 5.852825 -1.766324
vt 5.852825 -0.981109
vt 5.852825 -0.683562
vt 5.852825 0.070645
vt 5.852825 1.042554
vt -7.762087 -11.005786
vt -7.575785 -11.005786
vt -7.575785 -10.033877
vt -7.762087 -10.033877
vt -7.575785 -8.982123
vt -7.762087 -8.982123
vt -7.575785 -8.070985
vt -7.762087 -8.070985
vt -7.575785 -5.996885
vt -7.762087 -5.996885
vt -7.575785 -5.024977
vt -7.762087 -5.024977
vt -0.843512 -5.024977
vt -1.029813 -5.024977
vt -1.029813 -5.996885
vt -0.843512 -5.996885
vt -0.843512 -7.048640
vt -1.029813 -7.048640
vt -0.843512 -7.959777
vt -1.029813 -7.959777
vt -0.843512 -10.033877
vt -1.029813 -10.033877
vt -1.029813 -11.005786
vt -0.843512 -11.005786
vt -2.221065 1.022319
vt -2.163033 1.022319
vt -2.163033 1.545408
vt -2.221065 1.545408
vt -2.163033 2.661709
vt -2.221065 2.661709
vt -2.384739 1.022319
vt -2.384739 1.545408
vt -2.163033 3.064201
vt -2.221065 3.064201
vt -2.384739 2.661709
vt -2.221065 4.115955
vt -2.163033 4.115955
vt -2.384739 3.064201
vt -2.384739 4.115955
vt -2.163033 5.087863
vt -2.221065 5.087863
vt -2.384739 5.087863
vt 1.907426 1.022325
vt 2.071101 1.022325
vt 2.071101 1.545414
vt 1.907426 1.545414
vt 2.071101 2.661715
vt 1.907426 2.661715
vt 1.849395 1.022325
vt 1.849395 1.545414
vt 2.071101 3.064206
vt 1.907426 3.064206
vt 1.849395 2.661715
vt 2.071101 4.115961
vt 1.907426 4.115961
vt 1.849395 3.064206
vt 2.071101 5.087869
vt 1.907426 5.087869
vt 1.849395 4.115961
vt 1.849395 5.087869
vt 9.654510 -11.005784
vt 9.704620 -11.005784
vt 9.704620 -10.033875
vt 9.654510 -10.033875
vt 9.704620 -9.150760
vt 9.654504 -9.150760
vt 9.513184 -11.005784
vt 9.513184 -10.033875
vt 9.704620 -8.428640
vt 9.654510 -8.428640
vt 9.513178 -9.150760
vt 9.704620 -7.833858
vt 9.654510 -7.833858
vt 9.513184 -8.428640
vt 9.704620 -7.048643
vt 9.654510 -7.048643
vt 9.513184 -7.833858
vt 9.704620 -6.751090
vt 9.654504 -6.751090
vt 9.513184 -7.048643
vt 9.654510 -5.996888
vt 9.704620 -5.996888
vt 9.513184 -6.751090
vt 9.513184 -5.996888
vt 9.704620 -5.024980
vt 9.654510 -5.024980
vt 9.513184 -5.024980
vt 8.525541 -4.938254
vt 8.666873 -4.938254
vt 8.666873 -3.966345
vt 8.525541 -3.966345
vt 8.666873 -3.083230
vt 8.525536 -3.083230
vt 8.475431 -4.938254
vt 8.475431 -3.966345
vt 8.666873 -2.361110
vt 8.525536 -2.361110
vt 8.475431 -3.083230
vt 8.666873 -1.766327
vt 8.525541 -1.766327
vt 8.475431 -2.361110
vt 8.666873 -0.981112
vt 8.525541 -0.981112
vt 8.475431 -1.766327
vt 8.666873 -0.683559
vt 8.525541 -0.683559
vt 8.475431 -0.981112
vt 8.666873 0.070642
vt 8.525541 0.070642
vt 8.475431 -0.683559
vt 8.666873 1.042552
vt 8.525541 1.042552
vt 8.475431 0.070642
vt 8.475431 1.042552
vt 1.674854 3.064200
vt 1.674854 4.115954
vt 11.289482 -4.938256
vt 11.289482 -3.966347
vt 11.289482 -2.361109
vt 11.289482 -1.766325
vt 5.852825 -3.966347
vt 5.852825 -4.938256
vt 11.289482 -0.981111
vt 11.289482 -0.683561
vt 11.289482 0.070643
vt 5.852825 -1.766324
vt 5.852825 -2.361108
vt 11.289482 1.042553
vt 5.852825 -0.981109
vt 5.852825 0.070645
vt 5.852825 -0.683562
vt 7.653326 7.770848
vt 4.724784 7.770848
vt 5.852825 1.042554
vt 11.289482 -3.083231
vt 5.852825 -3.083232
vt 1.671580 -1.379907
vt 1.671580 -1.893247
vt 2.052752 -1.893247
vt 2.052752 -1.379907
vt 1.671580 -2.093476
vt 2.052749 -2.093476
vt 2.465234 -1.893247
vt 2.465234 -1.379907
vt 1.671580 -2.549732
vt 2.052752 -2.549732
vt 2.465237 -2.093476
vt 2.822572 -1.893247
vt 2.822572 -1.379906
vt 2.465234 -2.549732
vt 2.822572 -2.093476
vt 3.636007 -1.893246
vt 3.636007 -1.379907
vt 2.822572 -2.549732
vt 3.636007 -2.093476
vt 4.017179 -1.893246
vt 4.017179 -1.379906
vt 4.017179 -2.093476
vt -2.179407 1.989202
vt -2.188774 1.989202
vt -2.188774 1.939726
vt -2.179407 1.939726
vt -2.197700 1.989202
vt -2.197700 1.939726
vt -2.169658 1.989202
vt -2.169658 1.939726
vt -2.206130 1.989202
vt -2.206130 1.939726
vt -2.159586 1.989202
vt -2.159586 1.939726
vt -2.214014 1.989202
vt -2.214014 1.939726
vt -2.149254 1.989202
vt -2.149254 1.939726
vt -2.221301 1.989202
vt -2.221301 1.939726
vt -2.138725 1.989202
vt -2.138725 1.939726
vt -2.227947 1.989202
vt -2.227947 1.939726
vt -2.128064 1.989202
vt -2.128064 1.939726
vt -2.233910 1.989202
vt -2.233910 1.939726
vt -2.117337 1.989202
vt -2.117337 1.939726
vt -2.239156 1.989202
vt -2.239156 1.939726
vt -1.825820 1.989202
vt -1.825820 1.939726
vt -2.188774 1.848263
vt -2.179407 1.848263
vt -2.179407 1.897739
vt -2.188774 1.897739
vt -2.169658 1.848263
vt -2.169658 1.897739
vt -2.197700 1.848263
vt -2.197700 1.897739
vt -2.159586 1.848263
vt -2.159586 1.897739
vt -2.206130 1.848263
vt -2.206130 1.897739
vt -2.149254 1.848263
vt -2.149254 1.897739
vt -2.214014 1.848263
vt -2.214014 1.897739
vt -2.138725 1.848263
vt -2.138725 1.897739
vt -2.221301 1.848263
vt -2.221301 1.897739
vt -2.128064 1.848263
vt -2.128064 1.897739
vt -2.227947 1.848263
vt -2.227947 1.897739
vt -2.117337 1.848263
vt -2.117337 1.897739
vt -2.233910 1.848263
vt -2.233910 1.897739
vt -1.825820 1.848263
vt -1.825820 1.897739
vt -2.239156 1.848263
vt -2.239156 1.897739
vt -0.391404 0.185450
vt 0.073065 0.185450
vt -0.038585 0.395107
vt -0.279754 0.395107
vt -0.517284 0.629750
vt -0.560301 0.629244
vt -0.560301 1.245218
vt -0.964663 0.629750
vt -0.964663 1.248137
vt -0.517284 1.248137
vt -0.517286 0.388547
vt -0.964664 0.388547
vt 0.012781 1.248137
vt 0.012781 0.629750
vt -0.517284 -0.161077
vt -0.964663 -0.161077
vt 0.012781 0.388547
vt 1.236431 0.388982
vt 0.479712 0.388982
vt 0.479712 -0.158498
vt 1.236431 -0.158498
vt 0.471975 0.629750
vt 0.471975 1.248137
vt 0.012781 -0.161077
vt 0.471975 0.388547
vt 1.517286 0.629750
vt 1.517286 1.248137
vt 1.591026 -0.158498
vt -1.825532 -0.105915
vt -1.825532 1.224229
vt -2.032662 1.224229
vt -2.032662 -0.105914
vt -1.467989 -0.105914
vt -1.467989 1.224229
vt 0.421678 -1.653224
vt -0.908466 -1.653224
vt 0.421678 -0.949128
vt -0.908466 -0.949128
vt -2.222410 -1.402634
vt -2.242062 -1.381056
vt -2.297488 -1.431526
vt -2.277836 -1.453104
vt -1.798502 1.267952
vt -0.649965 1.267952
vt -0.649965 1.452279
vt -1.798502 1.452279
vt -2.277838 -1.261011
vt -2.297490 -1.282588
vt -2.242060 -1.333058
vt -2.222410 -1.311480
vt -1.798503 1.864399
vt -0.649966 1.864399
vt -0.649966 2.286659
vt -1.798503 2.286659
vt -1.798503 1.494707
vt -0.649966 1.494707
vt -1.877186 2.335033
vt -0.728649 2.335033
vt -1.288926 2.845144
vt -1.316913 2.845144
vt -1.877186 2.895249
vt -0.728649 2.895249
vt -0.728649 3.079576
vt -1.877186 3.079576
vt -1.877187 3.486075
vt -0.728649 3.486075
vt -0.728649 3.908336
vt -1.877187 3.908336
vt -1.877186 3.116383
vt -0.728649 3.116383
vt -2.348221 -2.203665
vt -2.348220 -2.907761
vt -2.239893 -2.907761
vt -2.239893 -2.203665
vt -2.608599 2.405340
vt -1.904504 2.405340
vt -1.904504 2.513668
vt -2.608599 2.513667
vt -2.234319 1.409048
vt -2.029238 1.409047
vt -2.029238 1.471060
vt -2.234319 1.471060
vt -1.825820 1.409048
vt -1.825820 1.471060
vt -2.029238 1.367058
vt -2.234319 1.367058
vt -2.234319 1.305046
vt -2.029238 1.305046
vt -1.825820 1.367058
vt -1.825820 1.305046
vt -2.222410 -1.496997
vt -2.231260 -1.496997
vt -2.231259 -1.546473
vt -2.222410 -1.546473
vt -2.240400 -1.496997
vt -2.240400 -1.546473
vt -2.249777 -1.496997
vt -2.249777 -1.546473
vt -2.259335 -1.496997
vt -2.259335 -1.546473
vt -2.269011 -1.496997
vt -2.269011 -1.546473
vt -2.278747 -1.496997
vt -2.278747 -1.546473
vt -2.288482 -1.496997
vt -2.288482 -1.546473
vt -2.298159 -1.496997
vt -2.298159 -1.546473
vt -2.307715 -1.496997
vt -2.307715 -1.546473
vt -2.317092 -1.496997
vt -2.317091 -1.546473
vt -2.326235 -1.496997
vt -2.326234 -1.546473
vt -2.335082 -1.496997
vt -2.335082 -1.546473
vt -1.599281 -2.373588
vt -1.838717 -2.373588
vt -1.838717 -2.481915
vt -1.599281 -2.481915
vt -1.866034 -2.284771
vt -2.057294 -2.284771
vt -2.057293 -2.346784
vt -1.866034 -2.346784
vt -1.904504 3.074394
vt -3.053041 3.074394
vt -3.053041 3.073620
vt -1.904504 3.073620
vt -1.904504 3.031631
vt -3.053041 3.031631
vt -3.053041 3.030856
vt -1.904504 3.030857
vt -3.053041 2.987399
vt -1.904504 2.987400
vt -1.904504 2.988867
vt -3.053041 2.988867
vt 0.637279 0.584878
vt 0.462996 0.441047
vt 0.652752 0.574796
vt 0.620731 0.594073
vt 0.667055 0.563890
vt 0.603211 0.602324
vt 0.680101 0.552227
vt 0.584827 0.609581
vt 0.691807 0.539878
vt 0.565691 0.615799
vt 0.702102 0.526919
vt 0.545923 0.620939
vt 0.710924 0.513432
vt 0.525643 0.624971
vt 0.718217 0.499498
vt 0.504976 0.627868
vt 0.723937 0.485203
vt 0.484051 0.629614
vt 0.728049 0.470637
vt 0.462996 0.630197
vt 0.730525 0.455888
vt 0.441941 0.629614
vt 0.731352 0.441047
vt 0.421016 0.627868
vt 0.400350 0.624971
vt 0.380070 0.620939
vt 0.360300 0.615799
vt 0.341165 0.609581
vt 0.322781 0.602324
vt 0.305261 0.594073
vt 0.288713 0.584878
vt 0.273240 0.574796
vt 0.258936 0.563890
vt 0.245892 0.552227
vt 0.234185 0.539878
vt 0.223889 0.526920
vt 0.215068 0.513432
vt 0.207775 0.499498
vt 0.202055 0.485204
vt 0.197944 0.470637
vt 0.195467 0.455888
vt 0.194640 0.441047
vt 0.462996 0.037741
vt 0.731352 0.037741
vt 0.194640 0.037741
vt 0.504613 1.412700
vt 0.689378 0.732077
vt 1.098017 0.732077
vt 0.514571 1.412700
vt 0.495937 1.412700
vt 0.333315 0.732077
vt -0.098017 0.732077
vt 0.485426 1.412700
vt 0.544106 0.646263
vt 0.639276 0.646263
vt 1.098017 0.258958
vt 0.639276 0.344772
vt 0.461180 0.646263
vt 0.360724 0.646263
vt 0.544106 0.344772
vt 0.689378 0.258958
vt 0.689378 0.074418
vt 1.098017 0.074418
vt 0.461180 0.344772
vt 0.333315 0.258958
vt -0.098017 0.258958
vt 0.360724 0.344772
vt 0.333315 0.074418
vt 0.689378 -0.346092
vt 1.098017 -0.346092
vt -0.098017 0.074418
vt -0.098017 -0.346092
vt 0.333315 -0.346092
vt 0.471977 -0.161077
vt 1.517284 0.388547
vt 0.522000 0.049728
vt 0.533717 0.048566
vt 0.545289 0.046635
vt 0.556644 0.043950
vt 0.567713 0.040525
vt 0.578427 0.036383
vt 0.588721 0.031548
vt 0.598531 0.026051
vt 0.607797 0.019926
vt 0.616460 0.013210
vt 0.624469 0.005944
vt 0.631773 -0.001826
vt 0.638329 -0.010052
vt 0.644093 -0.018685
vt 0.649032 -0.027670
vt 0.653116 -0.036953
vt 0.656319 -0.046476
vt 0.658621 -0.056180
vt 0.660007 -0.066005
vt 0.660471 -0.075891
vt 0.660471 -0.344568
vt 0.510211 -0.344568
vt 0.359952 -0.344568
vt 0.359952 -0.075891
vt 0.360415 -0.066005
vt 0.361802 -0.056179
vt 0.364104 -0.046475
vt 0.367307 -0.036953
vt 0.371390 -0.027670
vt 0.376329 -0.018685
vt 0.382094 -0.010052
vt 0.388649 -0.001826
vt 0.395953 0.005944
vt 0.403962 0.013210
vt 0.412626 0.019926
vt 0.421891 0.026051
vt 0.431701 0.031548
vt 0.441995 0.036383
vt 0.452709 0.040525
vt 0.463779 0.043950
vt 0.341663 1.000000
vt 0.341663 0.000000
vt 0.000000 -0.000000
vt 0.000000 1.000000
vt 0.639366 1.000000
vt 0.639366 0.000000
vt 1.000000 0.000000
vt 1.000000 1.000000
vt 1.439112 -0.920904
vt 1.644263 -0.920904
vt 1.644263 -0.713775
vt 1.439112 -0.713775
vt 1.439112 -1.278447
vt 1.644263 -1.278447
vt 1.708138 1.139951
vt 1.708138 1.345101
vt 0.843463 -0.713775
vt 0.843463 -0.920904
vt 2.412234 1.345101
vt 2.412234 1.139951
vt 0.841995 -0.713775
vt 0.841995 -0.920904
vt 0.429904 -0.920904
vt 0.430978 -0.920904
vt -1.372319 0.606617
vt -1.034847 0.606617
vt -0.882262 1.345102
vt -0.890485 1.345102
vt -1.372319 0.093277
vt -1.034847 0.093277
vt -0.740796 0.606617
vt -0.875097 1.345102
vt -1.372319 -0.106951
vt -1.034847 -0.106951
vt -0.740796 0.093277
vt -0.384585 0.606617
vt -0.866416 1.345102
vt -1.372319 -0.563210
vt -1.034847 -0.563210
vt -0.740796 -0.106951
vt -0.384585 0.093277
vt -0.740796 -0.563210
vt -0.384585 -0.106951
vt -0.384585 -0.563210
vt 0.022491 -2.908335
vt 3.016969 -0.276670
vt 3.016969 -0.481821
vt -0.182659 -2.908335
vt 2.659426 -0.276671
vt 2.659426 -0.481821
vt 0.022491 -2.229735
vt -0.182659 -2.229735
vt 0.022491 -1.525639
vt -0.182659 -1.525639
vt 0.138733 0.000000
vt 0.861267 0.000000
vt 0.861267 1.000000
vt 0.138733 1.000000
vt 3.635599 2.073243
vt 4.016405 2.073243
vt 4.016405 2.257569
vt 3.635599 2.257569
vt 3.636008 2.073243
vt 4.017179 2.073243
vt 3.289583 2.257569
vt 3.289583 2.073243
vt 4.017179 1.650983
vt 3.636008 1.650983
vt 3.289661 2.073243
vt 3.006646 2.257569
vt 3.006646 2.073243
vt 3.289661 1.650983
vt 4.017179 1.281290
vt 3.636008 1.281290
vt 2.773603 2.257569
vt 2.773603 2.073243
vt 3.240434 2.020731
vt 3.240434 1.703494
vt 3.289661 1.281290
vt 2.465946 2.257569
vt 2.465946 2.073243
vt 3.006454 2.073243
vt 3.055681 2.020731
vt 3.006454 1.650983
vt 3.055681 1.703494
vt 3.006454 1.281290
vt 2.349362 2.073243
vt 2.349362 2.257569
vt 2.465236 2.073243
vt 2.773188 2.073243
vt 2.985451 1.579195
vt 2.985451 1.375776
vt 2.348541 2.073243
vt 2.053855 2.073243
vt 2.053855 2.257569
vt 2.518765 2.020731
vt 2.719659 2.020731
vt 2.985451 1.784276
vt 2.773188 1.281290
vt 2.794191 1.375776
vt 2.348541 1.650983
vt 2.465236 1.650983
vt 2.052751 2.073243
vt 1.673049 2.257569
vt 1.673049 2.073243
vt 2.518765 1.703494
vt 2.773188 1.650983
vt 2.719659 1.703494
vt 2.794191 1.784275
vt 2.794191 1.579194
vt 2.297126 2.020731
vt 2.297127 1.703494
vt 2.348541 1.281290
vt 2.465236 1.281290
vt 2.104166 2.020731
vt 2.052751 1.650983
vt 2.104166 1.703494
vt 2.052751 1.281290
vt 1.671581 1.650983
vt 1.671581 1.281290
vt 1.671581 2.073243
vt 0.182087 1.000000
vt 0.182087 0.497965
vt 0.817913 0.497965
vt 0.817913 1.000000
vt 0.182087 0.000000
vt 0.817913 0.000000
vt 4.016405 2.308355
vt 4.016405 2.492682
vt 3.635599 2.492682
vt 3.635600 2.308355
vt 4.017179 2.492682
vt 3.636009 2.492682
vt 3.289583 2.492682
vt 3.289584 2.308355
vt 4.017179 2.914943
vt 3.636009 2.914943
vt 3.006646 2.492682
vt 3.006646 2.308355
vt 4.017179 3.284635
vt 3.636008 3.284635
vt 3.289661 2.914943
vt 3.289661 2.492682
vt 2.773603 2.492682
vt 2.773603 2.308355
vt 3.289661 3.284635
vt 3.006454 2.914943
vt 3.006454 2.492682
vt 2.773187 2.492682
vt 2.465946 2.492682
vt 2.465946 2.308355
vt 3.006454 3.284635
vt 2.773187 2.914943
vt 2.465237 2.492682
vt 2.349362 2.492682
vt 2.349362 2.308355
vt 2.773187 3.284635
vt 2.465237 2.914943
vt 2.348541 2.492682
vt 2.053855 2.308355
vt 2.053855 2.492682
vt 2.465237 3.284635
vt 2.348541 2.914943
vt 2.052752 2.492682
vt 1.673049 2.492682
vt 1.673049 2.308355
vt 2.348541 3.284635
vt 2.052752 2.914943
vt 1.671581 2.492682
vt 2.052752 3.284635
vt 1.671581 2.914943
vt 1.671581 3.284635
vt 0.000000 1.000000
vt 1.000000 1.000000
vt 1.000000 0.000000
vt 0.000000 0.000000
vt -0.000000 -0.000000
vt 1.000000 -0.000000
vt 1.000000 1.000000
vt -0.000000 1.000000
vt 1.000000 -0.000000
vt 0.000000 -0.000000
vt 0.000000 1.000000
vt 1.000000 1.000000
vt 0.000000 1.000000
vt 0.000000 -0.000000
vt 1.000000 -0.000000
vt 1.000000 1.000000
vt -1.864824 -2.692511
vt -2.071953 -2.692511
vt -2.071953 -2.693584
vt -1.864824 -2.693585
vt -2.420977 2.321362
vt -2.187710 2.321362
vt -2.187518 2.321362
vt -2.420562 2.321362
vt -1.904503 2.321362
vt -1.904581 2.321362
vt -2.208093 1.263057
vt -1.826922 1.263057
vt -1.825819 1.263057
vt -2.206625 1.263057
vt -2.250850 2.363352
vt -2.534057 2.363352
vt -2.533865 2.363352
vt -2.250928 2.363352
vt -1.904503 2.363352
vt -1.904913 2.363352
vt 7.636172 -5.079401
vt 6.182515 -5.079401
vt 6.041189 -5.079401
vt 9.704620 -5.079407
vt 9.654510 -5.079407
vt 9.513184 -5.079407
vt 11.289482 0.988125
vt 11.289482 0.988125
vt 1.694374 2.257569
vt 1.694374 2.073243
vt -2.185300 1.263057
vt -2.186747 1.263057
vt 1.692927 2.073243
vt 1.692927 1.650983
vt 1.692927 1.281290
vt 1.692927 3.284635
vt 1.692927 2.914943
vt 1.692927 2.492682
vt 1.694374 2.492682
vt 5.852825 0.988126
vt 1.694374 2.308355
vt 8.666873 0.988124
vt 5.852825 0.988126
vt 8.525541 0.988124
vt 9.352608 -5.079401
vt 8.475431 0.988124
vt 9.211277 -5.079401
vt 7.757641 -5.079401
vt 7.636172 -10.767528
vt 6.182514 -10.767528
vt 6.041189 -10.767529
vt 9.704620 -10.767529
vt 9.654510 -10.767529
vt 9.513184 -10.767529
vt 11.289482 -4.700001
vt 11.289482 -4.700001
vt 3.923053 2.257569
vt 3.923053 2.073243
vt 3.923738 2.073243
vt 3.923738 1.650983
vt 3.923738 1.281290
vt 3.923738 3.284635
vt 3.923738 2.914943
vt 3.923738 2.492682
vt 3.923054 2.492682
vt 5.852825 -4.700001
vt 3.923054 2.308355
vt 8.666873 -4.699998
vt 5.852825 -4.700001
vt 8.525541 -4.699998
vt 9.352608 -10.767528
vt 8.475431 -4.699998
vt 9.211277 -10.767528
vt 7.757641 -10.767528
vt 6.096185 -10.033875
vt 6.096184 -10.767529
vt -2.275919 -1.411886
vt 6.096185 -11.005784
vt -2.256267 -1.433464
vt 9.599514 -11.005784
vt 9.599514 -10.767529
vt 9.599514 -10.033875
vt 9.599508 -9.150760
vt 9.599514 -8.428640
vt 9.599514 -7.833858
vt 9.599514 -7.048643
vt 9.599510 -6.751090
vt 9.599514 -5.996888
vt 9.599514 -5.079407
vt 9.599514 -5.024980
vt 6.096185 -5.024974
vt 6.096185 -5.079401
vt 6.096185 -5.996882
vt 6.096185 -6.751084
vt 6.096185 -7.048637
vt 6.096185 -7.833852
vt 6.096185 -8.428635
vt 6.096185 -9.150755
vt 9.306094 -5.079402
vt 9.306094 -5.996882
vt 9.306094 -6.751084
vt 9.306094 -7.048637
vt 9.306094 -7.833852
vt 9.306094 -8.428635
vt 9.306094 -9.150755
vt 9.306094 -10.033875
vt 9.306094 -10.767528
vt -2.240652 -1.294870
vt 9.306094 -11.005785
vt -2.260303 -1.316448
vt 8.572055 -4.938254
vt 8.572055 -4.699998
vt 8.572055 -3.966345
vt 8.572052 -3.083230
vt 8.572052 -2.361110
vt 8.572055 -1.766327
vt 8.572055 -0.981112
vt 8.572056 -0.683559
vt 8.572055 0.070642
vt 8.572055 0.988124
vt 8.572055 1.042552
vt 9.306094 -5.024974
vt 0.767931 -0.942063
vt 0.187518 -0.942063
vt 0.187518 -1.026252
vt 0.767931 -1.026252
vt 0.187518 0.476421
vt 0.767931 0.476421
vt -0.578725 -0.942063
vt -0.578725 -1.026252
vt 1.472605 -0.942063
vt 1.472605 -1.026252
vt -0.578725 0.476421
vt 1.472605 0.476421
vt -0.869087 -0.942063
vt -0.869087 -1.026252
vt 2.334386 -0.942063
vt 2.334386 -1.026252
vt -0.869087 0.476421
vt 2.334386 0.476421
vt -1.605072 -0.942063
vt -1.605072 -1.026252
vt 3.050319 -1.026252
vt 3.050314 -0.942063
vt -1.605072 0.476421
vt 3.050314 0.476421
vt -2.500389 -0.942063
vt -2.500389 -1.026252
vt -2.500389 0.476421
vt 0.767936 1.933779
vt 0.187523 1.933779
vt 0.187523 0.515315
vt 0.767936 0.515315
vt 0.767936 2.026247
vt 0.187523 2.026252
vt -0.578719 1.933779
vt -0.578719 0.515315
vt 1.472610 1.933779
vt 1.472610 0.515315
vt -0.578720 2.026252
vt 1.472610 2.026247
vt -0.869082 1.933779
vt -0.869082 0.515315
vt 2.334392 1.933779
vt 2.334392 0.515315
vt -0.869082 2.026247
vt 2.334392 2.026252
vt -1.605067 1.933779
vt -1.605067 0.515315
vt 3.050319 0.515310
vt 3.050320 1.933774
vt -1.605067 2.026252
vt 3.050319 2.026242
vt -2.500383 1.933779
vt -2.500384 0.515315
vt -2.500384 2.026252
vt 1.153039 -1.018979
vt 1.065878 -0.923258
vt 1.040906 -0.945999
vt 1.128007 -1.041653
vt 2.605900 -2.630699
vt 2.580813 -2.653313
vt 1.930030 -0.804136
vt 3.382890 0.807584
vt 3.357804 0.830199
vt 1.904998 -0.781461
vt 1.842868 -0.899856
vt 1.817897 -0.877115
vt -2.060820 -2.548186
vt -0.607960 -0.936490
vt -0.633046 -0.913876
vt -2.085852 -2.525512
vt -2.156546 -2.653313
vt -2.181518 -2.630579
vt 1.003249 -2.630699
vt -0.449611 -1.019003
vt -0.474643 -1.041677
vt 0.978163 -2.653313
vt -0.545337 -0.913876
vt -0.570309 -0.936617
vt -2.456912 0.599355
vt -2.456912 -0.060101
vt -2.434171 -0.060101
vt -2.434171 0.599355
vt -2.456912 -0.860747
vt -2.434171 -0.860747
vt -2.456912 1.469948
vt -2.434171 1.469948
vt -2.456912 -1.839884
vt -2.434171 -1.839884
vt -2.456912 1.799854
vt -2.434171 1.799854
vt -2.456912 -2.653310
vt -2.434171 -2.653310
vt -2.456912 2.636069
vt -2.434171 2.636069
vt -2.456912 3.653313
vt -2.434171 3.653313
vt -2.364593 -0.060101
vt -2.364593 0.599355
vt -2.387207 0.599355
vt -2.387207 -0.060101
vt -2.364593 1.469948
vt -2.387207 1.469948
vt -2.364593 -0.860741
vt -2.387207 -0.860741
vt -2.364593 1.799854
vt -2.387207 1.799854
vt -2.364593 -1.839884
vt -2.387207 -1.839884
vt -2.364593 2.636069
vt -2.387207 2.636069
vt -2.364593 -2.653310
vt -2.387207 -2.653310
vt -2.364593 3.653313
vt -2.387207 3.653313
vt -2.318645 0.599355
vt -2.318645 -0.060101
vt -2.296030 -0.060101
vt -2.296030 0.599355
vt -2.318645 -0.860747
vt -2.296030 -0.860747
vt -2.318645 1.469948
vt -2.296030 1.469948
vt -2.318645 -1.839884
vt -2.296030 -1.839884
vt -2.318645 1.799854
vt -2.296030 1.799854
vt -2.318639 -2.653310
vt -2.296024 -2.653310
vt -2.318645 2.636069
vt -2.296030 2.636069
vt -2.318645 3.653313
vt -2.296030 3.653313
vt -2.227336 2.636069
vt -2.227336 3.653313
vt -2.250070 3.653313
vt -2.250070 2.636069
vt -2.227336 1.799854
vt -2.250076 1.799854
vt -2.227336 1.469948
vt -2.250070 1.469948
vt -2.227336 0.599355
vt -2.250070 0.599355
vt -2.227336 -0.060101
vt -2.250076 -0.060101
vt -2.227336 -0.860741
vt -2.250076 -0.860741
vt -2.227336 -1.839884
vt -2.250070 -1.839884
vt -2.227342 -2.653310
vt -2.250082 -2.653310
vt 0.157333 -3.105032
vt 0.157333 -3.257663
vt 0.209617 -3.257663
vt 0.209617 -3.105032
vt -0.235200 -3.257662
vt -0.082568 -3.257662
vt -0.082575 -2.958275
vt -0.235200 -2.958275
vt -0.082568 -2.036383
vt -0.235200 -2.036383
vt -0.082568 -0.926689
vt -0.235200 -0.926689
vt -0.082568 -0.019289
vt -0.235200 -0.019289
vt -0.082568 0.728103
vt -0.235200 0.728103
vt -0.082568 1.714779
vt -0.235200 1.714779
vt -0.082568 2.088676
vt -0.235200 2.088676
vt -0.235200 3.036392
vt -0.082568 3.036392
vt -0.082568 4.189275
vt -0.235200 4.189275
vt -0.082568 4.257664
vt -0.235200 4.257664
vt 0.014049 -3.257663
vt 0.014049 -2.958277
vt -0.038237 -2.958277
vt -0.038237 -3.257663
vt 0.014049 -2.036389
vt -0.038237 -2.036389
vt 0.014049 -0.926688
vt -0.038237 -0.926688
vt 0.014049 -0.019289
vt -0.038237 -0.019289
vt 0.014049 0.728099
vt -0.038237 0.728099
vt 0.014049 1.714778
vt -0.038237 1.714778
vt 0.014049 2.088672
vt -0.038237 2.088672
vt 0.014049 3.036386
vt -0.038237 3.036386
vt 0.014049 4.189268
vt -0.038237 4.189268
vt 0.014049 4.257661
vt -0.038237 4.257661
vt 0.059547 -2.958277
vt 0.059547 -3.257663
vt 0.111833 -3.257663
vt 0.111833 -2.958277
vt 0.059547 -2.036389
vt 0.111833 -2.036389
vt 0.059547 -0.926688
vt 0.111833 -0.926688
vt 0.059547 -0.019289
vt 0.111833 -0.019289
vt 0.059547 0.728099
vt 0.111833 0.728099
vt 0.059547 1.714780
vt 0.111833 1.714780
vt 0.059547 2.088672
vt 0.111833 2.088672
vt 0.059547 3.036386
vt 0.111833 3.036386
vt 0.059547 4.189269
vt 0.111833 4.189269
vt 0.059547 4.257662
vt 0.111833 4.257662
vt -3.190473 0.383078
vt -3.190473 -3.413068
vt -3.077816 -3.413068
vt -3.077816 0.383078
vt -2.918918 -3.413068
vt -2.918918 0.383078
vt -3.031575 0.383078
vt -3.031575 -3.413068
vt -2.747130 -3.413068
vt -2.747130 0.383078
vt -2.859788 0.383078
vt -2.859788 -3.413068
vt -2.688027 0.383078
vt -2.688027 -3.413068
vt -2.575369 -3.413068
vt -2.575369 0.383078
vt -2.516240 0.383078
vt -2.516240 -3.413068
vt -2.403582 -3.413068
vt -2.403582 0.383078
vt -2.231795 -3.413068
vt -2.231795 0.383078
vt -2.344452 0.383078
vt -2.344452 -3.413068
vt 1.487146 3.971879
vt 1.487146 0.412396
vt 1.869388 0.412396
vt 1.869388 3.971879
vt 1.442099 0.412396
vt 1.442099 3.971879
vt 1.059857 3.971879
vt 1.059857 0.412396
vt 1.014809 0.412396
vt 1.014809 3.971879
vt 0.632568 3.971879
vt 0.632568 0.412396
vt 0.205278 3.971879
vt 0.205278 0.412396
vt 0.587520 0.412396
vt 0.587520 3.971879
vt -0.222011 3.971879
vt -0.222011 0.412396
vt 0.160231 0.412396
vt 0.160231 3.971879
vt -0.267058 0.412396
vt -0.267058 3.971879
vt -0.649300 3.971879
vt -0.649300 0.412396
vt -0.694371 0.412379
vt -0.694371 2.816335
vt -0.807028 2.816335
vt -0.807028 0.412379
vt -0.964750 2.816335
vt -0.964750 0.412379
vt -0.852093 0.412379
vt -0.852093 2.816335
vt -1.122472 2.721391
vt -1.122472 0.412379
vt -1.009815 0.412379
vt -1.009815 2.721391
vt -1.167535 0.412379
vt -1.167535 2.721391
vt -1.280192 2.721391
vt -1.280192 0.412379
vt -1.437915 2.623178
vt -1.437941 0.412379
vt -1.325284 0.412379
vt -1.325258 2.623178
vt -1.483005 0.412379
vt -1.483031 2.623178
vt -1.595688 2.623178
vt -1.595662 0.412379
vt -1.640754 0.412379
vt -1.640754 2.479738
vt -2.022995 2.479738
vt -2.022995 0.412379
vt -2.450302 2.479738
vt -2.450302 0.412379
vt -2.068061 0.412379
vt -2.068061 2.479738
vt -2.877608 2.398071
vt -2.877608 0.412379
vt -2.495366 0.412379
vt -2.495366 2.398071
vt -2.808225 2.427377
vt -2.808225 4.413068
vt -3.190467 4.413068
vt -3.190467 2.427377
vt -2.759584 4.410267
vt -2.759558 2.509043
vt -2.377316 2.509043
vt -2.377342 4.410267
vt -1.947892 2.509043
vt -1.947866 4.410267
vt -2.330108 4.410267
vt -2.330134 2.509043
vt 0.231288 0.383078
vt -2.172668 0.383078
vt -2.004363 0.264747
vt 0.062983 0.264747
vt -2.172668 -3.413068
vt -2.004363 -3.294737
vt 0.231288 -3.413068
vt 0.062983 -3.294737
vt 0.289515 -3.413068
vt 2.598533 -3.413068
vt 2.436874 -3.294737
vt 0.451173 -3.294737
vt 2.598533 0.383078
vt 2.436874 0.264747
vt 0.289515 0.383078
vt 0.451173 0.264747
vt 1.914457 4.208541
vt 1.914457 0.412396
vt 2.069239 0.530727
vt 2.069239 4.090210
vt 4.125255 0.412396
vt 3.970474 0.530727
vt 4.125255 4.208541
vt 3.970474 4.090210
vt -0.733396 1.211614
vt 1.436131 1.211614
vt 0.377799 2.043630
vt 0.324933 2.043630
vt -0.733396 0.873776
vt 1.436131 0.873776
vt -0.733396 0.290605
vt 1.436131 0.290605
vt -0.733396 0.104784
vt 1.436131 0.104784
vt -0.733396 -1.043630
vt 1.436131 -1.043630
vt 0.754646 1.188681
vt 0.754646 0.957690
vt 1.188681 0.957690
vt 1.188681 1.188681
vt 0.598152 1.188681
vt 0.598152 0.957690
vt 0.188148 0.957690
vt 0.596697 0.957690
vt 0.596697 1.188681
vt 0.188148 1.188681
vt 0.754646 0.431903
vt 0.754646 -0.188681
vt 1.188681 -0.188681
vt 1.188681 0.431903
vt -0.188681 1.188681
vt -0.188681 0.957690
vt 0.189213 0.957690
vt 0.189213 1.188681
vt 0.598152 0.431903
vt 0.598152 -0.188681
vt -0.188681 0.431903
vt -0.188681 -0.188681
vt 0.189213 -0.188681
vt 0.189213 0.431903
vt 0.598152 0.558956
vt 0.754646 0.558956
vt 1.188681 0.558956
vt -0.188681 0.558956
vt 0.189213 0.558956
vt 0.525157 0.619898
vt 0.262207 0.619898
vt 0.525157 0.896747
vt 0.262207 0.896747
vt 0.512371 0.365021
vt 0.512371 -0.188681
vt 0.274994 0.365021
vt 0.274994 -0.188681
vt 0.429817 0.671602
vt -0.070484 0.671602
vt -0.070484 0.434902
vt 0.429817 0.434902
vt 0.429817 1.080189
vt -0.070484 1.080189
vt -0.250870 0.671602
vt -0.250870 0.434902
vt 0.429817 1.210382
vt -0.070484 1.210382
vt -0.250870 1.080189
vt -0.722243 0.434902
vt -0.722243 0.671602
vt -0.070484 2.014997
vt 0.429817 2.014997
vt -0.250870 1.210382
vt -0.722243 1.080189
vt -1.157831 0.671602
vt -1.157831 0.434902
vt -0.250870 2.014997
vt -0.722243 1.210382
vt -1.157831 1.080189
vt -0.722243 2.014997
vt -1.157831 1.210382
vt -1.157831 2.014997
vt 1.560738 -2.497897
vt 1.560738 0.876572
vt 1.446642 0.876572
vt 1.446642 -2.497897
vt 1.595368 0.876572
vt 1.595368 -2.497897
vt 1.709464 -2.497897
vt 1.709464 0.876572
vt 2.848221 -2.497897
vt 2.848221 0.489129
vt 2.508877 0.489129
vt 2.508877 -2.497897
vt 2.827647 3.497909
vt 2.827647 0.510883
vt 3.166991 0.510883
vt 3.166991 3.497909
vt -2.261595 1.107386
vt -2.261595 -2.497909
vt -2.147500 -2.497909
vt -2.147500 1.107386
vt -1.997725 -2.497909
vt -1.997725 1.107386
vt -2.111820 1.107386
vt -2.111820 -2.497909
vt 1.744087 0.740316
vt 1.744087 -2.497909
vt 2.083431 -2.497909
vt 2.083431 0.740316
vt 2.465837 -2.497909
vt 2.465837 0.740316
vt 2.126493 0.740316
vt 2.126493 -2.497909
vt -1.963108 1.107399
vt -1.963108 -2.497897
vt -1.769389 -2.314365
vt -1.769389 0.923864
vt 1.411358 -2.497897
vt 1.217639 -2.314365
vt 1.411358 1.107399
vt 1.217639 0.923864
vt -1.122224 2.014997
vt -1.122224 1.210382
vt -1.122224 1.080189
vt -1.122224 0.671602
vt 2.071101 5.008420
vt -1.122224 0.434902
vt 1.907426 5.008420
vt -2.529810 5.008410
vt 1.849395 5.008420
vt -2.693484 5.008410
vt -4.376972 5.008410
vt -4.517648 5.008410
vt -6.201151 5.008410
vt -6.364825 5.008410
vt -2.163033 5.008414
vt -2.221065 5.008414
vt -2.384739 5.008414
vt -0.157790 1.188681
vt -0.157790 0.957690
vt -0.157790 0.558956
vt -0.157790 0.431903
vt -0.157790 -0.188681
vt -6.295932 5.008410
vt -6.295932 4.115950
vt -6.295932 3.064196
vt -6.295932 2.661709
vt -6.295932 1.545408
vt -7.070592 -1.432160
vt -6.295932 1.022319
vt -7.012560 -1.487182
vt -2.289958 1.022319
vt -2.289958 1.545408
vt -2.289958 2.661709
vt -2.289958 3.064201
vt -2.289958 4.115955
vt -2.289958 5.008414
vt -2.289958 5.087863
vt -6.295932 5.087859
vt -2.590103 5.008410
vt -2.590103 4.115950
vt -2.590103 3.064196
vt -2.590103 2.661709
vt -2.590103 1.545408
vt -3.364764 -1.438923
vt -2.590103 1.022319
vt -3.422796 -1.493945
vt 1.967719 1.022325
vt 1.967719 1.545414
vt 1.967719 2.661715
vt 1.967719 3.064206
vt 1.967719 4.115961
vt 1.967719 5.008420
vt 1.967719 5.087869
vt -2.590103 5.087859
vt 2.484536 -1.467045
vt 1.205101 -1.467038
vt 1.205101 -1.575611
vt 2.484536 -1.575611
vt 1.205101 0.462421
vt 2.484536 0.462422
vt 0.743798 -1.467038
vt 0.743798 -1.575611
vt 0.743798 0.462421
vt -0.461655 -1.467037
vt -0.461655 -1.575611
vt -0.461655 0.462421
vt -1.484536 -1.467045
vt -1.484536 -1.575611
vt -1.484536 0.462421
vt 2.484536 2.421575
vt 1.205101 2.421567
vt 1.205101 0.492132
vt 2.484536 0.492132
vt 2.484536 2.540005
vt 1.205101 2.540005
vt 0.743798 2.421567
vt 0.743798 0.492132
vt 0.743798 2.540005
vt -0.461655 2.421567
vt -0.461655 0.492132
vt -0.461655 2.540005
vt -1.484536 2.421575
vt -1.484536 0.492132
vt -1.484536 2.540005
vt 0.970307 0.517267
vt 1.085900 0.664293
vt 1.051813 0.690946
vt 0.936286 0.544019
vt 3.118469 3.275638
vt 3.084328 3.302214
vt -1.128880 3.155188
vt -1.244473 3.302214
vt -1.278494 3.275462
vt -1.162966 3.128535
vt 0.903690 0.543843
vt 0.869548 0.517267
vt 0.268133 -2.275635
vt -1.764437 0.335688
vt -1.798524 0.309034
vt 0.233991 -2.302212
vt -1.890522 0.496057
vt -1.924532 0.469316
vt 0.462162 -2.141842
vt 2.494731 0.469481
vt 2.460590 0.496057
vt 0.428075 -2.115189
vt 0.336076 -2.302212
vt 0.302066 -2.275470
vt -2.174112 -0.570681
vt -2.174112 -2.302214
vt -2.147361 -2.302214
vt -2.147361 -0.570681
vt -2.174112 0.053638
vt -2.147361 0.053638
vt -2.174112 1.685060
vt -2.147361 1.685060
vt -2.174112 3.069387
vt -2.147361 3.069387
vt -2.084363 -2.302214
vt -2.084363 -0.570681
vt -2.110940 -0.570681
vt -2.110940 -2.302214
vt -2.084363 0.053638
vt -2.110940 0.053638
vt -2.084363 1.685060
vt -2.110940 1.685060
vt -2.084363 3.069387
vt -2.110940 3.069387
vt -2.048801 -0.570681
vt -2.048801 -2.302214
vt -2.022225 -2.302214
vt -2.022225 -0.570681
vt -2.048801 0.053638
vt -2.022225 0.053638
vt -2.048801 1.685060
vt -2.022225 1.685060
vt -2.048801 3.069387
vt -2.022225 3.069387
vt -1.959924 1.685060
vt -1.959924 3.069387
vt -1.986665 3.069387
vt -1.986665 1.685060
vt -1.959924 0.053638
vt -1.986665 0.053638
vt -1.959924 -0.570681
vt -1.986665 -0.570681
vt -1.959924 -2.302214
vt -1.986665 -2.302214
vt 1.591026 0.388982
vt 1.554279 0.388982
vt 1.554279 -0.158498
vt 2.007111 1.248137
vt 2.007111 0.629750
vt 1.956350 0.629750
vt 1.956350 1.248137
vt 1.517286 -0.161077
vt 2.007111 0.388547
vt 1.956350 0.388547
vt 2.007111 -0.161077
vt 1.956350 -0.161077
vt -1.007109 -0.161077
vt -0.843512 -5.109194
vt -1.007109 0.388547
vt -1.029813 -5.109194
vt -3.358586 -10.921568
vt -3.278932 -10.921568
vt -3.092629 -10.921568
vt -1.195604 -10.921568
vt -7.927877 -5.109194
vt -9.824903 -5.109194
vt -10.011204 -5.109194
vt -10.090858 -5.109194
vt -7.762087 -10.921568
vt -7.575785 -10.921568
vt 1.704609 -1.379907
vt 1.704609 -1.893247
vt 1.704609 -2.093476
vt 1.704609 -2.549732
vt -1.007109 0.629750
vt 0.510211 0.050117
vt -0.591028 0.629244
vt -0.591028 1.245218
vt -0.843512 -10.905069
vt -1.029813 -10.905069
vt -3.358586 -5.125694
vt -3.278931 -5.125694
vt -3.092629 -5.125694
vt -1.195604 -5.125694
vt -7.927877 -10.905069
vt -9.824903 -10.905069
vt -10.011204 -10.905069
vt -10.090858 -10.905069
vt -7.762087 -5.125694
vt -7.575785 -5.125694
vt 3.977678 -1.379906
vt 3.977678 -1.893246
vt 3.977678 -2.093476
vt -3.218452 -5.125694
vt -3.218452 -5.024977
vt -0.969335 -11.005785
vt -0.969335 -10.905069
vt -0.969335 -10.033877
vt -0.969335 -7.959777
vt -0.969335 -7.048640
vt -0.969335 -5.996885
vt -0.969335 -5.109194
vt -0.969335 -5.024977
vt -3.218452 -11.005786
vt -3.218453 -10.921568
vt -3.218452 -10.033877
vt -3.218452 -8.982123
vt -3.218452 -8.070985
vt -3.218452 -5.996885
vt -9.943012 -10.905069
vt -9.943012 -11.005786
vt -7.693895 -5.024977
vt -7.693895 -5.125694
vt -7.693895 -5.996885
vt -7.693895 -8.070985
vt -7.693895 -8.982123
vt -7.693895 -10.033877
vt -7.693895 -10.921568
vt -7.693895 -11.005786
vt -9.943012 -5.024977
vt -9.943012 -5.109194
vt -9.943012 -5.996885
vt -9.943012 -7.048640
vt -9.943012 -7.959778
vt -9.943012 -10.033877
vt -2.381608 0.478858
vt -2.381608 -1.310254
vt -1.544394 -1.310254
vt -1.544395 0.478859
vt -2.381608 -1.421605
vt -1.544394 -1.421610
vt -0.552448 -1.310254
vt -0.552448 0.478859
vt -0.552448 -1.421610
vt 0.306873 -1.310254
vt 0.306873 0.478859
vt 0.306878 -1.421610
vt 2.263033 -1.310254
vt 2.263032 0.478859
vt 2.263038 -1.421605
vt 3.084684 -1.310254
vt 3.084684 0.478859
vt 3.084684 -1.421605
vt 3.084684 0.632498
vt 3.084684 2.421610
vt 2.247472 2.421610
vt 2.247472 0.632498
vt 1.255525 0.632498
vt 1.255525 2.421610
vt 2.247472 0.513870
vt 3.084684 0.513870
vt 1.255525 0.513870
vt 0.396204 0.632498
vt 0.396204 2.421610
vt 0.396204 0.513870
vt -1.559956 0.632498
vt -1.559956 2.421610
vt -1.559961 0.513869
vt -2.381608 2.421610
vt -2.381608 0.632498
vt -2.381603 0.513869
vt 0.784636 -2.568896
vt 2.108521 -0.559959
vt 2.089471 -0.547468
vt 0.765615 -2.556361
vt 2.190118 -0.434880
vt 2.171039 -0.422434
vt 3.254033 -0.261920
vt 1.930148 1.747017
vt 1.911127 1.734483
vt 3.234982 -0.274410
vt 3.335630 -0.386999
vt 3.316554 -0.399445
vt -2.088440 -0.559959
vt -0.764572 -2.568896
vt -0.745551 -2.556361
vt -2.069390 -0.547468
vt -2.175367 -0.426711
vt -2.156288 -0.414264
vt 0.705919 -0.414264
vt -0.617948 -2.423201
vt -0.598898 -2.435692
vt 0.724940 -0.426799
vt -0.704876 -2.556449
vt -0.685797 -2.568896
vt -2.388453 2.628837
vt -2.388453 3.568896
vt -2.400990 3.568896
vt -2.400990 2.628837
vt -2.388453 1.515035
vt -2.400990 1.515035
vt -2.388453 0.550152
vt -2.400990 0.550152
vt -2.388453 -1.646310
vt -2.400990 -1.646310
vt -2.388453 -2.568896
vt -2.400990 -2.568896
vt -2.331294 -2.568896
vt -2.331294 -1.628837
vt -2.343744 -1.628837
vt -2.343744 -2.568896
vt -2.331294 -0.515036
vt -2.343744 -0.515036
vt -2.331294 0.449853
vt -2.343744 0.449853
vt -2.331294 2.646315
vt -2.343744 2.646315
vt -2.331294 3.568896
vt -2.343744 3.568896
vt -2.275077 -2.568896
vt -2.275077 -1.628837
vt -2.287615 -1.628837
vt -2.287615 -2.568896
vt -2.275077 -0.515036
vt -2.287615 -0.515036
vt -2.275077 0.449847
vt -2.287615 0.449847
vt -2.275077 2.646309
vt -2.287615 2.646309
vt -2.275077 3.568896
vt -2.287615 3.568896
vt -2.219048 2.628831
vt -2.219048 3.568890
vt -2.231492 3.568890
vt -2.231492 2.628831
vt -2.219048 1.515030
vt -2.231492 1.515030
vt -2.219048 0.550146
vt -2.231492 0.550146
vt -2.219048 -1.646322
vt -2.231492 -1.646322
vt -2.219048 -2.568896
vt -2.231492 -2.568896
vt -0.078580 3.743499
vt -0.078580 2.752782
vt -0.009123 2.752782
vt -0.009123 3.743499
vt -0.078580 1.578954
vt -0.009123 1.578954
vt -0.078580 3.837496
vt -0.009123 3.837496
vt -0.078580 0.562061
vt -0.009123 0.562061
vt -0.078580 -1.752773
vt -0.009123 -1.752773
vt -0.078580 -2.725080
vt -0.009123 -2.725080
vt -0.078580 -2.837494
vt -0.009123 -2.837494
vt 0.033286 -1.752780
vt 0.033286 -2.743497
vt 0.102743 -2.743497
vt 0.102743 -1.752780
vt 0.033286 -2.837494
vt 0.102743 -2.837494
vt 0.033286 -0.578952
vt 0.102743 -0.578952
vt 0.033286 0.437942
vt 0.102743 0.437942
vt 0.033286 2.752776
vt 0.102743 2.752776
vt 0.033286 3.725083
vt 0.102743 3.725083
vt 0.033286 3.837496
vt 0.102743 3.837496
vt -0.164648 -1.752782
vt -0.164648 -2.743499
vt -0.124814 -2.743499
vt -0.124814 -1.752782
vt -0.199356 -1.752782
vt -0.199356 -2.743499
vt -0.164648 -2.837496
vt -0.124814 -2.837496
vt -0.124814 -0.578954
vt -0.164648 -0.578954
vt -0.241400 -2.743499
vt -0.241400 -1.752782
vt -0.199356 -2.837496
vt -0.199356 -0.578954
vt -0.164648 0.437939
vt -0.124814 0.437939
vt -0.241400 -2.837496
vt -0.241400 -0.578954
vt -0.199356 0.437939
vt -0.164648 2.752780
vt -0.124814 2.752773
vt -0.241400 0.437939
vt -0.199356 2.752780
vt -0.124814 3.725080
vt -0.164648 3.725080
vt -0.241400 2.752773
vt -0.199356 3.725080
vt -0.124814 3.837494
vt -0.164648 3.837494
vt -0.241400 3.725080
vt -0.199356 3.837494
vt -0.241400 3.837494
vt 0.985895 -2.699010
vt 0.985895 2.330254
vt 0.826159 2.330254
vt 0.826159 -2.699010
vt 1.785377 -2.699010
vt 1.785377 1.976262
vt 1.234265 1.976262
vt 1.234265 -2.699010
vt 1.030212 2.330254
vt 1.030212 -2.699010
vt 1.189947 -2.699010
vt 1.189947 2.330254
vt 1.833647 1.976262
vt 1.833647 -2.699010
vt 2.384758 -2.699010
vt 2.384758 1.976262
vt 2.592825 -2.699023
vt 2.592825 -1.490668
vt 2.433090 -1.490668
vt 2.433090 -2.699023
vt 2.592825 -0.437788
vt 2.433090 -0.437788
vt 2.592825 0.837677
vt 2.433090 0.837677
vt 3.392313 -2.699023
vt 3.392313 -1.614220
vt 2.841201 -1.614220
vt 2.841201 -2.699023
vt 3.392313 -0.668969
vt 2.841201 -0.668969
vt 3.392313 0.476114
vt 2.841201 0.476114
vt 2.796883 -1.490668
vt 2.637148 -1.490668
vt 2.637148 -2.699023
vt 2.796883 -2.699023
vt 2.796883 -0.437788
vt 2.637148 -0.437788
vt 2.637148 0.837677
vt 2.796883 0.837677
vt 3.758835 1.587009
vt 3.207723 1.587009
vt 3.207723 0.502206
vt 3.758835 0.502206
vt 3.758835 2.532260
vt 3.207723 2.532260
vt 3.207723 3.677343
vt 3.758835 3.677343
vt 0.777866 2.330254
vt -0.430485 2.330254
vt -0.487738 2.153258
vt 0.597080 2.153258
vt -1.483369 2.330254
vt -1.432984 2.153258
vt 0.777866 -2.699010
vt 0.597080 -2.522014
vt -2.758834 2.330254
vt -2.578048 2.153258
vt -0.487738 -2.522014
vt -0.430485 -2.699010
vt -2.758834 -2.699010
vt -2.578048 -2.522014
vt -1.432984 -2.522014
vt -1.483369 -2.699010
vt 0.475134 0.046635
vt 0.486706 0.048566
vt 0.498422 0.049728
vt 3.094311 -2.565659
vt 3.094311 -2.747319
vt 3.328622 -2.747319
vt 3.328622 -2.565659
vt 3.094311 -2.427732
vt 3.328622 -2.427732
vt 3.094311 -2.140778
vt 3.328622 -2.140778
vt 3.094311 2.185559
vt 3.328622 2.185559
vt 3.094311 2.327496
vt 3.328622 2.327496
vt 3.055848 -2.747319
vt 3.055848 -2.565659
vt 2.821537 -2.565659
vt 2.821537 -2.747319
vt 3.055848 -2.410141
vt 2.821537 -2.410141
vt 3.055848 -2.140778
vt 2.821537 -2.140778
vt 3.055848 2.185559
vt 2.821537 2.185559
vt 3.055848 2.327496
vt 2.821537 2.327496
vt 2.548783 0.379572
vt 2.548783 0.331744
vt 2.783094 0.331744
vt 2.783094 0.379572
vt 2.548783 -2.470139
vt 2.783094 -2.470151
vt 2.548783 0.421244
vt 2.783094 0.421244
vt 2.548783 -2.645856
vt 2.783094 -2.645869
vt 2.548783 0.471711
vt 2.783094 0.471724
vt 2.548783 -2.747323
vt 2.783094 -2.747323
vt 2.548783 3.273594
vt 2.783094 3.273594
vt 2.548783 3.460795
vt 2.783094 3.460795
vt 2.548783 3.550778
vt 2.783094 3.550778
vt 3.496957 2.504102
vt 3.496957 2.590023
vt 3.262646 2.590023
vt 3.262646 2.504102
vt 3.496957 2.433184
vt 3.262646 2.433184
vt 3.496957 2.351785
vt 3.262646 2.351785
vt 2.369110 0.462304
vt 2.155447 0.477853
vt 2.155447 0.430026
vt 2.369110 0.380902
vt 2.369110 0.533227
vt 2.155447 0.519520
vt -2.138888 -2.371864
vt -1.957227 -2.470147
vt 2.511047 0.380906
vt 2.511047 0.462304
vt 2.155447 0.570000
vt 2.369110 0.619146
vt 2.511047 0.533227
vt -2.408249 -2.547588
vt -2.226590 -2.645868
vt 2.511047 0.619141
vt -2.138888 3.371877
vt -1.957227 3.470157
vt -2.563769 -2.649039
vt -2.382108 -2.747319
vt -2.244181 3.657349
vt -2.425840 3.559075
vt -2.382108 3.747323
vt -2.563769 3.649054
vt 3.187804 -2.515176
vt 3.187804 -2.346503
vt 2.952312 -2.346503
vt 2.952312 -2.515176
vt 3.187804 -2.218436
vt 2.952312 -2.218439
vt 3.187804 -1.951998
vt 2.952312 -1.952000
vt 3.187804 2.065037
vt 2.952312 2.065037
vt 3.187804 2.196826
vt 2.952312 2.196826
vt 2.675827 -2.346503
vt 2.675827 -2.515176
vt 2.911319 -2.515176
vt 2.911319 -2.346503
vt 2.675827 -2.202103
vt 2.911319 -2.202103
vt 2.675827 -1.951998
vt 2.911319 -1.951998
vt 2.675827 2.065037
vt 2.911319 2.065037
vt 2.675827 2.196826
vt 2.911319 2.196826
vt 2.634824 0.343773
vt 2.634824 0.388171
vt 2.399332 0.388171
vt 2.399332 0.343773
vt 2.634824 0.426863
vt 2.399332 0.426863
vt 2.634824 -2.257803
vt 2.399332 -2.257803
vt 2.634824 0.473734
vt 2.399332 0.473734
vt 2.634824 -2.420970
vt 2.399332 -2.420970
vt 2.634824 3.075298
vt 2.399332 3.075287
vt 2.634824 -2.515172
vt 2.399332 -2.515172
vt 2.634835 3.249116
vt 2.399332 3.249128
vt 2.634824 3.332667
vt 2.399332 3.332678
vt 3.219043 2.219482
vt 3.294621 2.219482
vt 3.294621 2.454973
vt 3.219043 2.454973
vt 3.153191 2.219482
vt 3.153191 2.454973
vt 3.073419 2.219482
vt 3.073419 2.454973
vt -2.027187 0.435022
vt -2.027187 0.479427
vt -2.225576 0.464991
vt -2.225576 0.389411
vt -2.027187 0.518115
vt -2.225576 0.530842
vt -2.357364 0.464991
vt -2.357364 0.389413
vt 1.960132 -2.166551
vt 1.791458 -2.257805
vt -2.027187 0.564980
vt -2.225576 0.610611
vt -2.357364 0.530842
vt 2.041563 -2.420969
vt 2.210237 -2.329715
vt 1.960135 3.166543
vt 1.791461 3.257797
vt -2.357364 0.610614
vt 2.185965 -2.515176
vt 2.354635 -2.423922
vt 2.226573 3.340375
vt 2.057899 3.431622
vt 2.354635 3.423932
vt 2.185965 3.515176
vt 0.861067 -0.158498
vt 3.232509 -2.093476
vt 0.861067 0.388982
vt 3.232509 -1.893247
vt -7.575785 -7.025725
vt 3.232509 -1.379906
vt -7.693895 -7.025725
vt -10.090858 -9.005037
vt -7.762087 -7.025725
vt -10.011204 -9.005037
vt -2.331294 1.556778
vt -9.943012 -9.005037
vt 1.292701 -1.421607
vt -2.343744 1.556778
vt 1.292696 -1.310254
vt -2.400990 -0.556773
vt 1.292696 0.478859
vt -0.078580 -0.604519
vt -2.388453 -0.556773
vt -0.124814 1.604519
vt -0.009123 -0.604519
vt -0.164648 1.604522
vt -0.199356 1.604522
vt -0.241400 1.604519
vt 0.102743 1.604521
vt 0.033286 1.604521
vt -2.275077 1.556772
vt -2.287615 1.556772
vt -0.589619 2.421610
vt -0.589619 0.632498
vt -2.231492 -0.556782
vt -0.589621 0.513869
vt -3.218452 -7.025725
vt -2.219048 -0.556782
vt -3.278931 -7.025725
vt -1.029813 -9.005037
vt -3.358586 -7.025725
vt -0.969335 -9.005037
vt -0.843512 -9.005037
vt 0.998768 1.248137
vt 0.998768 0.629750
vt 0.998767 0.388547
vt 0.998769 -0.161077
vt 1.000001 0.000000
vt 1.000001 1.000003
vt 0.000000 1.000003
vt 0.000000 0.000000
vt 0.000001 0.000003
vt 1.000001 0.000003
vt 1.000001 1.000003
vt 0.000001 1.000003
vt 0.073065 0.814550
vt -0.038585 0.604892
vt -0.391404 0.814550
vt -0.279754 0.604892
vt 0.937048 0.814550
vt 0.937048 0.185450
vt 1.046268 0.395107
vt 1.046268 0.604894
vt 1.391404 0.185450
vt 1.282186 0.395107
vt 1.391404 0.814550
vt 1.282186 0.604894
vt 0.103875 0.001992
vt 0.103875 0.622920
vt 0.001711 0.622920
vt 0.001711 0.001992
vt 0.212840 0.001994
vt 0.212840 0.622925
vt 0.110676 0.622925
vt 0.110676 0.001994
vt 0.321638 0.001992
vt 0.321638 0.609405
vt 0.219474 0.609405
vt 0.219474 0.001992
vt 0.430433 0.001992
vt 0.430433 0.609405
vt 0.328270 0.609405
vt 0.328270 0.001992
vt 0.539231 0.001992
vt 0.539231 0.498286
vt 0.437068 0.498286
vt 0.437068 0.001992
vt 0.648029 0.001994
vt 0.648029 0.498288
vt 0.545866 0.498288
vt 0.545866 0.001994
vt 0.756825 0.001994
vt 0.756825 0.498288
vt 0.654661 0.498288
vt 0.654661 0.001994
vt 0.857112 0.501714
vt 0.857112 0.998008
vt 0.754948 0.998008
vt 0.754948 0.501714
vt -1.442159 3.116383
vt -1.442160 3.486075
vt -2.618014 2.987399
vt -1.442160 3.908336
vt -1.442159 2.895249
vt -2.618014 2.988867
vt 5.834017 7.770848
vt -1.442159 3.079576
vt -1.442159 2.335033
vt 5.834017 7.770848
vt -1.306313 2.845144
vt -0.140380 4.257664
vt -0.140380 4.189275
vt -0.140380 3.036392
vt -0.140380 2.088676
vt -0.140380 1.714779
vt -0.140380 0.728103
vt -0.140380 -0.019289
vt -0.140380 -0.926689
vt -0.140380 -2.036383
vt -0.140384 -2.958275
vt 0.209617 -3.199852
vt -0.140380 -3.257662
vt 9.648507 9.136247
vt 0.157333 -3.199852
vt 9.642426 9.071530
vt 9.988807 7.770848
vt -2.339530 3.031631
vt -2.339530 3.030856
vt -1.084992 1.452279
vt -1.084992 1.267952
vt -2.618014 3.073620
vt -2.618014 3.074394
vt -1.084993 2.286659
vt -1.084993 1.864399
vt -1.084993 1.494707
vt -1.179062 3.116383
vt -1.179063 3.486075
vt -2.354917 2.987399
vt -1.179063 3.908335
vt -1.179062 2.895248
vt -2.354917 2.988867
vt 6.504862 7.770848
vt -1.179062 3.079576
vt -1.179062 2.335033
vt 6.504862 7.770848
vt -1.299902 2.845144
vt -0.175344 4.257664
vt -0.175344 4.189275
vt -0.175344 3.036392
vt -0.175344 2.088676
vt -0.175344 1.714779
vt -0.175344 0.728103
vt -0.175344 -0.019289
vt -0.175344 -0.926689
vt -0.175344 -2.036383
vt -0.175346 -2.958274
vt 0.209617 -3.164888
vt -0.175344 -3.257662
vt 9.620682 9.136247
vt 0.157333 -3.164888
vt 9.626079 9.071530
vt 9.317961 7.770848
vt -2.602628 3.031631
vt -2.602628 3.030856
vt -1.348089 1.452279
vt -1.348089 1.267952
vt -2.354917 3.073620
vt -2.354917 3.074394
vt -1.348090 2.286659
vt -1.348090 1.864399
vt -1.348090 1.494707
vt 0.000001 -0.000003
vt 0.999999 -0.000003
vt 0.999999 0.999999
vt 0.000001 0.999999
vt 0.154687 0.661193
vt 0.154687 0.338807
vt 0.189679 0.338807
vt 0.189679 0.661193
vt 0.192126 0.661193
vt 0.192126 0.338807
vt 0.227118 0.338807
vt 0.227118 0.661193
vt 0.229506 0.564672
vt 0.229506 0.338807
vt 0.264498 0.338807
vt 0.264498 0.564672
vt 0.266886 0.564672
vt 0.266886 0.338807
vt 0.301878 0.338807
vt 0.301878 0.564672
vt -1.620519 -3.133580
vt -1.752535 -3.013357
vt -1.941150 -3.220471
vt -1.809143 -3.340711
vt 1.368288 0.414385
vt 1.523572 0.354299
vt -2.061313 -3.352453
vt -1.929297 -3.472667
vt 1.523572 0.468587
vt 1.368288 0.481536
vt 1.523572 0.535344
vt 1.368288 0.520768
vt 1.623404 0.468587
vt 1.623413 0.354299
vt 1.368288 0.585624
vt 1.523572 0.645735
vt 1.623413 0.535344
vt 1.623413 0.645735
vt -1.752535 4.013324
vt -1.620519 4.133564
vt -1.827676 4.361077
vt -1.959683 4.240837
vt -1.929297 4.472667
vt -2.061313 4.352436
vt 1.881973 0.414377
vt 1.881973 0.479232
vt 1.675910 0.479232
vt 1.675910 0.414377
vt 1.881973 0.518465
vt 1.675910 0.518465
vt 1.881973 -3.013323
vt 1.675910 -3.013323
vt 1.881973 0.585616
vt 1.675910 0.585616
vt 1.881973 -3.240837
vt 1.675910 -3.240837
vt 1.881973 4.013358
vt 1.675910 4.013358
vt 1.881973 -3.352435
vt 1.675910 -3.352435
vt 1.881973 4.220472
vt 1.675910 4.220472
vt 1.881973 -3.472667
vt 1.675910 -3.472667
vt 1.881973 4.352453
vt 1.675910 4.352453
vt 1.881973 4.472667
vt 1.675910 4.472667
vt 2.654895 -3.291622
vt 2.654895 -3.181231
vt 2.448832 -3.181231
vt 2.448832 -3.291622
vt 2.654895 -3.358379
vt 2.448832 -3.358379
vt 2.654895 -3.472667
vt 2.448832 -3.472667
vt 2.397255 -3.472662
vt 2.397255 -3.372822
vt 2.191193 -3.372822
vt 2.191193 -3.472662
vt 2.397255 -0.228731
vt 2.191193 -0.228731
vt 2.397255 -0.021574
vt 2.191193 -0.021574
vt 2.397255 0.080047
vt 2.191193 0.080047
vt 2.139613 -0.019797
vt 2.139613 0.080043
vt 1.933550 0.080043
vt 1.933550 -0.019797
vt 2.139613 -3.163888
vt 1.933550 -3.163888
vt 2.139613 -3.352513
vt 1.933550 -3.352513
vt 2.139613 -3.472667
vt 1.933550 -3.472667
vt -1.511331 -4.031436
vt -1.653496 -3.881506
vt -1.846030 -4.126373
vt -1.703864 -4.276314
vt 1.707123 0.393219
vt 1.874323 0.318275
vt -1.985985 -4.304381
vt -1.843830 -4.454322
vt 1.707123 0.606782
vt 1.874323 0.681758
vt -1.653496 4.881464
vt -1.511331 5.031415
vt -1.721348 5.298529
vt -1.863503 5.148589
vt -1.843830 5.454312
vt -1.985985 5.304382
vt 2.155525 0.393213
vt 2.155525 0.606777
vt 1.939537 0.606777
vt 1.939537 0.393213
vt 2.155525 4.881496
vt 1.939537 4.881496
vt 2.155525 -3.881474
vt 1.939537 -3.881474
vt 2.155525 5.126368
vt 1.939537 5.126368
vt 2.155525 -4.148593
vt 1.939537 -4.148593
vt 2.155525 5.304372
vt 1.939537 5.304372
vt 2.155525 -4.304381
vt 1.939537 -4.304381
vt 2.155525 5.454318
vt 1.939537 5.454318
vt 2.155525 -4.454322
vt 1.939537 -4.454322
vt 2.431840 0.318275
vt 2.431840 0.681747
vt 2.215852 0.681747
vt 2.215852 0.318275
vt 2.431840 5.031404
vt 2.215852 5.031404
vt 2.431840 -4.031446
vt 2.215852 -4.031446
vt 2.431840 5.298529
vt 2.215852 5.298529
vt 2.431840 -4.276314
vt 2.215852 -4.276314
vt 2.431840 5.454323
vt 2.215852 5.454323
vt 2.431840 -4.454322
vt 2.215852 -4.454322
vn 0.000001 0.000000 1.000000
vn 0.000000 0.000000 1.000000
vn -0.000000 0.000000 1.000000
vn 0.000000 0.000000 1.000000
vn 0.000000 0.000000 1.000000
vn 0.000002 0.000000 1.000000
vn -0.000004 0.000000 1.000000
vn 0.000002 0.000000 1.000000
vn -0.000001 0.000000 1.000000
vn 0.000001 0.000000 1.000000
vn 0.000001 0.000000 1.000000
vn 0.000000 0.000000 1.000000
vn -0.000002 0.000000 1.000000
vn -0.000001 0.000000 1.000000
vn 0.000002 0.000000 1.000000
vn 0.000002 0.000000 1.000000
vn 0.000000 0.000000 1.000000
vn -0.000000 0.000000 1.000000
vn -0.000001 0.000000 1.000000
vn -0.000000 0.000000 1.000000
vn 0.000001 0.000000 1.000000
vn 0.000000 0.000000 1.000000
vn 0.000000 0.000000 1.000000
vn -0.000002 0.000000 1.000000
vn 0.000000 0.000000 1.000000
vn -0.000000 0.000000 1.000000
vn -0.000001 0.000000 1.000000
vn -0.000002 0.000000 1.000000
vn -0.000005 0.000000 1.000000
vn -0.000001 0.000000 1.000000
vn 0.000001 0.000000 1.000000
vn 0.000000 0.000000 1.000000
vn -0.000001 0.000000 1.000000
vn -0.000000 0.000000 1.000000
vn 0.000003 0.000000 1.000000
vn 0.000003 0.000000 1.000000
vn -0.000000 0.000000 1.000000
vn 0.000002 0.000000 1.000000
vn 0.000000 0.000000 1.000000
vn -0.000001 0.000000 1.000000
vn -0.000001 0.000000 1.000000
vn 0.000000 0.000000 1.000000
vn 0.000000 0.000000 1.000000
vn 0.000000 0.000000 1.000000
vn -0.000003 0.000000 1.000000
vn -0.000003 0.000000 1.000000
vn 0.000000 0.000000 1.000000
vn 0.000000 0.000000 1.000000
vn 0.000002 0.000000 1.000000
vn 0.000002 0.000000 1.000000
vn -0.000003 0.000000 1.000000
vn -0.000003 0.000000 1.000000
vn -0.000041 1.000000 0.000000
vn -0.000039 1.000000 -0.000002
vn -0.000073 1.000000 -0.000002
vn -0.000076 1.000000 0.000000
vn 0.000040 1.000000 0.000000
vn 0.000038 1.000000 -0.000002
vn 0.000069 1.000000 -0.000002
vn 0.000072 1.000000 0.000000
vn 0.000000 0.000000 1.000000
vn 0.000000 0.000000 1.000000
vn 0.000000 0.000000 1.000000
vn 0.000000 0.000000 1.000000
vn 0.000000 0.000000 1.000000
vn 0.000000 0.000000 1.000000
vn 0.834995 0.550257 0.000000
vn 0.835143 0.550033 0.000000
vn 0.835143 0.550033 0.000000
vn 0.834996 0.550257 0.000000
vn 0.000000 0.000000 1.000000
vn 0.000000 0.000000 1.000000
vn 0.837516 0.546413 0.000000
vn 0.837514 0.546416 0.000000
vn 0.879551 -0.475805 0.000000
vn 0.879551 -0.475805 0.000000
vn 0.879551 -0.475805 0.000000
vn 0.879551 -0.475805 0.000000
vn -0.837527 -0.546395 0.000000
vn -0.837544 -0.546369 0.000000
vn -0.837544 -0.546370 0.000000
vn -0.837528 -0.546395 0.000000
vn 0.000000 0.000000 1.000000
vn 0.000000 0.000000 1.000000
vn -0.000076 1.000000 0.000000
vn -0.000041 1.000000 0.000000
vn 0.000040 1.000000 0.000000
vn 0.000072 1.000000 0.000000
vn 0.000000 0.000000 1.000000
vn 0.000000 0.000000 1.000000
vn 0.000002 0.000000 1.000000
vn 0.000002 0.000000 1.000000
vn 0.835143 0.550033 0.000000
vn 0.834996 0.550257 0.000000
vn 0.000000 0.000000 1.000000
vn 0.000000 0.000000 1.000000
vn 1.000000 0.000000 0.000000
vn 1.000000 -0.000000 0.000000
vn 1.000000 -0.000000 0.000000
vn 1.000000 0.000000 0.000000
vn 0.000000 1.000000 0.000000
vn 0.000000 1.000000 0.000000
vn 0.000000 1.000000 0.000000
vn 0.000000 1.000000 0.000000
vn 0.000000 0.000000 1.000000
vn 0.000000 0.000000 1.000000
vn 0.000000 0.000000 1.000000
vn 0.000000 0.000000 1.000000
vn 0.000000 0.000000 1.000000
vn 0.000000 -1.000000 0.000000
vn 0.000000 -1.000000 0.000000
vn 0.000000 -1.000000 0.000000
vn 0.000000 -1.000000 0.000000
vn -0.835155 0.550014 0.000000
vn -0.834999 0.550252 0.000000
vn -0.834999 0.550252 0.000000
vn -0.835155 0.550014 0.000000
vn 0.837513 0.546417 0.000000
vn 0.000000 1.000000 0.000000
vn 0.000000 1.000000 0.000000
vn 0.000000 0.000000 1.000000
vn 0.000000 0.000000 1.000000
vn 0.879550 -0.475807 0.000000
vn 0.879550 -0.475807 0.000000
vn -0.837543 -0.546371 0.000000
vn -0.837528 -0.546395 0.000000
vn 0.000000 -1.000000 0.000000
vn 0.000000 -1.000000 0.000000
vn 1.000000 0.000000 0.000000
vn 1.000000 0.000000 0.000000
vn 1.000000 0.000000 0.000000
vn 1.000000 0.000000 0.000000
vn 0.000000 0.000000 1.000000
vn 0.000000 0.000000 1.000000
vn 0.000001 0.000000 1.000000
vn 0.000001 0.000000 1.000000
vn -1.000000 0.000000 0.000000
vn -1.000000 0.000000 0.000000
vn -1.000000 0.000000 0.000000
vn -1.000000 0.000000 0.000000
vn 0.000000 1.000000 0.000000
vn 0.000000 1.000000 0.000000
vn 0.000000 -1.000000 0.000000
vn 0.000000 -1.000000 0.000000
vn -0.000041 1.000000 0.000000
vn -0.000076 1.000000 0.000000
vn 0.000040 1.000000 0.000000
vn 0.000072 1.000000 0.000000
vn 0.000000 0.000000 1.000000
vn 0.000000 0.000000 1.000000
vn 0.000000 0.000000 1.000000
vn 0.000000 0.000000 1.000000
vn 0.000000 0.000000 1.000000
vn 0.000000 0.000000 1.000000
vn 0.000000 0.000000 1.000000
vn 0.000000 0.000000 1.000000
vn 0.000000 0.000000 1.000000
vn 0.000000 0.000000 1.000000
vn 0.000000 0.000000 1.000000
vn 0.835143 0.550033 0.000000
vn 0.834995 0.550257 0.000000
vn 1.000000 -0.000000 0.000000
vn 1.000000 -0.000000 0.000000
vn 0.000000 0.000000 1.000000
vn 0.000000 0.000000 1.000000
vn 0.000000 -1.000000 0.000000
vn 0.000000 -1.000000 0.000000
vn 0.000000 -1.000000 0.000000
vn 0.000000 -1.000000 0.000000
vn 0.000000 0.000000 1.000000
vn 0.000000 0.000000 1.000000
vn 0.000000 1.000000 0.000000
vn 0.000000 1.000000 0.000000
vn 0.000000 1.000000 0.000000
vn 0.000000 1.000000 0.000000
vn 1.000000 0.000000 0.000000
vn 1.000000 0.000000 0.000000
vn 1.000000 0.000000 0.000000
vn 1.000000 0.000000 0.000000
vn 0.000001 0.000000 1.000000
vn 0.000001 0.000000 1.000000
vn -1.000000 0.000000 0.000000
vn -1.000000 0.000000 0.000000
vn -1.000000 0.000000 0.000000
vn -1.000000 0.000000 0.000000
vn 1.000000 0.000000 0.000000
vn 1.000000 0.000000 0.000000
vn 1.000000 0.000000 0.000000
vn 1.000000 0.000000 0.000000
vn 0.000000 0.000000 1.000000
vn 0.000000 0.000000 1.000000
vn 0.000000 -1.000000 0.000000
vn 0.000000 -1.000000 0.000000
vn 0.000000 1.000000 0.000000
vn 0.000000 1.000000 0.000000
vn 0.837515 0.546415 0.000000
vn -0.835155 0.550014 0.000000
vn -0.834999 0.550252 0.000000
vn 0.000000 0.000000 1.000000
vn 0.000000 0.000000 1.000000
vn 0.879550 -0.475807 0.000000
vn 0.879550 -0.475807 0.000000
vn 0.000000 1.000000 0.000000
vn 0.000000 1.000000 0.000000
vn 0.000000 -1.000000 0.000000
vn 0.000000 -1.000000 0.000000
vn -0.837544 -0.546370 0.000000
vn -0.837528 -0.546395 0.000000
vn 1.000000 0.000000 0.000000
vn 1.000000 0.000001 0.000000
vn 1.000000 -0.000002 0.000000
vn 1.000000 -0.000002 0.000000
vn 0.000001 0.000000 1.000000
vn 0.000001 0.000000 1.000000
vn 0.000003 0.000000 1.000000
vn 0.000003 0.000000 1.000000
vn 0.000000 0.000000 1.000000
vn 0.000000 0.000000 1.000000
vn 0.000000 0.000000 1.000000
vn 0.000000 0.000000 1.000000
vn 0.000000 0.000000 1.000000
vn 1.000000 0.000000 0.000000
vn 1.000000 0.000001 0.000000
vn 0.000000 0.786102 0.618096
vn 0.000000 0.788967 0.614435
vn 0.000000 0.788967 0.614435
vn -0.000001 0.786111 0.618086
vn 0.000000 -0.725697 0.688015
vn 0.000000 -0.725697 0.688015
vn 0.000000 -0.725696 0.688015
vn 0.000000 -0.725696 0.688015
vn 1.000000 0.000000 0.000000
vn 1.000000 0.000000 0.000000
vn 0.000000 -0.786106 -0.618092
vn 0.000000 -0.786106 -0.618092
vn 0.000000 -0.786106 -0.618092
vn 0.000000 -0.786105 -0.618093
vn 0.000000 0.789129 0.614228
vn 0.000000 0.789129 0.614228
vn 1.000000 -0.000000 0.000000
vn 1.000000 -0.000000 0.000000
vn -0.740499 -0.672057 0.000000
vn -0.685274 -0.728286 0.000000
vn -0.685274 -0.728286 0.000000
vn -0.740499 -0.672057 0.000000
vn -0.624908 -0.780699 0.000000
vn -0.624908 -0.780699 0.000000
vn -0.790424 -0.612560 0.000000
vn -0.790424 -0.612560 0.000000
vn -0.559567 -0.828785 0.000000
vn -0.559567 -0.828785 0.000000
vn -0.834808 -0.550541 0.000000
vn -0.834808 -0.550541 0.000000
vn -0.489552 -0.871974 0.000000
vn -0.489552 -0.871974 0.000000
vn 1.000000 0.000000 0.000000
vn 1.000000 -0.000002 0.000000
vn -0.873922 -0.486067 0.000000
vn -0.873922 -0.486067 0.000000
vn -0.415165 -0.909746 0.000000
vn -0.415165 -0.909746 0.000000
vn -0.907667 -0.419691 0.000000
vn -0.907667 -0.419691 0.000000
vn -0.337034 -0.941493 0.000000
vn -0.337034 -0.941493 0.000000
vn -0.936008 -0.351980 0.000000
vn -0.936008 -0.351980 0.000000
vn -0.255720 -0.966751 0.000000
vn -0.255720 -0.966751 0.000000
vn -0.959148 -0.282905 0.000000
vn -0.959148 -0.282905 0.000000
vn -0.837522 0.546403 0.000000
vn -0.837522 0.546403 0.000000
vn -0.837522 0.546404 0.000000
vn -0.837522 0.546404 0.000000
vn -0.171940 -0.985107 0.000000
vn -0.171940 -0.985107 0.000000
vn 1.000000 0.000000 0.000000
vn 1.000000 0.000000 0.000000
vn 1.000000 0.000000 0.000000
vn -0.977064 -0.212946 0.000000
vn -0.977064 -0.212946 0.000000
vn -0.086420 -0.996259 0.000000
vn -0.086420 -0.996259 0.000000
vn -0.989817 -0.142347 0.000000
vn -0.989817 -0.142347 0.000000
vn 0.837527 -0.546396 0.000000
vn 0.837533 -0.546386 0.000000
vn 0.837532 -0.546388 0.000000
vn 0.837527 -0.546397 0.000000
vn 0.000000 -1.000000 0.000000
vn 0.000000 -1.000000 0.000000
vn -0.997458 -0.071260 0.000000
vn -0.997458 -0.071260 0.000000
vn 0.086410 -0.996260 0.000000
vn 0.086410 -0.996260 0.000000
vn -0.999999 -0.001091 0.000000
vn -0.999999 -0.001091 0.000000
vn -0.000041 1.000000 0.000000
vn -0.000076 1.000000 0.000000
vn 0.171909 -0.985113 0.000000
vn 0.171909 -0.985113 0.000000
vn 0.000040 1.000000 0.000000
vn 0.255674 -0.966763 0.000000
vn 0.255674 -0.966763 0.000000
vn 0.337092 -0.941472 0.000000
vn 0.337092 -0.941472 0.000000
vn 0.000072 1.000000 0.000000
vn -0.879551 -0.475804 0.000000
vn -0.879551 -0.475804 0.000000
vn -0.879552 -0.475803 0.000000
vn -0.879552 -0.475803 0.000000
vn 0.000000 1.000000 0.000000
vn 0.000000 1.000000 0.000000
vn 0.000000 1.000000 0.000000
vn 0.000000 1.000000 0.000000
vn 0.415197 -0.909732 0.000000
vn 0.415197 -0.909732 0.000000
vn 0.489528 -0.871988 0.000000
vn 0.489528 -0.871988 0.000000
vn 0.559669 -0.828717 0.000000
vn 0.559669 -0.828717 0.000000
vn -0.835155 0.550014 0.000000
vn -0.834999 0.550252 0.000000
vn 0.624857 -0.780739 0.000000
vn 0.624857 -0.780739 0.000000
vn 0.685250 -0.728308 0.000000
vn 0.685250 -0.728308 0.000000
vn 0.740490 -0.672068 0.000000
vn 0.740490 -0.672068 0.000000
vn 0.835143 0.550033 0.000000
vn 0.834995 0.550257 0.000000
vn 0.790369 -0.612631 0.000000
vn 0.790369 -0.612631 0.000000
vn 0.834805 -0.550546 0.000000
vn 0.834805 -0.550546 0.000000
vn -1.000000 0.000000 0.000000
vn -1.000000 0.000000 0.000000
vn 0.873878 -0.486146 0.000000
vn 0.873878 -0.486146 0.000000
vn 0.000000 0.000000 1.000000
vn 0.907653 -0.419721 0.000000
vn 0.907653 -0.419721 0.000000
vn -1.000000 0.000000 0.000000
vn -1.000000 -0.000000 0.000000
vn -1.000000 0.000000 0.000000
vn -1.000000 0.000000 0.000000
vn 0.000000 0.788968 0.614434
vn 0.000000 0.788968 0.614434
vn 0.000000 0.786138 0.618052
vn 0.000000 0.786137 0.618052
vn 0.936068 -0.351819 0.000000
vn 0.936068 -0.351819 0.000000
vn 0.000000 -0.725696 0.688015
vn 0.000000 -0.725696 0.688015
vn 0.959157 -0.282874 0.000000
vn 0.959157 -0.282874 0.000000
vn 0.977050 -0.213012 0.000000
vn 0.977050 -0.213012 0.000000
vn 1.000000 -0.000000 0.000000
vn 0.989839 -0.142190 0.000000
vn 0.989839 -0.142190 0.000000
vn 0.000000 -0.786106 -0.618092
vn 0.000000 -0.786105 -0.618093
vn 0.997462 -0.071202 0.000000
vn 0.997462 -0.071202 0.000000
vn 0.000000 0.000000 1.000000
vn 0.000000 0.000000 1.000000
vn 0.999999 -0.001091 0.000000
vn 0.999999 -0.001091 0.000000
vn 0.000000 0.789128 0.614229
vn 0.000000 0.789128 0.614229
vn 0.837515 0.546415 0.000000
vn 1.000000 0.000000 0.000000
vn 0.000000 0.000000 1.000000
vn 0.000000 0.000000 1.000000
vn 0.000000 0.000000 1.000000
vn 0.000000 0.000000 1.000000
vn 0.879550 -0.475807 0.000000
vn 0.879550 -0.475807 0.000000
vn -0.837544 -0.546370 0.000000
vn -0.837527 -0.546395 0.000000
vn 1.000000 0.000000 0.000000
vn 0.000000 1.000000 0.000000
vn 0.000000 1.000000 0.000000
vn 0.000000 0.000000 1.000000
vn -0.837521 0.546405 0.000000
vn -0.837521 0.546405 0.000000
vn 0.837526 -0.546397 0.000000
vn 0.837532 -0.546389 0.000000
vn 1.000000 0.000000 0.000000
vn 1.000000 0.000000 0.000000
vn -0.879552 -0.475803 0.000000
vn -0.879552 -0.475803 0.000000
vn 0.000000 0.788968 0.614434
vn 0.000000 0.786137 0.618052
vn 0.000000 -0.725696 0.688016
vn 0.000000 -0.725696 0.688016
vn 0.000000 0.000000 1.000000
vn 0.000000 0.000000 1.000000
vn 0.000000 -0.786106 -0.618092
vn 0.000000 -0.786106 -0.618092
vn -1.000000 -0.000000 0.000000
vn -1.000000 0.000000 0.000000
vn 1.000000 -0.000002 0.000000
vn 1.000000 0.000000 0.000000
vn 1.000000 -0.000000 0.000000
vn 0.000000 0.789128 0.614229
vn -1.000000 0.000000 0.000000
vn -1.000000 0.000000 0.000000
vn 0.000000 1.000000 0.000000
vn 0.000000 1.000000 0.000000
vn -0.000018 1.000000 0.000002
vn -0.000034 1.000000 0.000002
vn 0.000000 0.000000 1.000000
vn 0.000000 0.000000 1.000000
vn 0.000000 1.000000 0.000000
vn 0.000018 1.000000 0.000002
vn 0.000000 1.000000 0.000000
vn 0.000032 1.000000 0.000002
vn 0.000000 0.789124 -0.614233
vn 0.000000 0.788951 -0.614457
vn 0.000000 0.788951 -0.614457
vn 0.000000 0.789124 -0.614233
vn -0.835155 0.550014 0.000000
vn -0.834999 0.550252 0.000000
vn 1.000000 0.000000 0.000000
vn 0.000000 1.000000 0.000000
vn 0.000000 1.000000 0.000000
vn 0.835142 0.550034 0.000000
vn 0.834994 0.550259 0.000000
vn 0.834994 0.550259 0.000000
vn 0.835142 0.550034 0.000000
vn -0.837522 0.546404 0.000000
vn -0.837522 0.546404 0.000000
vn 0.837527 -0.546397 0.000000
vn 0.837533 -0.546387 0.000000
vn 0.000000 0.788968 0.614434
vn 0.000000 0.786137 0.618053
vn 0.000000 -0.725695 0.688016
vn 0.000000 -0.725695 0.688016
vn 0.000000 -0.786106 -0.618092
vn 0.000000 -0.786106 -0.618092
vn -0.000001 0.000000 -1.000000
vn 0.000000 0.000000 -1.000000
vn 0.000000 0.000000 -1.000000
vn -0.000001 0.000000 -1.000000
vn -0.879552 -0.475804 0.000000
vn -0.879552 -0.475804 0.000000
vn 0.000000 0.000000 -1.000000
vn 0.000000 0.000000 -1.000000
vn 0.000002 0.000000 -1.000000
vn 0.000002 0.000000 -1.000000
vn 0.000000 0.789128 0.614229
vn 1.000000 0.000000 0.000000
vn 1.000000 0.000000 0.000000
vn 0.837523 0.546401 0.000000
vn 0.837534 0.546385 0.000000
vn -1.000000 -0.000000 0.000000
vn -1.000000 0.000000 0.000000
vn 0.879550 -0.475807 0.000000
vn 0.879550 -0.475807 0.000000
vn 0.879550 -0.475806 0.000000
vn 0.879550 -0.475806 0.000000
vn 0.000000 0.000000 1.000000
vn -0.000000 0.000000 1.000000
vn -0.837505 -0.546430 -0.000002
vn -0.837528 -0.546395 -0.000018
vn -0.837527 -0.546395 0.000000
vn -0.837543 -0.546371 0.000000
vn 1.000000 0.000000 0.000000
vn -1.000000 0.000000 0.000000
vn -0.000001 0.000000 -1.000000
vn -0.000001 0.000000 -1.000000
vn 0.000000 1.000000 0.000000
vn 0.000000 1.000000 0.000000
vn -1.000000 0.000000 0.000000
vn -1.000000 0.000000 0.000000
vn -0.000000 0.788952 -0.614454
vn 0.000000 0.788952 -0.614454
vn 0.000000 0.789126 -0.614232
vn 0.000000 0.789126 -0.614232
vn 0.000000 0.000000 1.000000
vn 0.000000 0.000000 1.000000
vn 0.000000 0.000000 1.000000
vn 0.000000 0.000000 1.000000
vn 0.000000 0.000000 -1.000000
vn 0.000000 0.000000 -1.000000
vn 0.000000 0.000000 -1.000000
vn 0.000000 0.000000 -1.000000
vn 0.000000 0.000000 -1.000000
vn 0.000000 0.000000 -1.000000
vn 1.000000 0.000000 0.000000
vn 1.000000 0.000000 0.000000
vn 1.000000 0.000000 0.000000
vn 1.000000 0.000000 0.000000
vn 0.000000 0.788968 0.614434
vn 0.000000 0.786137 0.618053
vn 0.000000 -0.725695 0.688017
vn 0.000000 -0.725695 0.688017
vn 0.000000 0.000000 1.000000
vn 0.000000 0.000000 1.000000
vn 0.000000 0.000000 1.000000
vn 0.000000 0.000000 1.000000
vn 1.000000 0.000000 0.000000
vn 1.000000 0.000000 0.000000
vn 1.000000 0.000000 0.000000
vn 1.000000 0.000000 0.000000
vn 0.000000 -0.786106 -0.618092
vn 0.000000 -0.786106 -0.618092
vn 0.000000 0.000000 -1.000000
vn 0.000000 0.000000 -1.000000
vn 0.000000 0.789128 0.614229
vn 1.000000 0.000000 0.000000
vn -0.834997 0.550255 0.000000
vn -0.835154 0.550016 -0.000000
vn -0.835154 0.550016 0.000000
vn -0.834997 0.550255 0.000000
vn -1.000000 -0.000000 0.000000
vn 0.000000 0.788953 -0.614454
vn 0.000000 0.789125 -0.614232
vn 0.000000 -0.786130 0.618061
vn 0.000000 -0.786131 0.618060
vn 0.000000 -0.786131 0.618060
vn 0.000000 -0.786129 0.618062
vn 0.000000 0.786125 -0.618068
vn 0.000000 0.786130 -0.618061
vn 0.000000 0.786130 -0.618061
vn 0.000000 0.786127 -0.618065
vn 0.000000 0.000000 1.000000
vn 0.000000 0.000000 1.000000
vn -1.000000 0.000000 0.000000
vn -0.837521 0.546405 0.000000
vn -0.837521 0.546405 0.000000
vn 0.000000 1.000000 0.000000
vn 0.000000 1.000000 0.000000
vn 0.837527 -0.546397 0.000000
vn 0.837533 -0.546387 0.000000
vn 0.000000 -0.725689 -0.688023
vn 0.000000 -0.725689 -0.688023
vn 0.000000 -0.725688 -0.688024
vn 0.000000 -0.725688 -0.688024
vn -1.000000 -0.000000 0.000000
vn -1.000000 -0.000000 0.000000
vn -1.000000 0.000000 0.000000
vn -1.000000 0.000000 0.000000
vn 0.000000 0.000000 -1.000000
vn 0.000000 0.000000 -1.000000
vn -0.879551 -0.475804 0.000000
vn -0.879551 -0.475804 0.000000
vn -1.000000 -0.000000 0.000000
vn -1.000000 -0.000000 0.000000
vn 0.000001 0.000000 -1.000000
vn 0.000002 0.000000 -1.000000
vn 1.000000 0.000000 0.000000
vn 1.000000 0.000000 0.000000
vn 0.000000 0.000000 -1.000000
vn 0.000000 0.000000 -1.000000
vn -1.000000 -0.000000 0.000000
vn -1.000000 -0.000000 0.000000
vn 1.000000 0.000000 0.000000
vn 1.000000 0.000000 0.000000
vn 1.000000 0.000000 0.000000
vn 1.000000 0.000000 0.000000
vn -1.000000 0.000000 0.000000
vn -1.000000 0.000000 0.000000
vn 0.000000 0.788953 -0.614454
vn 0.000000 0.789126 -0.614232
vn 0.000000 0.000000 1.000000
vn 0.000000 0.000000 1.000000
vn 0.000000 0.000000 1.000000
vn 0.000000 0.000000 1.000000
vn 0.000000 0.000000 1.000000
vn 0.000000 0.000000 1.000000
vn 0.000000 -0.786131 0.618060
vn 0.000000 -0.786129 0.618063
vn 0.000000 0.786130 -0.618061
vn 0.000000 0.786130 -0.618061
vn 0.000000 0.000000 -1.000000
vn 0.000000 0.000000 -1.000000
vn 0.000000 0.000000 -1.000000
vn 0.000000 0.000000 -1.000000
vn -1.000000 0.000000 0.000000
vn 0.000000 -0.725688 -0.688024
vn 0.000000 -0.725688 -0.688024
vn 1.000000 -0.000000 0.000000
vn 1.000000 0.000000 0.000000
vn 1.000000 0.000000 0.000000
vn 1.000000 0.000000 0.000000
vn 1.000000 -0.000000 0.000000
vn 1.000000 0.000000 0.000000
vn 1.000000 -0.000000 0.000000
vn 1.000000 0.000000 0.000000
vn 1.000000 0.000000 0.000000
vn 1.000000 0.000000 0.000000
vn -1.000000 0.000000 0.000000
vn -1.000000 0.000000 0.000000
vn -1.000000 0.000000 0.000000
vn -1.000000 0.000000 0.000000
vn 0.000000 0.000000 -1.000000
vn 1.000000 0.000000 0.000000
vn 1.000000 0.000000 0.000000
vn 0.000000 0.739370 0.673299
vn -0.000004 0.742573 0.669765
vn -0.000004 0.742573 0.669765
vn 0.000000 0.739377 0.673291
vn 0.000000 0.000000 -1.000000
vn 0.000000 0.000000 -1.000000
vn 0.000000 -0.673251 0.739414
vn 0.000000 -0.673251 0.739414
vn 0.000000 -0.673252 0.739413
vn 0.000000 -0.673252 0.739413
vn 0.000000 0.000000 1.000000
vn 0.000000 0.000000 1.000000
vn 0.000000 0.000000 1.000000
vn 0.000000 0.000000 1.000000
vn -0.000004 0.742764 0.669553
vn -0.000004 0.742764 0.669553
vn 0.000000 -0.739368 -0.673302
vn 0.000000 -0.739389 -0.673279
vn 0.000000 -0.739389 -0.673278
vn 0.000000 -0.739367 -0.673302
vn -1.000000 0.000000 0.000000
vn 0.000000 -0.786131 0.618060
vn 0.000000 -0.786129 0.618063
vn 0.000000 0.786130 -0.618062
vn 0.000000 0.786130 -0.618062
vn -0.837523 0.546402 -0.000005
vn -0.837518 0.546409 -0.000005
vn -0.837522 0.546404 0.000000
vn -0.837522 0.546404 0.000000
vn 0.000000 1.000000 0.000034
vn 0.000000 1.000000 0.000000
vn 0.000000 1.000000 0.000000
vn 0.000000 1.000000 0.000035
vn 0.000000 0.000000 -1.000000
vn 0.000000 0.000000 -1.000000
vn 0.837520 -0.546407 -0.000015
vn 0.837522 -0.546404 -0.000002
vn 0.837527 -0.546396 0.000000
vn 0.837533 -0.546387 0.000000
vn 0.000000 0.788953 -0.614454
vn 0.000000 0.789126 -0.614232
vn 0.000000 -0.725688 -0.688024
vn 0.000000 -0.725688 -0.688024
vn -0.879562 -0.475785 0.000016
vn -0.879562 -0.475785 0.000016
vn -0.879552 -0.475804 0.000000
vn -0.879552 -0.475804 0.000000
vn 1.000000 -0.000000 0.000000
vn 1.000000 0.000000 0.000000
vn 0.000000 0.000000 1.000000
vn 0.000000 0.000000 1.000000
vn 0.000000 0.000000 1.000000
vn 0.000000 0.000000 1.000000
vn -0.000003 0.000000 -1.000000
vn -0.000003 0.000000 -1.000000
vn -0.000003 0.000000 -1.000000
vn -0.000003 0.000000 -1.000000
vn -1.000000 0.000000 0.000000
vn -1.000000 0.000000 0.000000
vn -1.000000 -0.000000 0.000000
vn -1.000000 0.000000 0.000000
vn -1.000000 -0.000000 0.000000
vn -1.000000 -0.000000 0.000000
vn 0.000000 0.000000 -1.000000
vn 0.000000 0.000000 -1.000000
vn 0.000000 0.000000 -1.000000
vn 0.000000 0.000000 -1.000000
vn 0.000000 -0.786131 0.618060
vn 0.000000 -0.786128 0.618063
vn 0.000000 0.786130 -0.618061
vn 0.000000 0.786130 -0.618061
vn -1.000000 0.000000 0.000000
vn 0.000000 0.000000 -1.000000
vn 0.000000 0.000000 -1.000000
vn 0.000000 -0.725687 -0.688025
vn 0.000000 -0.725687 -0.688025
vn 0.000000 0.000000 1.000000
vn 0.000000 0.000000 1.000000
vn 0.000000 0.000000 1.000000
vn 0.000000 0.000000 1.000000
vn 0.000000 0.000000 -1.000000
vn 0.000000 0.000000 -1.000000
vn 0.000000 0.000000 -1.000000
vn 0.000000 0.000000 -1.000000
vn 1.000000 0.000000 0.000000
vn -1.000000 0.000000 0.000000
vn -1.000000 0.000000 0.000000
vn 0.000000 0.742574 0.669764
vn 0.000000 0.742574 0.669764
vn 0.000000 0.739376 0.673293
vn 0.000000 0.739376 0.673293
vn 1.000000 0.000000 0.000000
vn 1.000000 0.000000 0.000000
vn 1.000000 0.000000 0.000000
vn 1.000000 0.000000 0.000000
vn 0.000000 -0.673253 0.739413
vn 0.000000 -0.673253 0.739413
vn 0.000003 -0.673277 0.739390
vn 0.000003 -0.673277 0.739390
vn 0.000000 0.742765 0.669553
vn 0.000000 0.742764 0.669553
vn 0.000000 -0.739389 -0.673278
vn 0.000000 -0.739367 -0.673302
vn 0.000000 -0.739367 -0.673302
vn -0.000001 -0.739381 -0.673287
vn -1.000000 0.000000 0.000000
vn -1.000000 -0.000000 0.000000
vn -0.000004 0.742759 -0.669559
vn -0.000005 0.742553 -0.669787
vn -0.000005 0.742553 -0.669787
vn -0.000004 0.742759 -0.669559
vn 0.000000 0.000000 -1.000000
vn 0.000000 0.000000 -1.000000
vn 0.000000 0.000000 -1.000000
vn 0.000000 0.000000 -1.000000
vn 0.000000 1.000000 0.000000
vn -0.000000 1.000000 0.000029
vn -0.000000 1.000000 0.000007
vn 0.000000 1.000000 0.000000
vn 0.000000 0.000000 1.000000
vn 0.000000 0.000000 1.000000
vn 0.000000 0.000000 1.000000
vn 0.000000 0.000000 1.000000
vn 0.000000 -0.786131 0.618060
vn 0.000000 -0.786128 0.618064
vn 0.000000 0.786131 -0.618060
vn 0.000000 0.786130 -0.618061
vn 0.000000 0.000000 -1.000000
vn 0.000000 0.000000 -1.000000
vn 0.000000 -0.725686 -0.688026
vn 0.000000 -0.725686 -0.688026
vn 0.000000 0.000000 1.000000
vn 0.000000 0.000000 1.000000
vn 0.000000 0.000000 1.000000
vn 0.000000 0.000000 1.000000
vn -1.000000 0.000000 0.000000
vn -1.000000 0.000000 0.000000
vn -1.000000 0.000000 0.000000
vn -1.000000 0.000000 0.000000
vn -1.000000 0.000000 0.000000
vn -1.000000 0.000000 0.000000
vn 0.000000 0.000000 -1.000000
vn 1.000000 0.000000 0.000000
vn 1.000000 0.000000 0.000000
vn 1.000000 0.000000 0.000000
vn 1.000000 0.000000 0.000000
vn 0.000000 0.000000 -1.000000
vn 0.000000 0.000000 -1.000000
vn 0.000000 0.000000 -1.000000
vn 0.000000 0.000000 -1.000000
vn 1.000000 0.000000 0.000000
vn 1.000000 0.000000 0.000000
vn 1.000000 0.000000 0.000000
vn 1.000000 0.000000 0.000000
vn 0.000000 0.742574 0.669764
vn 0.000000 0.739376 0.673293
vn -0.000004 -0.673265 0.739402
vn -0.000004 -0.673265 0.739402
vn 0.000000 0.742765 0.669553
vn 0.000002 -0.739385 -0.673283
vn 0.000000 -0.739367 -0.673303
vn -0.000023 0.739388 -0.673280
vn -0.000034 0.739359 -0.673311
vn -0.000000 0.739359 -0.673312
vn -0.000006 0.739373 -0.673296
vn 0.000000 -0.739337 0.673336
vn 0.000000 -0.739395 0.673272
vn 0.000000 -0.739396 0.673271
vn 0.000000 -0.739338 0.673334
vn 0.000001 0.742553 -0.669788
vn 0.000001 0.742553 -0.669788
vn 0.000001 0.742758 -0.669559
vn 0.000001 0.742758 -0.669560
vn 0.000000 1.000000 0.000000
vn 0.000000 1.000000 0.000032
vn -1.000000 0.000000 0.000000
vn -1.000000 0.000000 0.000000
vn -1.000000 0.000000 0.000000
vn -1.000000 0.000000 0.000000
vn -0.000019 -0.673306 -0.739364
vn -0.000019 -0.673306 -0.739364
vn 0.000000 -0.673307 -0.739363
vn -0.000000 -0.673307 -0.739363
vn 0.000000 0.000000 1.000000
vn 0.000000 0.000000 1.000000
vn 0.000000 0.000000 1.000000
vn 0.000000 0.000000 1.000000
vn 0.000000 0.000000 -1.000000
vn 0.000000 0.000000 -1.000000
vn 0.000000 0.000000 -1.000000
vn 0.000000 0.000000 -1.000000
vn 0.000000 0.000000 -1.000000
vn 0.000000 0.000000 -1.000000
vn 0.000000 0.000000 1.000000
vn 0.000000 0.000000 1.000000
vn 0.000000 0.742574 0.669764
vn 0.000000 0.742574 0.669764
vn 0.000000 0.739376 0.673293
vn 0.000000 0.739376 0.673293
vn 0.000003 -0.673273 0.739394
vn 0.000000 -0.673298 0.739371
vn -0.000000 -0.673298 0.739371
vn 0.000003 -0.673272 0.739394
vn 0.000000 0.742765 0.669553
vn 0.000000 0.742765 0.669553
vn 0.000000 -0.739367 -0.673303
vn 0.000000 -0.739367 -0.673302
vn 0.000000 -0.739375 -0.673294
vn -0.000001 -0.739383 -0.673286
vn -0.000000 1.000000 0.000028
vn 0.000000 1.000000 0.000017
vn 0.000000 1.000000 0.000000
vn 0.000000 1.000000 0.000000
vn 0.000000 0.000000 -1.000000
vn 0.000000 0.000000 -1.000000
vn 0.000000 0.000000 1.000000
vn 0.000000 0.000000 1.000000
vn 0.000000 0.000000 1.000000
vn 0.000000 0.000000 1.000000
vn -0.000001 0.742553 -0.669788
vn -0.000001 0.742759 -0.669559
vn 0.000003 0.739377 -0.673292
vn 0.000003 0.739377 -0.673292
vn 0.000003 0.739426 -0.673237
vn 0.000003 0.739426 -0.673237
vn 0.000001 -0.739418 0.673246
vn 0.000001 -0.739402 0.673264
vn 0.000003 -0.739357 0.673314
vn 0.000003 -0.739406 0.673259
vn 0.000000 0.000000 -1.000000
vn 0.000000 0.000000 -1.000000
vn 0.000000 0.000000 -1.000000
vn 0.000000 0.000000 -1.000000
vn 0.000000 0.000000 1.000000
vn 0.000000 0.000000 1.000000
vn 0.000000 0.000000 1.000000
vn 0.000000 0.000000 1.000000
vn -0.000003 -0.673283 -0.739385
vn -0.000003 -0.673333 -0.739339
vn -0.000003 -0.673333 -0.739339
vn -0.000003 -0.673283 -0.739385
vn 0.000000 0.742574 0.669764
vn 0.000000 0.739376 0.673293
vn 0.000000 0.000000 -1.000000
vn 0.000000 0.000000 -1.000000
vn 0.000000 0.000000 -1.000000
vn 0.000000 0.000000 -1.000000
vn 0.000000 -0.673252 0.739414
vn 0.000000 -0.673252 0.739414
vn 0.000000 0.742765 0.669553
vn 0.000000 -0.739389 -0.673279
vn 0.000000 -0.739367 -0.673303
vn 0.000000 1.000000 0.000000
vn 0.000000 1.000000 0.000036
vn -1.000000 -0.000004 0.000000
vn -1.000000 -0.000004 0.000000
vn -1.000000 0.000000 0.000000
vn -1.000000 0.000000 0.000000
vn 0.000000 0.000000 1.000000
vn 0.000000 0.000000 1.000000
vn -1.000000 -0.000004 -0.000000
vn -1.000000 -0.000004 -0.000001
vn 0.000000 0.742553 -0.669788
vn 0.000000 0.742553 -0.669788
vn 0.000000 0.742758 -0.669560
vn 0.000000 0.742758 -0.669560
vn -1.000000 -0.000003 0.000000
vn -1.000000 0.000020 0.000011
vn -1.000000 0.000000 0.000011
vn -1.000000 -0.000003 0.000001
vn 0.000000 0.000000 1.000000
vn 0.000000 0.000000 1.000000
vn 0.000000 0.000000 1.000000
vn 0.000000 0.000000 1.000000
vn -0.000004 0.739371 -0.673298
vn -0.000004 0.739371 -0.673298
vn 0.000000 -0.739396 0.673271
vn 0.000000 -0.739339 0.673334
vn 0.000000 0.000000 -1.000000
vn 0.000000 0.000000 -1.000000
vn 0.000000 0.000000 -1.000000
vn 0.000000 0.000000 -1.000000
vn 0.000000 -0.673352 -0.739322
vn 0.000000 -0.673352 -0.739322
vn -1.000000 0.000000 0.000000
vn -1.000000 0.000000 0.000000
vn -1.000000 0.000000 0.000000
vn -1.000000 0.000000 0.000000
vn 0.000000 0.000000 -1.000000
vn 0.000000 0.000000 -1.000000
vn -0.000001 0.742553 -0.669788
vn -0.000001 0.742758 -0.669560
vn 0.000000 0.000000 1.000000
vn 0.000000 0.000000 1.000000
vn -0.000000 0.000000 1.000000
vn -0.000000 0.000000 1.000000
vn -1.000000 -0.000003 0.000000
vn -1.000000 -0.000003 0.000000
vn 0.000002 0.739378 -0.673290
vn 0.000000 0.739403 -0.673263
vn -0.000000 0.739403 -0.673264
vn 0.000002 0.739378 -0.673290
vn 0.000000 -0.739396 0.673271
vn 0.000000 -0.739395 0.673271
vn 0.000000 -0.739338 0.673334
vn 0.000000 -0.739339 0.673333
vn 0.000000 -0.673353 -0.739321
vn 0.000000 -0.673352 -0.739322
vn 0.000000 -0.673352 -0.739322
vn 0.000000 -0.673353 -0.739321
vn 0.000000 0.000000 -1.000000
vn 0.000000 0.000000 -1.000000
vn 0.000000 0.000000 -1.000000
vn 0.000000 0.000000 -1.000000
vn -1.000000 0.000000 0.000000
vn -1.000000 0.000000 0.000000
vn -1.000000 0.000000 0.000000
vn -1.000000 0.000000 0.000000
vn 0.000000 0.000000 -1.000000
vn 0.000000 0.000000 -1.000000
vn 0.000000 0.739358 -0.673312
vn 0.000000 0.739365 -0.673304
vn 0.000000 -0.739395 0.673271
vn 0.000000 -0.739338 0.673335
vn 0.000000 -0.673352 -0.739322
vn 0.000000 -0.673352 -0.739322
vn 0.000000 0.000000 -1.000000
vn 0.000000 0.000000 -1.000000
vn -1.000000 -0.000002 0.000000
vn -1.000000 -0.000002 0.000000
vn -1.000000 -0.000006 0.000000
vn -1.000000 -0.000006 0.000000
vn 0.000000 0.000000 -1.000000
vn 0.000000 0.000000 -1.000000
vn 0.000000 0.000000 -1.000000
vn 0.000000 0.000000 -1.000000
vn -1.000000 0.000000 0.000000
vn -1.000000 0.000000 0.000000
vn -1.000000 0.000000 0.000000
vn -1.000000 0.000000 0.000000
vn 0.000000 0.000000 -1.000000
vn 0.000000 0.000000 -1.000000
vn 0.000000 0.000000 1.000000
vn 0.000001 0.000000 1.000000
vn 0.000006 0.000000 1.000000
vn -0.000004 0.000000 1.000000
vn 0.000002 0.000000 1.000000
vn -0.000008 0.000000 1.000000
vn 0.000000 0.000000 1.000000
vn 0.000000 0.000000 1.000000
vn 0.000000 0.000000 1.000000
vn 0.000000 0.000000 1.000000
vn 0.000000 0.000000 1.000000
vn 0.000014 0.000000 1.000000
vn 0.000007 0.000000 1.000000
vn -0.000018 0.000000 1.000000
vn 0.000000 0.000000 0.000000
vn 0.000000 0.000000 1.000000
vn 0.000000 0.000000 1.000000
vn 0.000015 0.000000 1.000000
vn 0.000000 0.000000 1.000000
vn 0.000037 0.000000 1.000000
vn -0.000016 0.000000 1.000000
vn -0.000010 0.000000 1.000000
vn 0.000011 0.000000 1.000000
vn 0.000002 0.000000 1.000000
vn -0.000001 0.000000 1.000000
vn 0.000002 0.000000 1.000000
vn -0.000006 0.000000 1.000000
vn -0.000000 0.000000 1.000000
vn 0.000000 0.000000 1.000000
vn 0.000004 0.000000 1.000000
vn 0.000000 0.000000 1.000000
vn 0.000001 0.000000 1.000000
vn -0.000001 0.000000 1.000000
vn -0.000001 0.000000 1.000000
vn 0.000000 0.000000 1.000000
vn 0.000000 0.000000 1.000000
vn 0.000000 0.000000 1.000000
vn 0.000000 0.000000 1.000000
vn 0.000000 0.000000 1.000000
vn 0.000000 0.000000 1.000000
vn 0.000000 0.000000 1.000000
vn 0.000000 0.000000 1.000000
vn 0.000000 0.000000 1.000000
vn 0.000000 0.000000 1.000000
vn 0.000000 0.000000 1.000000
vn 0.000000 0.000000 1.000000
vn 0.000000 0.000000 1.000000
vn 0.000000 0.000000 1.000000
vn -0.000000 0.000000 1.000000
vn 0.000000 0.000000 1.000000
vn 0.000000 0.000000 1.000000
vn 0.000000 0.000000 1.000000
vn 1.000000 0.000000 0.000000
vn 1.000000 0.000000 0.000000
vn 0.000000 0.000000 -1.000000
vn 0.000000 0.000000 -1.000000
vn 0.000000 0.000000 -1.000000
vn 0.000000 0.000000 -1.000000
vn 0.000000 0.000000 -1.000000
vn 0.000000 0.000000 -1.000000
vn -1.000000 0.000000 0.000000
vn -1.000000 0.000000 0.000000
vn 0.000000 0.000000 1.000000
vn 0.000000 0.000000 1.000000
vn -0.000000 0.000000 1.000000
vn 0.000000 0.000000 1.000000
vn -0.000000 0.000000 1.000000
vn 0.000000 0.000000 1.000000
vn 0.000000 -1.000000 0.000000
vn 0.000000 -1.000000 0.000000
vn 0.000000 -1.000000 0.000000
vn 0.000000 -1.000000 0.000000
vn 1.000000 0.000000 0.000000
vn 1.000000 0.000000 0.000000
vn 1.000000 0.000000 0.000000
vn 1.000000 0.000000 0.000000
vn 0.000000 1.000000 0.000000
vn 0.000000 1.000000 0.000000
vn 0.000000 1.000000 0.000000
vn 0.000000 1.000000 0.000000
vn -1.000000 0.000000 0.000000
vn -1.000000 0.000000 0.000000
vn -1.000000 0.000000 0.000000
vn -1.000000 0.000000 0.000000
vn 0.000001 0.000000 1.000000
vn 0.000000 0.000000 1.000000
vn 0.000000 0.000000 1.000000
vn 0.000001 0.000000 1.000000
vn 0.000000 0.000000 1.000000
vn 0.000000 0.000000 1.000000
vn 0.000001 0.000000 1.000000
vn 0.000001 0.000000 1.000000
vn 0.000000 1.000000 0.000000
vn 0.000000 1.000000 0.000000
vn 0.000000 1.000000 0.000000
vn 0.000000 1.000000 0.000000
vn -1.000000 0.000000 0.000000
vn -1.000000 0.000000 0.000000
vn -1.000000 0.000000 0.000000
vn -1.000000 0.000000 0.000000
vn 0.000000 -1.000000 0.000000
vn 0.000000 -1.000000 0.000000
vn 0.000000 -1.000000 0.000000
vn 0.000000 -1.000000 0.000000
vn 1.000000 0.000000 0.000000
vn 1.000000 0.000000 0.000000
vn 1.000000 0.000000 0.000000
vn 1.000000 0.000000 0.000000
vn 0.000000 0.000000 1.000000
vn 0.000000 0.000000 1.000000
vn 0.000000 0.000000 1.000000
vn 0.000000 0.000000 1.000000
vn -1.000000 0.000000 0.000000
vn -1.000000 0.000000 0.000000
vn -1.000000 0.000000 0.000000
vn -1.000000 0.000000 0.000000
vn 0.000000 -1.000000 0.000000
vn 0.000000 -1.000000 0.000000
vn 0.000000 -1.000000 0.000000
vn 0.000000 -1.000000 0.000000
vn 1.000000 0.000000 0.000000
vn 1.000000 0.000000 0.000000
vn 1.000000 0.000000 0.000000
vn 1.000000 0.000000 0.000000
vn 0.000000 0.000000 1.000000
vn -0.000000 0.000000 1.000000
vn 0.000000 0.000000 1.000000
vn 0.000000 0.000000 1.000000
vn 0.000000 0.000000 1.000000
vn 0.000000 0.000000 1.000000
vn 0.000000 0.000000 1.000000
vn 0.000000 0.000000 1.000000
vn 1.000000 0.000000 0.000000
vn 1.000000 0.000000 0.000000
vn 0.000000 0.000000 -1.000000
vn 0.000000 0.000000 -1.000000
vn 0.000000 0.000000 -1.000000
vn 0.000000 0.000000 -1.000000
vn 0.000000 0.000000 -1.000000
vn 0.000000 0.000000 -1.000000
vn 0.000000 0.000000 -1.000000
vn 0.000000 0.000000 -1.000000
vn -1.000000 0.000000 0.000000
vn -1.000000 0.000000 0.000000
vn 0.000000 0.000000 1.000000
vn 0.000000 0.000000 1.000000
vn 0.000000 0.000000 1.000000
vn 0.000000 0.000000 1.000000
vn 0.000000 0.000000 1.000000
vn 0.000000 0.000000 1.000000
vn 0.000000 -0.739367 -0.673303
vn 0.000000 -0.739375 -0.673294
vn -0.000000 -0.673297 0.739372
vn 0.000000 -0.673297 0.739372
vn 0.000000 0.742574 0.669764
vn 0.000000 0.739376 0.673293
vn 0.000000 0.742764 0.669553
vn 0.000000 1.000000 0.000010
vn 0.000000 1.000000 0.000000
vn -0.000001 0.742553 -0.669788
vn -0.000001 0.742758 -0.669560
vn -0.000003 0.739422 -0.673242
vn -0.000003 0.739422 -0.673242
vn 0.000003 -0.673287 -0.739381
vn 0.000003 -0.673287 -0.739381
vn -0.000001 -0.739417 0.673248
vn -0.000003 -0.739403 0.673263
vn 0.000000 0.000000 -1.000000
vn 0.000000 0.000000 -1.000000
vn 0.000000 0.000000 -1.000000
vn 0.000000 0.000000 -1.000000
vn 0.000000 0.000000 -1.000000
vn 0.000000 0.000000 1.000000
vn -0.000000 0.000000 1.000000
vn -0.000000 0.000000 1.000000
vn 0.000000 0.000000 1.000000
vn 0.000000 0.000000 1.000000
vn 0.000000 0.000000 1.000000
vn 0.000000 0.000000 1.000000
vn 0.000000 0.000000 1.000000
vn 0.000000 0.000000 1.000000
vn 0.000000 0.000000 1.000000
vn 0.000000 -0.739367 -0.673303
vn 0.000001 -0.739381 -0.673287
vn -0.000003 -0.673277 0.739390
vn -0.000003 -0.673277 0.739390
vn 0.000000 0.742574 0.669764
vn 0.000000 0.739376 0.673292
vn 0.000000 0.742764 0.669553
vn 0.000000 1.000000 0.000026
vn 0.000000 1.000000 0.000000
vn -0.000000 0.742553 -0.669788
vn -0.000000 0.742758 -0.669560
vn 0.000003 0.739382 -0.673286
vn 0.000003 0.739382 -0.673286
vn 0.000006 -0.673307 -0.739363
vn 0.000006 -0.673307 -0.739363
vn -0.000001 -0.739404 0.673262
vn -0.000003 -0.739363 0.673307
vn 0.000000 0.000000 -1.000000
vn 0.000000 0.000000 -1.000000
vn 0.000000 0.000000 -1.000000
vn 0.000000 0.000000 -1.000000
vn 0.000000 0.000000 -1.000000
vn 0.000000 0.000000 1.000000
vn 0.000000 0.000000 1.000000
vn 0.000000 0.000000 1.000000
vn 0.000000 0.000000 1.000000
vn 0.000000 0.000000 1.000000
vn -0.000000 0.000000 1.000000
vn 0.000000 0.000000 1.000000
vn -0.000000 0.000000 1.000000
vn 0.000000 0.000000 1.000000
vn -0.000000 0.000000 1.000000
vn 0.000000 0.000000 1.000000
vn 0.000000 0.000000 1.000000
vn -0.000000 0.000000 1.000000
vn 0.000000 0.000000 1.000000
vn -0.000000 0.000000 1.000000
vn -0.000000 0.000000 1.000000
vn -0.000000 0.000000 1.000000
vn -0.000000 0.000000 1.000000
vn 0.000000 0.000000 1.000000
vn 0.000000 0.000000 1.000000
vn 0.000000 1.000000 0.000000
vn 0.000000 1.000000 0.000000
vn 0.000000 1.000000 0.000000
vn 0.000000 1.000000 0.000000
vn -1.000000 0.000000 0.000000
vn -1.000000 0.000000 0.000000
vn -1.000000 0.000000 0.000000
vn -1.000000 0.000000 0.000000
vn 0.000000 -1.000000 0.000000
vn 0.000000 -1.000000 0.000000
vn 0.000000 -1.000000 0.000000
vn 0.000000 -1.000000 0.000000
vn 1.000000 0.000000 0.000000
vn 1.000000 0.000000 0.000000
vn 1.000000 0.000000 0.000000
vn 1.000000 0.000000 0.000000
vn 0.000000 -1.000000 0.000000
vn 0.000000 -1.000000 0.000000
vn 0.000000 -1.000000 0.000000
vn 0.000000 -1.000000 0.000000
vn 1.000000 0.000000 0.000000
vn 1.000000 0.000000 0.000000
vn 1.000000 0.000000 0.000000
vn 1.000000 0.000000 0.000000
vn 0.000000 1.000000 0.000000
vn 0.000000 1.000000 0.000000
vn 0.000000 1.000000 0.000000
vn 0.000000 1.000000 0.000000
vn -1.000000 0.000000 0.000000
vn -1.000000 0.000000 0.000000
vn -1.000000 0.000000 0.000000
vn -1.000000 0.000000 0.000000
vn -1.000000 0.000000 0.000000
vn -1.000000 0.000000 0.000000
vn -1.000000 0.000000 0.000000
vn -1.000000 0.000000 0.000000
vn 0.000000 -1.000000 0.000000
vn 0.000000 -1.000000 0.000000
vn 0.000000 -1.000000 0.000000
vn 0.000000 -1.000000 0.000000
vn 1.000000 0.000000 0.000000
vn 1.000000 0.000000 0.000000
vn 1.000000 0.000000 0.000000
vn 1.000000 0.000000 0.000000
vn 0.000000 1.000000 0.000000
vn 0.000000 1.000000 0.000000
vn 0.000000 1.000000 0.000000
vn 0.000000 1.000000 0.000000
vn -0.000002 0.000000 1.000000
vn 0.000004 0.000000 1.000000
vn 0.000003 0.000000 1.000000
vn -0.000002 0.000000 1.000000
vn 0.000004 0.000000 1.000000
vn 0.000003 0.000000 1.000000
vn -0.000002 0.000000 1.000000
vn -0.000002 0.000000 1.000000
vn 0.000004 0.000000 1.000000
vn -0.000002 0.000000 1.000000
vn -0.000002 0.000000 1.000000
vn 0.000003 0.000000 1.000000
vn -0.000002 0.000000 1.000000
vn -0.000002 0.000000 1.000000
vn 0.000004 0.000000 1.000000
vn 0.000003 0.000000 1.000000
vn 0.000011 -0.000000 1.000000
vn 0.000011 0.000000 1.000000
vn 0.000013 0.000000 1.000000
vn 0.000013 -0.000000 1.000000
vn 0.000006 0.000000 1.000000
vn 0.000009 0.000000 1.000000
vn 0.000006 -0.000000 1.000000
vn 0.000008 -0.000000 1.000000
vn 0.000000 -1.000000 0.000000
vn 0.000000 -1.000000 0.000000
vn 0.000000 -1.000000 0.000000
vn 0.000000 -1.000000 0.000000
vn 1.000000 0.000000 0.000000
vn 1.000000 0.000000 0.000000
vn 1.000000 0.000000 0.000000
vn 1.000000 0.000000 0.000000
vn 0.000000 1.000000 0.000000
vn 0.000000 1.000000 0.000000
vn 0.000000 1.000000 0.000000
vn 0.000000 1.000000 0.000000
vn -1.000000 0.000000 0.000000
vn -1.000000 0.000000 0.000000
vn -1.000000 0.000000 0.000000
vn -1.000000 0.000000 0.000000
vn 0.000000 1.000000 0.000000
vn 0.000000 1.000000 0.000000
vn 0.000000 1.000000 0.000000
vn 0.000000 1.000000 0.000000
vn -1.000000 0.000000 0.000000
vn -1.000000 0.000000 0.000000
vn -1.000000 0.000000 0.000000
vn -1.000000 0.000000 0.000000
vn 0.000000 -1.000000 0.000000
vn 0.000000 -1.000000 0.000000
vn 0.000000 -1.000000 0.000000
vn 0.000000 -1.000000 0.000000
vn 1.000000 0.000000 0.000000
vn 1.000000 0.000000 0.000000
vn 1.000000 0.000000 0.000000
vn 1.000000 0.000000 0.000000
vn 1.000000 0.000000 -0.000017
vn 1.000000 0.000000 -0.000017
vn 1.000000 0.000000 -0.000017
vn 1.000000 0.000000 -0.000017
vn 0.000000 1.000000 0.000001
vn 0.000000 1.000000 0.000001
vn 0.000000 1.000000 0.000001
vn 0.000000 1.000000 0.000001
vn -1.000000 0.000000 0.000000
vn -1.000000 0.000000 0.000000
vn -1.000000 0.000000 0.000000
vn -1.000000 0.000000 0.000000
vn 0.000000 -1.000000 0.000000
vn 0.000000 -1.000000 0.000000
vn 0.000000 -1.000000 0.000000
vn 0.000000 -1.000000 0.000000
vn 0.000001 0.000000 1.000000
vn 0.000000 0.000000 1.000000
vn -0.000000 0.000000 1.000000
vn -0.000001 0.000000 1.000000
vn 0.000001 0.000000 1.000000
vn -0.000002 0.000000 1.000000
vn 1.000000 0.000000 0.000000
vn 1.000000 0.000000 0.000000
vn 1.000000 0.000000 0.000000
vn 1.000000 0.000000 0.000000
vn -1.000000 0.000000 0.000000
vn -1.000000 0.000000 0.000000
vn -1.000000 0.000000 0.000000
vn -1.000000 0.000000 0.000000
vn 0.000000 -1.000000 0.000000
vn 0.000000 -1.000000 0.000000
vn 0.000000 -1.000000 0.000000
vn 0.000000 -1.000000 0.000000
vn 1.000000 0.000000 0.000000
vn 1.000000 0.000000 0.000000
vn -1.000000 0.000000 0.000000
vn -1.000000 0.000000 0.000000
vn 0.000000 0.000000 -1.000000
vn 0.000000 0.000000 -0.000000
vn 0.000000 0.000000 -1.000000
vn 0.000000 0.000000 -0.000000
vn 0.000000 0.000000 1.000000
vn 0.000000 0.000000 1.000000
vn 0.000000 0.000000 1.000000
vn 0.000000 0.000000 1.000000
vn 0.000000 0.000000 -0.000000
vn 0.000000 0.000000 -1.000000
vn 0.000000 0.000000 -0.000000
vn 0.000000 0.000000 -1.000000
vn 0.000000 0.000000 -1.000000
vn 0.000000 0.000000 -1.000000
vn 0.000000 0.000000 -1.000000
vn 0.000000 0.000000 -1.000000
vn 0.000000 0.000000 -0.000000
vn 0.000000 0.000000 -0.000000
vn 0.000000 0.000000 -0.000000
vn 0.000000 0.000000 -0.000000
vn 0.000000 0.000000 0.000000
vn 0.000000 0.000000 0.000000
vn 0.000000 0.000000 0.000000
vn 0.000000 0.000000 0.000000
vn 0.000000 1.000000 0.000000
vn 0.000000 1.000000 0.000000
vn 0.000000 1.000000 0.000000
vn 0.000000 1.000000 0.000000
vn 0.000000 -1.000000 0.000000
vn 0.000000 -1.000000 0.000000
vn 0.000000 -1.000000 0.000000
vn 0.000000 -1.000000 0.000000
vn 0.000000 0.000000 0.000000
vn 0.000000 0.000000 0.000000
vn 0.000000 0.000000 0.000000
vn 0.000000 0.000000 0.000000
vn 0.000000 0.000000 -1.000000
vn 0.000000 0.000000 -0.000000
vn 0.000000 0.000000 -1.000000
vn 0.000000 0.000000 -0.000000
vn 0.000000 0.000000 -0.000000
vn 0.000000 0.000000 -0.000000
vn 0.000000 0.000000 -0.000000
vn 0.000000 0.000000 -0.000000
vn 0.000000 0.000000 0.000000
vn 0.000000 0.000000 0.000000
vn 0.000000 0.000000 0.000000
vn 0.000000 0.000000 0.000000
vn 0.000000 0.000000 0.000000
vn 0.000000 0.000000 0.000000
vn 0.000000 0.000000 0.000000
vn 0.000000 0.000000 0.000000
vn 0.000000 0.000000 -0.000000
vn 0.000000 0.000000 -0.000000
vn 0.000000 0.000000 -0.000000
vn 0.000000 0.000000 -0.000000
vn 0.000000 0.000000 -0.000000
vn 0.000000 0.000000 -0.000000
vn 0.000000 0.000000 -0.000000
vn 0.000000 0.000000 -0.000000
vn 0.000000 0.000000 -1.000000
vn 0.000000 0.000000 -0.000000
vn 0.000000 0.000000 -1.000000
vn 0.000000 0.000000 -0.000000
vn 0.000000 0.000000 0.000000
vn 0.000000 0.000000 0.000000
vn 0.000000 0.000000 0.000000
vn 0.000000 0.000000 0.000000
vn 0.000000 0.000000 0.000000
vn 0.000000 0.000000 1.000000
vn 0.000000 0.000000 0.000000
vn 0.000000 0.000000 1.000000
vn 0.000000 0.000000 -0.000000
vn 0.000000 0.000000 -1.000000
vn 0.000000 0.000000 -0.000000
vn 0.000000 0.000000 -1.000000
vn 0.000000 0.000000 -0.000000
vn 0.000000 0.000000 -0.000000
vn 0.000000 0.000000 -0.000000
vn 0.000000 0.000000 -0.000000
vn 0.000000 0.000000 0.000000
vn 0.000000 0.000000 0.000000
vn 0.000000 0.000000 0.000000
vn 0.000000 0.000000 0.000000
vn 0.000000 0.000000 0.000000
vn 0.000000 0.000000 0.000000
vn 0.000000 0.000000 0.000000
vn 0.000000 0.000000 0.000000
vn 0.000000 0.000000 0.000000
vn 0.000000 0.000000 1.000000
vn 0.000000 0.000000 0.000000
vn 0.000000 0.000000 1.000000
vn 0.000000 0.000000 -0.000000
vn 0.000000 0.000000 -0.000000
vn 0.000000 0.000000 -0.000000
vn 0.000000 0.000000 -0.000000
vn 0.000000 1.000000 0.000000
vn 0.000000 1.000000 0.000000
vn 0.000000 1.000000 0.000000
vn 0.000000 1.000000 0.000000
vn 0.000000 -1.000000 0.000000
vn 0.000000 -1.000000 0.000000
vn 0.000000 -1.000000 0.000000
vn 0.000000 -1.000000 0.000000
vn 0.000000 0.000000 1.000000
vn 0.000000 0.000000 0.000000
vn 0.000000 0.000000 1.000000
vn 0.000000 0.000000 0.000000
vn 0.000000 0.000000 -0.000000
vn 0.000000 0.000000 -0.000000
vn 0.000000 0.000000 -0.000000
vn 0.000000 0.000000 -0.000000
vn 0.000000 0.000000 0.000000
vn 0.000000 0.000000 0.000000
vn 0.000000 0.000000 0.000000
vn 0.000000 0.000000 0.000000
vn 0.000000 0.000000 -0.000000
vn 0.000000 0.000000 -0.000000
vn 0.000000 0.000000 -1.000000
vn 0.000000 0.000000 -1.000000
vn 0.000000 0.000000 0.000000
vn 0.000000 0.000000 0.000000
vn 0.000000 0.000000 0.000000
vn 0.000000 0.000000 0.000000
vn 0.000000 0.000000 -0.000000
vn 0.000000 0.000000 -0.000000
vn 0.000000 0.000000 -0.000000
vn 0.000000 0.000000 -0.000000
vn 0.000000 0.000000 0.000000
vn 0.000000 0.000000 0.000000
vn 0.000000 0.000000 0.000000
vn 0.000000 0.000000 0.000000
vn 0.000000 0.000000 -0.000000
vn 0.000000 0.000000 -0.000000
vn 0.000000 0.000000 -0.000000
vn 0.000000 0.000000 -0.000000
vn 0.000000 0.000000 0.000000
vn 0.000000 0.000000 0.000000
vn 0.000000 0.000000 0.000000
vn 0.000000 0.000000 0.000000
vn 0.000000 0.000000 0.000000
vn 0.000000 0.000000 0.000000
vn 0.000000 0.000000 0.000000
vn 0.000000 0.000000 0.000000
vn 0.000000 0.000000 -0.000000
vn 0.000000 0.000000 -0.000000
vn 0.000000 0.000000 -0.000000
vn 0.000000 0.000000 -0.000000
vn 0.000000 0.000000 0.000000
vn 0.000000 0.000000 0.000000
vn 0.000000 0.000000 0.000000
vn 0.000000 0.000000 0.000000
vn 0.000000 0.000000 0.000000
vn 0.000000 0.000000 0.000000
vn 0.000000 0.000000 0.000000
vn 0.000000 0.000000 0.000000
vn 0.000000 0.000000 0.000000
vn 0.000000 0.000000 0.000000
vn 0.000000 0.000000 0.000000
vn 0.000000 0.000000 0.000000
vn 0.000000 0.742765 0.669552
vn 0.000000 0.742574 0.669764
vn 0.000000 0.742574 0.669764
vn 0.000000 0.742765 0.669552
vn 0.000000 0.739370 0.673300
vn 0.000000 0.739382 0.673287
vn 0.000000 -0.673253 0.739413
vn 0.000000 -0.673253 0.739413
vn 0.000000 -0.739390 -0.673278
vn 0.000000 -0.739429 -0.673234
vn 0.000000 0.000000 0.000000
vn 0.000000 0.000000 0.000000
vn 0.000000 0.000000 0.000000
vn 0.000000 0.000000 0.000000
vn 0.000000 0.000000 1.000000
vn 0.000000 0.000000 1.000000
vn 0.000000 0.000000 -0.000000
vn 0.000000 0.000000 -1.000000
vn 0.000000 0.000000 -0.000000
vn 0.000000 0.000000 -1.000000
vn 0.000000 0.000000 1.000000
vn 0.000000 0.000000 1.000000
vn 0.000000 0.000000 1.000000
vn 0.000000 0.000000 -1.000000
vn 0.000000 0.000000 -1.000000
vn 0.000000 0.000000 -1.000000
vn 0.000000 0.000000 0.000000
vn 0.000000 0.000000 1.000000
vn 0.000000 0.000000 0.000000
vn 0.000000 0.000000 1.000000
vn 0.000000 0.000000 -1.000000
vn 0.000000 0.000000 -1.000000
vn 0.000000 0.000000 -0.000000
vn 0.000000 0.000000 -1.000000
vn 0.000000 0.000000 -0.000000
vn 0.000000 0.000000 -1.000000
vn 0.000000 -0.739396 0.673271
vn 0.000000 -0.739338 0.673335
vn 0.000000 -0.673353 -0.739322
vn 0.000000 -0.673353 -0.739322
vn 0.000000 0.739359 -0.673312
vn 0.000000 0.739403 -0.673263
vn 0.000000 0.742554 -0.669786
vn 0.000000 0.742759 -0.669559
vn 0.000000 0.742761 -0.669557
vn 0.000000 0.742556 -0.669784
vn 0.000000 1.000000 0.000000
vn 0.000000 1.000000 0.000038
vn 0.000000 0.742574 0.669764
vn 0.000000 0.742764 0.669553
vn 0.000000 0.739376 0.673293
vn 0.000000 0.000000 0.000000
vn 0.000000 0.000000 0.000000
vn 0.000000 0.000000 0.000000
vn 0.000000 0.000000 0.000000
vn 0.000000 0.000000 -1.000000
vn 0.000000 0.000000 -0.000000
vn 0.000000 0.000000 -1.000000
vn 0.000000 0.000000 -0.000000
vn 0.000000 0.000000 1.000000
vn 0.000000 0.000000 0.000000
vn 0.000000 0.000000 1.000000
vn 0.000000 0.000000 0.000000
vn 0.000000 0.000000 0.000000
vn 0.000000 0.000000 0.000000
vn 0.000000 0.000000 0.000000
vn 0.000000 0.000000 0.000000
vn 0.000001 0.742758 -0.669560
vn 0.000001 0.742553 -0.669788
vn 0.000000 0.739384 0.673284
vn 0.000000 0.739383 0.673285
vn 0.000000 0.739383 0.673285
vn 0.000000 0.739385 0.673283
vn 1.000000 0.000000 0.000000
vn 1.000000 0.000000 0.000000
vn 0.000000 -0.739422 -0.673242
vn 0.000000 -0.739423 -0.673241
vn 0.000003 -0.739404 -0.673262
vn -0.000000 -0.739387 -0.673281
vn -0.000003 -0.739403 -0.673263
vn 0.000000 -0.739424 -0.673240
vn 0.000004 -0.739414 -0.673251
vn 0.000000 -0.739387 -0.673281
vn -0.000002 -0.739407 -0.673259
vn 0.000000 -0.739424 -0.673240
vn 0.000000 -0.739425 -0.673239
vn -1.000000 0.000000 0.000000
vn -1.000000 0.000000 0.000000
vn 0.000000 0.739383 0.673285
vn 0.000000 0.739383 0.673285
vn 0.000000 0.739383 0.673285
vn 0.000000 0.739383 0.673285
vn 0.000000 0.739383 0.673285
vn 0.000000 0.739383 0.673285
vn 0.000000 0.739384 0.673284
vn 0.000000 0.739384 0.673284
vn 0.000000 0.739383 0.673285
vn 0.000000 0.739383 0.673285
vn 0.000000 0.739384 0.673284
vn 0.000000 0.739384 0.673284
vn 0.000000 0.739384 0.673284
vn 0.000000 0.739384 0.673284
vn -0.000001 0.739403 -0.673263
vn 0.000000 0.739403 -0.673263
vn 0.000000 0.739403 -0.673263
vn -0.000001 0.739399 -0.673267
vn 0.000001 0.739400 -0.673267
vn 0.000001 0.739406 -0.673260
vn -0.000001 0.739406 -0.673260
vn -0.000000 0.739403 -0.673263
vn 0.000001 0.739403 -0.673263
vn 0.000000 -0.739424 0.673240
vn 0.000000 -0.739424 0.673240
vn 0.000000 -0.739424 0.673240
vn 0.000000 -0.739424 0.673240
vn 0.000000 -0.739424 0.673240
vn 0.000000 -0.739424 0.673240
vn 0.000000 -0.739424 0.673240
vn 0.000000 -0.739424 0.673240
vn 0.000000 -0.739424 0.673241
vn 0.000000 -0.739424 0.673240
vn 0.000000 -0.739430 0.673234
vn 0.000000 0.673212 -0.739450
vn 0.000000 0.673212 -0.739450
vn 0.000000 0.673212 -0.739450
vn 0.000000 0.673212 -0.739450
vn 0.000000 -0.669513 0.742800
vn 0.000000 -0.669515 0.742799
vn 0.000000 -0.669515 0.742799
vn 0.000000 -0.669513 0.742800
vn 0.000000 0.673212 -0.739449
vn 0.000000 0.673212 -0.739449
vn 0.000000 -0.669517 0.742797
vn 0.000000 -0.669517 0.742797
vn 0.000000 0.673212 -0.739449
vn 0.000000 0.673213 -0.739449
vn 0.000000 0.673213 -0.739449
vn 0.000000 0.673212 -0.739449
vn 0.000000 -0.669511 0.742802
vn 0.000000 -0.669513 0.742801
vn 0.000000 -0.669513 0.742801
vn 0.000000 -0.669511 0.742802
vn 1.000000 -0.000014 0.000000
vn 1.000000 0.000004 0.000000
vn 1.000000 0.000004 0.000000
vn 1.000000 -0.000014 0.000000
vn 0.000000 0.673212 -0.739450
vn 0.000000 0.673212 -0.739450
vn 1.000000 -0.000015 0.000000
vn 1.000000 -0.000015 0.000000
vn 0.000000 -0.669515 0.742799
vn 0.000000 -0.669515 0.742799
vn 0.000000 0.673212 -0.739450
vn 0.000000 0.673212 -0.739450
vn 0.000000 -0.669515 0.742798
vn 0.000000 -0.669515 0.742798
vn 0.000000 0.673212 -0.739449
vn 0.000000 0.673212 -0.739449
vn -0.000001 -0.669527 0.742788
vn -0.000001 -0.669527 0.742788
vn -1.000000 0.000000 0.000000
vn -1.000000 0.000000 0.000000
vn -1.000000 0.000000 0.000000
vn -1.000000 0.000000 0.000000
vn -0.000001 -0.669541 0.742775
vn -0.000001 -0.669541 0.742775
vn -1.000000 -0.000000 0.000000
vn -1.000000 -0.000000 0.000000
vn 0.000000 0.673213 -0.739448
vn 0.000000 0.673213 -0.739448
vn 0.000000 -0.669490 -0.742821
vn 0.000000 -0.669488 -0.742823
vn 0.000000 -0.669488 -0.742823
vn 0.000000 -0.669490 -0.742821
vn 0.000000 -0.669493 -0.742819
vn 0.000000 -0.669493 -0.742819
vn 0.000000 -0.669488 -0.742823
vn 0.000000 -0.669486 -0.742824
vn 0.000000 -0.669486 -0.742824
vn 0.000000 -0.669488 -0.742823
vn 1.000000 -0.000011 0.000000
vn 1.000000 -0.000011 0.000000
vn 1.000000 -0.000011 0.000000
vn 1.000000 -0.000011 0.000000
vn 0.000000 -0.669490 -0.742821
vn 0.000000 -0.669490 -0.742821
vn 0.000000 -0.669491 -0.742820
vn 0.000000 -0.669491 -0.742820
vn -0.000001 -0.669502 -0.742810
vn -0.000001 -0.669502 -0.742810
vn -1.000000 -0.000000 0.000000
vn -1.000000 -0.000000 0.000000
vn -1.000000 -0.000000 0.000000
vn -1.000000 -0.000000 0.000000
vn -0.000001 -0.669517 -0.742797
vn -0.000001 -0.669517 -0.742797
vn 1.000000 -0.000008 0.000000
vn 1.000000 -0.000008 0.000000
vn -0.000003 0.673358 0.739316
vn 0.000000 0.673408 0.739271
vn 0.000000 0.673408 0.739271
vn -0.000003 0.673358 0.739316
vn -0.000000 0.673298 0.739371
vn 0.000000 0.673298 0.739371
vn 0.000004 0.673379 0.739297
vn 0.000004 0.673379 0.739297
vn -0.000003 0.673361 0.739314
vn -0.000003 0.673361 0.739314
vn -0.000003 0.673237 0.739427
vn -0.000003 0.673237 0.739427
vn 0.000003 0.673248 0.739417
vn 0.000003 0.673248 0.739417
vn 0.000000 0.673298 0.739372
vn 0.000000 0.673298 0.739372
vn -1.000000 0.000000 0.000000
vn -1.000000 0.000000 0.000000
vn -0.000006 0.673299 0.739371
vn -0.000006 0.673299 0.739371
vn 1.000000 0.000000 0.000000
vn 1.000000 0.000000 0.000000
vn 0.000000 0.000000 -1.000000
vn -0.000000 0.000000 -1.000000
vn 0.000000 0.000000 -1.000000
vn 0.000000 0.000000 -1.000000
vn 0.000000 0.000000 1.000000
vn 0.000000 0.000000 1.000000
vn 0.000000 0.000000 1.000000
vn 0.000000 0.000000 1.000000
vn 0.000000 0.000000 1.000000
vn 0.000000 0.000000 1.000000
vn 0.000000 0.000000 1.000000
vn 0.000000 0.000000 1.000000
vn 0.000000 0.000000 -1.000000
vn 0.000000 0.000000 -1.000000
vn 0.000000 0.000000 -1.000000
vn 0.000000 0.000000 -1.000000
vn 0.000000 0.000000 1.000000
vn 0.000000 0.000000 1.000000
vn 0.000000 0.000000 -1.000000
vn 0.000000 0.000000 -1.000000
vn 0.000000 0.000000 1.000000
vn 0.000000 0.000000 1.000000
vn 0.000000 0.000000 1.000000
vn 0.000000 0.000000 1.000000
vn 0.000000 0.000000 -1.000000
vn 0.000000 0.000000 -1.000000
vn 0.000000 0.000000 -1.000000
vn 0.000000 0.000000 -1.000000
vn 0.000000 0.000000 1.000000
vn 0.000000 0.000000 1.000000
vn 0.000000 0.000000 -1.000000
vn 0.000000 0.000000 -1.000000
vn 0.000000 0.000000 1.000000
vn 0.000000 0.000000 1.000000
vn 0.000000 0.000000 -1.000000
vn 0.000000 0.000000 -1.000000
vn 0.000000 0.000000 1.000000
vn 0.000000 0.000000 1.000000
vn -0.000000 0.000000 -1.000000
vn -0.000000 0.000000 -1.000000
vn -1.000000 -0.000025 0.000009
vn -1.000000 -0.000016 0.000015
vn 0.000000 0.000000 1.000000
vn 0.000000 0.000000 1.000000
vn 0.000000 0.000000 -1.000000
vn 0.000000 0.000000 -1.000000
vn 0.000000 0.000000 -1.000000
vn 0.000000 0.000000 -1.000000
vn 0.000000 0.000000 -1.000000
vn 0.000000 0.000000 -1.000000
vn 0.000000 0.000000 -1.000000
vn 0.000000 -0.786130 0.618061
vn 0.000000 -0.786128 0.618064
vn 0.000000 -0.725687 -0.688025
vn 0.000000 -0.725687 -0.688025
vn 0.000000 0.786130 -0.618061
vn 0.000000 0.786125 -0.618067
vn 0.000000 0.788951 -0.614457
vn 0.000000 0.789124 -0.614233
vn 0.000000 0.789124 -0.614233
vn 0.000000 0.788951 -0.614457
vn 0.000000 1.000000 0.000000
vn 0.000000 1.000000 0.000000
vn 0.000000 0.789129 0.614228
vn 0.000000 0.788967 0.614435
vn 0.000000 0.788968 0.614435
vn 0.000000 0.789129 0.614228
vn 0.000000 0.786103 0.618096
vn 0.000000 0.786105 0.618093
vn 0.000000 -0.725695 0.688016
vn 0.000000 -0.725695 0.688016
vn 0.000000 -0.786105 -0.618092
vn 0.000000 -0.786143 -0.618045
vn 0.000000 0.000000 1.000000
vn 0.000000 0.000000 1.000000
vn 0.000000 0.000000 1.000000
vn 0.000000 0.000000 1.000000
vn 0.000000 0.000000 1.000000
vn 0.000000 0.786105 0.618093
vn 0.000000 0.786105 0.618093
vn 0.000000 0.786105 0.618093
vn 0.000001 0.786108 0.618089
vn 0.000001 0.786108 0.618089
vn 0.000000 0.786120 0.618074
vn 0.000000 0.786120 0.618074
vn -0.000001 0.786115 0.618080
vn 0.000000 0.786105 0.618093
vn 1.000000 0.000000 0.000000
vn 1.000000 0.000000 0.000000
vn 0.000000 -0.786107 -0.618091
vn 0.000000 -0.786107 -0.618091
vn 0.000000 -0.786107 -0.618091
vn 0.000000 -0.786106 -0.618091
vn 0.000000 -0.786106 -0.618092
vn 0.000000 -0.786105 -0.618093
vn 0.000000 -0.786107 -0.618091
vn -1.000000 0.000000 0.000000
vn -1.000000 0.000000 0.000000
vn 0.000000 0.786105 0.618093
vn 0.000000 0.786140 -0.618048
vn 0.000000 0.786140 -0.618048
vn 0.000001 0.786139 -0.618049
vn -0.000000 0.786136 -0.618054
vn -0.000001 0.786136 -0.618054
vn 0.000000 -0.786132 0.618059
vn 0.000000 -0.786132 0.618059
vn 0.000000 -0.786132 0.618059
vn 0.000000 -0.786132 0.618059
vn 0.000000 -0.786132 0.618058
vn 0.000000 -0.786133 0.618058
vn 0.000000 -0.786144 0.618044
vn 0.000000 0.617863 -0.786286
vn -0.000001 0.617863 -0.786285
vn -0.000001 0.617863 -0.786285
vn -0.000000 0.617863 -0.786286
vn -1.000000 0.000003 0.000000
vn -1.000000 -0.000004 0.000000
vn -1.000000 -0.000004 0.000000
vn -1.000000 0.000003 0.000000
vn -1.000000 -0.000004 0.000000
vn -1.000000 -0.000004 0.000000
vn 0.000000 -0.614252 0.789110
vn 0.000000 -0.614252 0.789110
vn 0.000000 -0.614252 0.789110
vn 0.000000 -0.614252 0.789110
vn 0.000001 0.617826 -0.786315
vn 0.000001 0.617826 -0.786315
vn 0.000000 -0.614252 0.789110
vn 0.000000 -0.614252 0.789110
vn 0.000000 0.617812 -0.786326
vn 0.000000 0.617812 -0.786326
vn 0.000000 -0.614253 0.789109
vn 0.000000 -0.614253 0.789109
vn 1.000000 0.000000 0.000000
vn 1.000000 -0.000000 0.000000
vn 1.000000 -0.000000 0.000000
vn 1.000000 0.000000 0.000000
vn 0.000000 0.617812 -0.786326
vn 0.000000 0.617812 -0.786326
vn 1.000000 0.000000 0.000000
vn 1.000000 0.000000 0.000000
vn 0.000000 -0.614252 0.789110
vn 0.000000 -0.614252 0.789110
vn 0.000000 -0.614282 -0.789087
vn 0.000000 -0.614282 -0.789087
vn 0.000000 -0.614282 -0.789087
vn 0.000000 -0.614282 -0.789087
vn -1.000000 0.000003 0.000000
vn -1.000000 0.000003 0.000000
vn -1.000000 0.000003 0.000000
vn -1.000000 0.000003 0.000000
vn 0.000000 -0.614283 -0.789086
vn 0.000000 -0.614283 -0.789086
vn 0.000000 -0.614283 -0.789086
vn 0.000000 -0.614283 -0.789086
vn 1.000000 0.000000 0.000000
vn 1.000000 0.000000 0.000000
vn 1.000000 0.000000 0.000000
vn 1.000000 0.000000 0.000000
vn 0.000000 -0.614283 -0.789086
vn 0.000000 -0.614283 -0.789086
vn 1.000000 0.000000 0.000000
vn 1.000000 0.000000 0.000000
vn 0.000000 0.617959 0.786210
vn 0.000000 0.617961 0.786209
vn 0.000000 0.617961 0.786209
vn 0.000000 0.617959 0.786210
vn 0.000001 0.617953 0.786215
vn 0.000001 0.617953 0.786215
vn 0.000000 0.617939 0.786226
vn -0.000000 0.617939 0.786226
vn -0.000001 0.617939 0.786226
vn -0.000001 0.617939 0.786226
vn -1.000000 0.000000 0.000000
vn -1.000000 0.000000 0.000000
vn -1.000000 0.000000 0.000000
vn -1.000000 0.000000 0.000000
vn -1.000000 0.000000 0.000000
vn -1.000000 0.000000 0.000000
vn 0.837529 -0.546393 -0.000002
vn 0.837539 -0.546377 -0.000007
vn -0.879553 -0.475801 0.000018
vn -0.879553 -0.475801 0.000018
vn -0.837530 0.546391 0.000010
vn -0.837526 0.546398 0.000003
vn -0.835154 0.550016 0.000000
vn -0.834997 0.550255 0.000000
vn -0.834997 0.550255 0.000000
vn -0.835154 0.550016 0.000000
vn 0.000016 1.000000 -0.000009
vn 0.000009 1.000000 -0.000011
vn -0.000009 1.000000 -0.000011
vn -0.000017 1.000000 -0.000009
vn 0.834994 0.550259 -0.000007
vn 0.835142 0.550034 -0.000007
vn 0.835142 0.550034 0.000000
vn 0.834994 0.550258 0.000000
vn 0.837525 0.546400 -0.000004
vn 0.837537 0.546381 0.000000
vn 0.879550 -0.475807 0.000000
vn 0.879550 -0.475807 0.000000
vn -0.837527 -0.546396 0.000020
vn -0.837504 -0.546431 0.000002
vn 1.000000 0.000000 0.000000
vn 1.000000 0.000000 0.000000
vn 1.000000 0.000000 0.000000
vn 1.000000 0.000000 0.000000
vn -1.000000 -0.000000 0.000000
vn -1.000000 0.000000 0.000000
vn -1.000000 -0.000000 0.000000
vn -1.000000 0.000000 0.000000
vn 0.837527 -0.546397 0.000000
vn 0.837532 -0.546388 0.000000
vn -0.879551 -0.475804 0.000000
vn -0.879551 -0.475804 0.000000
vn -0.837521 0.546405 0.000000
vn -0.837521 0.546405 0.000000
vn -0.834999 0.550252 0.000000
vn -0.835155 0.550014 -0.000000
vn -0.835155 0.550014 -0.000000
vn -0.834999 0.550252 0.000000
vn 0.000056 1.000000 0.000001
vn 0.000030 1.000000 0.000001
vn -0.000031 1.000000 0.000001
vn -0.000059 1.000000 0.000001
vn 0.835143 0.550033 0.000000
vn 0.834995 0.550257 0.000000
vn 0.834996 0.550257 0.000000
vn 0.835143 0.550033 0.000000
vn 0.837515 0.546415 0.000000
vn 0.837515 0.546414 0.000000
vn 0.879550 -0.475807 0.000000
vn 0.879550 -0.475807 0.000000
vn -0.837527 -0.546395 0.000000
vn -0.837544 -0.546371 0.000000
vn 1.000000 0.000000 0.000000
vn 1.000000 -0.000000 0.000000
vn 1.000000 0.000000 0.000000
vn 1.000000 0.000000 0.000000
vn 0.837504 -0.546431 0.000007
vn 0.837524 -0.546401 0.000000
vn 0.837524 -0.546401 0.000000
vn 0.837524 -0.546401 0.000000
vn 0.837523 -0.546402 0.000000
vn 0.837524 -0.546401 0.000000
vn 0.837524 -0.546401 0.000000
vn 0.837524 -0.546401 0.000000
vn 0.837504 -0.546432 0.000000
vn -0.837517 0.546412 0.000000
vn -0.837518 0.546410 0.000001
vn -0.837515 0.546414 0.000000
vn -0.837515 0.546415 0.000000
vn -0.837515 0.546414 0.000000
vn -0.837518 0.546409 -0.000001
vn -0.837517 0.546412 -0.000000
vn 0.837539 0.546378 0.000000
vn 0.837538 0.546379 0.000000
vn 0.000000 0.000000 -1.000000
vn 0.000000 0.000000 -1.000000
vn -0.837513 -0.546417 -0.000018
vn -0.837500 -0.546437 0.000000
vn -0.837499 -0.546438 0.000000
vn -0.837499 -0.546438 0.000000
vn -0.837498 -0.546440 0.000000
vn -0.837500 -0.546437 0.000000
vn -0.837499 -0.546439 0.000000
vn -0.837498 -0.546440 0.000000
vn -0.837515 -0.546415 0.000021
vn 0.000000 0.000000 1.000000
vn 0.000000 0.000000 1.000000
vn 0.837540 0.546377 0.000000
vn 0.837540 0.546376 0.000000
vn 0.837540 0.546377 0.000000
vn 0.837540 0.546377 0.000000
vn 0.837539 0.546378 0.000000
vn 0.837539 0.546378 0.000000
vn 0.837538 0.546379 0.000000
vn 0.837538 0.546379 0.000000
vn 0.837538 0.546379 0.000000
vn 0.837538 0.546379 0.000000
vn 0.837538 0.546379 0.000000
vn 0.837538 0.546379 0.000000
vn -0.000005 0.000000 -1.000000
vn -0.000005 0.000000 -1.000000
vn -0.000005 0.000000 -1.000000
vn -0.000005 0.000000 -1.000000
vn 0.550209 -0.835027 0.000000
vn 0.550210 -0.835026 0.000000
vn 0.550210 -0.835026 0.000000
vn 0.550209 -0.835027 0.000000
vn 0.000005 0.000000 -1.000000
vn 0.000005 0.000000 -1.000000
vn -0.546376 0.837540 0.000000
vn -0.546384 0.837535 0.000000
vn -0.546384 0.837535 0.000000
vn -0.546376 0.837540 0.000000
vn 0.550211 -0.835026 0.000000
vn 0.550211 -0.835026 0.000000
vn -0.546388 0.837532 0.000000
vn -0.546388 0.837532 0.000000
vn 0.550211 -0.835026 0.000000
vn 0.550211 -0.835026 0.000000
vn -0.546384 0.837535 0.000000
vn -0.546384 0.837535 0.000000
vn 0.550209 -0.835027 0.000000
vn 0.550209 -0.835027 0.000000
vn -0.546380 0.837538 0.000000
vn -0.546380 0.837538 0.000000
vn -0.000009 0.000000 1.000000
vn -0.000010 0.000000 1.000000
vn -0.000010 0.000000 1.000000
vn -0.000009 0.000000 1.000000
vn 0.550209 -0.835027 0.000000
vn 0.550209 -0.835027 0.000000
vn 0.550209 -0.835027 0.000000
vn 0.550209 -0.835027 0.000000
vn -0.546381 0.837537 0.000000
vn -0.546386 0.837533 0.000000
vn -0.546386 0.837533 0.000000
vn -0.546381 0.837537 0.000000
vn -0.000001 0.000000 1.000000
vn -0.000001 0.000000 1.000000
vn 0.000008 0.000000 -1.000000
vn 0.000009 0.000000 -1.000000
vn 0.000009 0.000000 -1.000000
vn 0.000008 0.000000 -1.000000
vn -0.550274 -0.834984 0.000000
vn -0.550276 -0.834983 0.000000
vn -0.550276 -0.834983 0.000000
vn -0.550274 -0.834984 0.000000
vn -0.550277 -0.834982 0.000000
vn -0.550277 -0.834982 0.000000
vn -0.550277 -0.834982 0.000000
vn -0.550277 -0.834982 0.000000
vn -0.550274 -0.834984 0.000000
vn -0.550274 -0.834984 0.000000
vn 0.000005 0.000000 1.000000
vn 0.000008 0.000004 1.000000
vn 0.000008 0.000004 1.000000
vn 0.000005 0.000000 1.000000
vn -0.550272 -0.834986 0.000000
vn -0.550274 -0.834984 0.000000
vn -0.550274 -0.834984 0.000000
vn -0.550272 -0.834986 0.000000
vn 0.546461 0.837485 0.000001
vn 0.546484 0.837469 0.000001
vn 0.546484 0.837469 0.000001
vn 0.546460 0.837485 0.000001
vn -0.000006 0.000000 -1.000000
vn -0.000006 0.000000 -1.000000
vn 0.546443 0.837497 0.000000
vn 0.546443 0.837497 0.000000
vn 0.546444 0.837496 0.000000
vn 0.546444 0.837496 0.000000
vn 0.546442 0.837497 0.000000
vn 0.546442 0.837497 0.000000
vn 0.000048 0.000068 1.000000
vn 0.000048 0.000068 1.000000
vn 0.546485 0.837469 -0.000001
vn 0.546461 0.837485 -0.000001
vn 0.546461 0.837485 -0.000001
vn 0.546485 0.837469 -0.000001
vn 1.000000 0.000000 0.000000
vn 1.000000 0.000000 0.000000
vn 1.000000 0.000000 0.000000
vn 1.000000 0.000000 0.000000
vn -1.000000 0.000000 0.000000
vn -1.000000 0.000000 0.000000
vn -1.000000 0.000000 0.000000
vn -1.000000 0.000000 0.000000
vn 1.000000 0.000000 0.000000
vn 1.000000 0.000000 0.000000
vn -1.000000 0.000000 0.000000
vn -1.000000 0.000000 0.000000
vn 1.000000 0.000000 0.000000
vn 1.000000 0.000000 0.000000
vn -1.000000 0.000000 0.000000
vn -1.000000 0.000000 0.000000
vn 1.000000 0.000000 0.000000
vn 1.000000 0.000000 0.000000
vn -1.000000 0.000000 0.000000
vn -1.000000 0.000000 0.000000
vn 0.000000 0.000000 -1.000000
vn 0.000000 0.000000 -1.000000
vn 1.000000 0.000000 0.000000
vn 1.000000 0.000000 0.000000
vn 1.000000 0.000000 0.000000
vn 1.000000 0.000000 0.000000
vn 0.000000 0.000000 -1.000000
vn 0.000000 0.000000 -1.000000
vn -1.000000 0.000000 0.000000
vn -1.000000 0.000000 0.000000
vn -1.000000 0.000000 0.000000
vn -1.000000 0.000000 0.000000
vn 0.000000 0.000000 1.000000
vn 0.000000 0.000000 1.000000
vn -1.000000 0.000000 0.000000
vn -1.000000 0.000000 0.000000
vn 0.000000 0.000000 1.000000
vn 0.000000 0.000000 1.000000
vn 1.000000 0.000000 0.000000
vn 1.000000 0.000000 0.000000
vn -1.000000 0.000000 0.000000
vn -1.000000 0.000000 0.000000
vn 1.000000 0.000000 0.000000
vn 1.000000 0.000000 0.000000
vn 0.000000 -1.000000 0.000000
vn 0.000000 -1.000000 0.000000
vn 0.000000 -1.000000 0.000000
vn 0.000000 -1.000000 0.000000
vn 0.000000 -1.000000 0.000000
vn 0.000000 -1.000000 0.000000
vn 0.000000 -1.000000 0.000000
vn 0.000000 -1.000000 0.000000
vn -0.837501 -0.546437 0.000000
vn -0.837502 -0.546434 0.000002
vn -0.837501 -0.546437 0.000000
vn 0.834994 0.550259 -0.000012
vn 0.835142 0.550034 -0.000012
vn -0.837527 -0.546395 0.000037
vn 0.837526 0.546397 -0.000008
vn 0.837501 -0.546436 0.000000
vn 0.837501 -0.546436 0.000000
vn 0.837503 -0.546434 0.000000
vn -0.835154 0.550016 0.000000
vn -0.834997 0.550255 0.000000
vn -0.837537 0.546381 0.000017
vn -0.837528 0.546394 0.000006
vn -0.879555 -0.475798 0.000033
vn -0.879555 -0.475798 0.000033
vn 0.837530 -0.546391 -0.000004
vn 0.837544 -0.546370 -0.000012
vn -0.837527 -0.546396 0.000037
vn 0.879550 -0.475806 0.000000
vn 0.879550 -0.475806 0.000000
vn 0.837540 0.546376 0.000000
vn 0.000000 1.000000 0.000000
vn 0.000000 1.000000 0.000000
vn -1.000000 0.000000 0.000000
vn -1.000000 0.000000 0.000000
vn 0.000000 1.000000 0.000000
vn 1.000000 0.000000 0.000000
vn 1.000000 0.000000 0.000000
vn 0.000000 1.000000 0.000000
vn 0.000000 -1.000000 0.000000
vn 0.000000 -1.000000 0.000000
vn 0.000000 -1.000000 0.000000
vn 0.000000 -1.000000 0.000000
vn 0.000000 -1.000000 0.000000
vn 0.000000 -1.000000 0.000000
vn 0.000000 -1.000000 0.000000
vn 0.000000 -1.000000 0.000000
vn -0.837501 -0.546436 0.000000
vn -0.837501 -0.546436 0.000000
vn -0.837503 -0.546433 -0.000002
vn 0.835142 0.550034 0.000000
vn 0.834994 0.550258 0.000000
vn 0.837523 0.546402 0.000000
vn -0.837528 -0.546395 -0.000035
vn 0.837502 -0.546435 0.000008
vn 0.837503 -0.546433 0.000008
vn 0.837502 -0.546435 0.000008
vn -0.834997 0.550254 0.000000
vn -0.835155 0.550015 -0.000001
vn 0.837508 -0.546425 -0.000029
vn 0.837517 -0.546411 -0.000005
vn -0.879570 -0.475770 0.000031
vn -0.879570 -0.475770 0.000031
vn -0.837523 0.546402 -0.000009
vn -0.837515 0.546415 -0.000009
vn 0.837539 0.546378 0.000000
vn 0.879548 -0.475810 0.000000
vn 0.879548 -0.475810 0.000000
vn -0.837527 -0.546396 -0.000035
vn 0.000000 1.000000 0.000000
vn 0.000000 1.000000 0.000000
vn 1.000000 0.000000 0.000000
vn 1.000000 0.000000 0.000000
vn 0.000000 1.000000 0.000000
vn -1.000000 0.000000 0.000000
vn -1.000000 0.000000 0.000000
vn 0.000000 1.000000 0.000000
vn 1.000000 0.000000 0.000000
vn 1.000000 0.000000 0.000000
vn 1.000000 0.000000 0.000000
vn 1.000000 0.000000 0.000000
vn 1.000000 -0.000000 0.000000
vn 1.000000 -0.000000 0.000000
vn 1.000000 0.000000 0.000000
vn 1.000000 0.000000 0.000000
vn 1.000000 0.000001 0.000000
vn 1.000000 -0.000000 0.000000
vn 1.000000 0.000001 0.000000
vn 1.000000 -0.000000 0.000000
vn 0.000000 1.000000 0.000000
vn 0.000000 1.000000 0.000000
vn 0.000000 1.000000 0.000000
vn 0.000000 1.000000 0.000000
vn 0.000000 0.000000 1.000000
vn 0.000000 0.000000 1.000000
vn 0.000000 0.000000 1.000000
vn 0.000000 0.000000 1.000000
vn 0.000000 -1.000000 0.000000
vn 0.000000 -1.000000 0.000000
vn 0.000000 -1.000000 0.000000
vn 0.000000 -1.000000 0.000000
vn 0.000000 0.000000 -1.000000
vn 0.000000 0.000000 -1.000000
vn 0.000000 0.000000 -1.000000
vn 0.000000 0.000000 -1.000000
vn 0.000000 0.000000 -1.000000
vn 0.000000 0.000000 -1.000000
vn 0.000000 0.000000 -1.000000
vn 0.000000 0.000000 -1.000000
vn 0.000000 1.000000 0.000000
vn 0.000000 1.000000 0.000000
vn 0.000000 1.000000 0.000000
vn 0.000000 1.000000 0.000000
vn 0.000000 0.000000 1.000000
vn 0.000000 0.000000 1.000000
vn 0.000000 0.000000 1.000000
vn 0.000000 0.000000 1.000000
vn 0.000000 -1.000000 0.000000
vn 0.000000 -1.000000 0.000000
vn 0.000000 -1.000000 0.000000
vn 0.000000 -1.000000 0.000000
vn -1.000000 0.000000 0.000000
vn -1.000000 0.000000 0.000000
vn -1.000000 0.000000 0.000000
vn 0.000000 1.000000 0.000000
vn 0.000000 1.000000 0.000000
vn -1.000000 0.000000 0.000000
vn -1.000000 0.000000 0.000000
vn -1.000000 0.000000 0.000000
vn -1.000000 0.000000 0.000000
vn 0.000000 -1.000000 0.000000
vn 0.000000 -1.000000 0.000000
vn -1.000000 -0.000000 0.000000
vn -1.000000 -0.000000 0.000000
vn -1.000000 0.000016 -0.000011
vn -1.000000 -0.000002 -0.000011
vn -1.000000 -0.000024 -0.000009
vn 0.000000 1.000000 0.000000
vn 0.000000 1.000000 -0.000000
vn -0.000001 1.000000 -0.000000
vn -0.000000 1.000000 -0.000000
vn 0.000001 1.000000 -0.000000
vn -0.000001 1.000000 -0.000000
vn -0.000001 1.000000 0.000000
vn 0.000001 1.000000 0.000000
vn 0.000001 1.000000 0.000000
vn 0.000000 1.000000 0.000000
vn 0.000000 1.000000 -0.000000
vn 1.000000 -0.000000 0.000000
vn 1.000000 0.000000 0.000000
vn 1.000000 -0.000000 0.000000
vn 1.000000 -0.000000 0.000000
vn 0.000000 -1.000000 0.000000
vn 0.000000 -1.000000 0.000000
vn 1.000000 0.000000 0.000000
vn 1.000000 0.000000 0.000000
vn 0.000000 1.000000 0.000000
vn 0.000000 1.000000 0.000000
vn 1.000000 0.000000 0.000000
vn 1.000000 0.000000 0.000000
vn 1.000000 0.000000 0.000000
vn -1.000000 0.000000 0.000000
vn -1.000000 0.000000 0.000000
vn -1.000000 0.000000 0.000000
vn 0.000000 1.000000 0.000000
vn 0.000000 1.000000 0.000000
vn -1.000000 0.000000 0.000000
vn -1.000000 0.000000 0.000000
vn -1.000000 0.000000 0.000000
vn -1.000000 0.000000 0.000000
vn 0.000000 -1.000000 0.000000
vn 0.000000 -1.000000 0.000000
vn -1.000000 -0.000001 0.000000
vn -1.000000 -0.000001 0.000000
vn -1.000000 -0.000015 -0.000014
vn 0.000000 1.000000 -0.000059
vn 0.000000 1.000000 -0.000056
vn -0.000001 1.000000 -0.000043
vn -0.000000 1.000000 -0.000027
vn 0.000001 1.000000 -0.000050
vn -0.000001 1.000000 -0.000044
vn -0.000001 1.000000 -0.000012
vn 0.000001 1.000000 -0.000016
vn 0.000001 1.000000 -0.000041
vn 0.000000 1.000000 -0.000055
vn 0.000000 1.000000 -0.000053
vn 1.000000 0.000000 0.000000
vn 0.000000 -1.000000 0.000000
vn 0.000000 -1.000000 0.000000
vn 1.000000 0.000000 0.000000
vn 1.000000 0.000000 0.000000
vn 0.000000 1.000000 0.000000
vn 0.000000 1.000000 0.000000
vn 1.000000 0.000000 0.000000
vn 1.000000 0.000000 0.000000
vn 1.000000 0.000000 0.000000
vn 0.000000 0.000000 1.000000
vn 0.000000 0.000000 1.000000
vn 0.000000 0.000000 1.000000
vn 0.000000 0.000000 1.000000
vn 0.000000 1.000000 0.000000
vn 0.000000 1.000000 0.000000
vn 0.000000 0.000000 -1.000000
vn 0.000000 0.000000 -1.000000
vn 0.000000 0.000000 -1.000000
vn 0.000000 0.000000 -1.000000
vn 0.000000 -1.000000 0.000000
vn 0.000000 -1.000000 0.000000
vn 0.000000 -0.739390 -0.673277
vn 0.000000 -0.739432 -0.673232
vn 0.000000 0.742574 0.669764
vn 0.000000 0.739371 0.673298
vn 0.000000 -0.739435 -0.673227
vn 0.000000 -0.739435 -0.673227
vn 0.000000 0.742765 0.669552
vn 0.000000 -1.000000 0.000000
vn 0.000000 -1.000000 0.000000
vn 0.000000 -1.000000 0.000000
vn 0.000000 -1.000000 0.000000
vn 0.000000 -0.739430 0.673233
vn 0.000000 -0.739430 0.673233
vn 0.000000 -0.739430 0.673234
vn 0.000000 0.742553 -0.669787
vn 0.000000 0.742758 -0.669560
vn 0.000000 0.739357 -0.673314
vn 0.000000 0.739402 -0.673264
vn 0.000000 -0.673351 -0.739323
vn 0.000000 -0.673351 -0.739323
vn 0.000000 -0.739395 0.673272
vn 0.000000 -0.739337 0.673336
vn 0.000000 -0.739424 -0.673240
vn 0.000000 -0.673253 0.739413
vn 0.000000 -0.673253 0.739413
vn 0.000000 0.739384 0.673284
vn 0.000000 1.000000 0.000000
vn 0.000000 1.000000 0.000038
vn 0.000000 0.000000 -1.000000
vn 0.000000 0.000000 -1.000000
vn 0.000000 -1.000000 0.000000
vn 0.000000 -1.000000 0.000000
vn 0.000000 1.000000 0.000000
vn 0.000000 -1.000000 0.000000
vn 0.000000 -1.000000 0.000000
vn 0.000000 0.000000 1.000000
vn 0.000000 0.000000 1.000000
vn 0.000000 1.000000 -0.000059
vn 0.000000 -0.786105 -0.618093
vn 0.000000 -0.786145 -0.618042
vn 0.000000 0.788968 0.614435
vn 0.000000 0.786103 0.618096
vn 0.000000 -0.786147 -0.618039
vn 0.000000 -0.786147 -0.618039
vn 0.000000 0.789129 0.614228
vn 0.000000 -1.000000 0.000000
vn 0.000000 -1.000000 0.000000
vn 0.000000 -1.000000 0.000000
vn 0.000000 -1.000000 0.000000
vn 0.000000 1.000000 0.000000
vn 0.000000 1.000000 0.000000
vn 0.000000 -0.786145 0.618042
vn 0.000000 -0.786145 0.618042
vn 0.000000 -0.786144 0.618043
vn 0.000000 0.788951 -0.614457
vn 0.000000 0.789124 -0.614233
vn 0.000000 0.786130 -0.618061
vn 0.000000 0.786125 -0.618067
vn 0.000000 -0.725687 -0.688025
vn 0.000000 -0.725687 -0.688025
vn 0.000000 -0.786130 0.618061
vn 0.000000 -0.786127 0.618065
vn 0.000000 -0.786107 -0.618091
vn 0.000000 -0.725695 0.688016
vn 0.000000 -0.725695 0.688016
vn 0.000000 0.786105 0.618094
s 1
g House pCylinder39
usemtl lambert22SG
f 81/707/233 82/708/234 83/709/235
f 84/710/236 82/708/234 81/707/233
f 83/709/235 82/708/234 85/711/237
f 86/712/238 82/708/234 84/710/236
f 85/711/237 82/708/234 87/713/239
f 88/714/240 82/708/234 86/712/238
f 87/713/239 82/708/234 89/715/241
f 90/716/242 82/708/234 88/714/240
f 89/715/241 82/708/234 91/717/243
f 92/718/244 82/708/234 90/716/242
f 91/717/243 82/708/234 93/719/245
f 94/720/246 82/708/234 92/718/244
f 93/719/245 82/708/234 95/721/247
f 96/722/248 82/708/234 94/720/246
f 95/721/247 82/708/234 97/723/249
f 98/724/250 82/708/234 96/722/248
f 97/723/249 82/708/234 99/725/251
f 100/726/252 82/708/234 98/724/250
f 99/725/251 82/708/234 101/727/253
f 102/728/254 82/708/234 100/726/252
f 101/727/253 82/708/234 103/729/255
f 104/730/256 82/708/234 102/728/254
f 105/731/257 82/708/234 104/730/256
f 106/732/258 82/708/234 105/731/257
f 107/733/259 82/708/234 106/732/258
f 108/734/260 82/708/234 107/733/259
f 109/735/261 82/708/234 108/734/260
f 110/736/262 82/708/234 109/735/261
f 111/737/263 82/708/234 110/736/262
f 112/738/264 82/708/234 111/737/263
f 113/739/265 82/708/234 112/738/264
f 114/740/266 82/708/234 113/739/265
f 115/741/267 82/708/234 114/740/266
f 116/742/268 82/708/234 115/741/267
f 117/743/269 82/708/234 116/742/268
f 118/744/270 82/708/234 117/743/269
f 119/745/271 82/708/234 118/744/270
f 120/746/272 82/708/234 119/745/271
f 121/747/273 82/708/234 120/746/272
f 122/748/274 82/708/234 121/747/273
s 2
usemtl lambert8SG
f 1046/2106/275 1047/2107/276 1048/2108/277 1049/2109/278
f 1050/2110/279 1051/2111/280 1047/2107/276 1046/2106/275
f 1052/2116/281 1051/2111/280 1050/2110/279 1053/2117/282
f 1048/2108/277 1054/2112/283 1055/2113/284 1049/2109/278
s 3
f 1014/1955/285 1015/1956/286 1016/1957/287 1017/1958/288
f 1018/1959/289 1019/1960/290 1015/1956/286 1014/1955/285
f 1020/1965/291 1019/1960/290 1018/1959/289 1021/1966/292
s 4
usemtl lambert14SG
f 123/752/293 133/753/294 129/754/295 124/755/296
s 2
usemtl lambert8SG
f 1055/2113/284 1054/2112/283 1056/2119/297 1057/2120/298
s 5
usemtl blinn3SG
f 978/1815/299 979/1816/300 980/1817/301 981/1818/302
s 4
usemtl lambert14SG
f 126/756/303 136/757/304 133/753/294 123/752/293
s 5
usemtl blinn3SG
f 979/1816/300 982/1819/305 983/1820/306 980/1817/301
s 6
usemtl lambert8SG
f 924/1756/307 925/1757/308 138/221/309 137/222/310
s 7
f 970/1807/311 926/1759/312 139/351/313 969/1806/314
s 4
usemtl lambert14SG
f 140/758/315 136/757/304 126/756/303 127/759/316
s 3
usemtl lambert8SG
f 1017/1958/288 1022/1963/317 1023/1964/318 1014/1955/285
f 1014/1955/285 1023/1964/318 1024/1968/319 1018/1959/289
f 1018/1959/289 1024/1968/319 1025/1972/320 1021/1966/292
s 4
usemtl lambert14SG
f 129/754/295 133/753/294 143/760/321 144/761/322
s 2
usemtl lambert8SG
f 1058/2122/323 1052/2116/281 1053/2117/282 1059/2123/324
s 5
usemtl blinn3SG
f 980/1817/301 984/1821/325 985/1822/326 981/1818/302
s 4
usemtl lambert14SG
f 146/762/327 129/754/295 144/761/322 147/763/328
s 8
f 926/1760/329 927/1761/330 148/487/331 139/488/332
s 9
usemtl lambert8SG
f 144/2003/333 143/2004/334 149/2005/335 150/2006/336
s 10
f 150/2035/337 149/2036/338 151/2037/339 152/2038/340
s 4
usemtl lambert14SG
f 133/753/294 136/757/304 153/764/341 143/760/321
s 11
usemtl lambert8SG
f 152/2011/342 151/2012/343 154/2013/344 155/2014/345
s 12
usemtl blinn3SG
f 996/1833/346 997/1834/347 998/1835/348 999/1836/349
s 5
f 984/1821/325 980/1817/301 983/1820/306 986/1823/350
s 9
usemtl lambert8SG
f 143/2004/334 153/2007/351 157/2008/352 149/2005/335
s 10
f 149/2036/338 157/2039/353 158/2040/354 151/2037/339
s 6
f 138/221/309 159/223/355 156/224/356 137/222/310
s 7
f 139/351/313 160/353/357 968/1805/358 969/1806/314
s 11
f 151/2012/343 158/2015/359 161/2016/360 154/2013/344
s off
f 147/1987/361 144/1988/362 150/1989/363 162/1990/364
s 10
f 162/2041/365 150/2035/337 152/2038/340 163/2042/366
f 157/2039/353 164/2043/367 165/2044/368 158/2040/354
s off
f 163/1991/369 152/1992/370 155/1993/371 166/1994/372
s 9
f 153/2007/351 167/2009/373 164/2010/374 157/2008/352
s 11
f 158/2015/359 165/2017/375 168/2018/376 161/2016/360
s 3
f 1026/1969/377 1023/1964/318 1022/1963/317 1027/1970/378
f 1028/1973/379 1024/1968/319 1023/1964/318 1026/1969/377
f 1025/1972/320 1024/1968/319 1028/1973/379 1029/1976/380
s 13
usemtl lambert18SG
f 154/822/381 171/823/382 166/824/383 155/825/384
s 4
usemtl lambert14SG
f 136/757/304 140/758/315 167/765/385 153/764/341
f 172/766/386 173/767/387 146/762/327 147/763/328
s 13
usemtl lambert18SG
f 161/826/388 174/827/389 171/823/382 154/822/381
s 4
usemtl lambert14SG
f 175/768/390 176/769/391 146/762/327 173/767/387
s 5
usemtl blinn3SG
f 985/1822/326 984/1821/325 987/1824/392 988/1825/393
s 8
usemtl lambert14SG
f 927/1761/330 928/1762/394 177/490/395 148/487/331
s 10
usemtl lambert8SG
f 178/2045/396 179/2046/397 162/2041/365 163/2042/366
s 14
f 179/2019/398 172/2020/399 147/2021/400 162/2022/401
s 13
usemtl lambert18SG
f 180/828/402 174/827/389 161/826/388 168/829/403
s 15
usemtl lambert8SG
f 171/2027/404 178/2028/405 163/2029/406 166/2030/407
s off
usemtl lambert15SG
f 1130/2249/408 1131/2250/409 1132/2251/410 1133/2252/411
s 10
usemtl lambert8SG
f 164/2043/367 182/2047/412 183/2048/413 165/2044/368
s off
f 167/1995/414 184/1996/415 182/1997/416 164/1998/417
f 165/1999/418 183/2000/419 180/2001/420 168/2002/421
s 10
f 185/2049/422 186/2050/423 179/2046/397 178/2045/396
s 14
f 186/2023/424 187/2024/425 172/2020/399 179/2019/398
s 15
f 174/2031/426 185/2032/427 178/2028/405 171/2027/404
s 5
usemtl blinn3SG
f 987/1824/392 984/1821/325 986/1823/350 989/1826/428
s 12
f 1000/1837/429 999/1836/349 998/1835/348 1001/1838/430
s 4
usemtl lambert14SG
f 187/770/431 189/771/432 173/767/387 172/766/386
s 10
usemtl lambert8SG
f 182/2047/412 186/2050/423 185/2049/422 183/2048/413
s 6
f 156/224/356 159/223/355 190/226/433 188/227/434
s 15
f 183/2033/435 185/2032/427 174/2031/426 180/2034/436
s 14
f 184/2025/437 187/2024/425 186/2023/424 182/2026/438
s 7
f 968/1805/358 160/353/357 191/355/439 967/1804/440
s 16
f 192/235/441 193/236/442 861/1613/443 862/1615/444
s 2
f 1060/2127/445 1061/2126/446 1062/2128/447 1063/2129/448
s 4
usemtl lambert14SG
f 140/758/315 198/772/449 184/773/450 167/765/385
f 199/774/451 175/768/390 173/767/387 189/771/432
f 175/768/390 200/775/452 201/776/453 176/769/391
s 16
usemtl lambert8SG
f 192/235/441 202/239/454 203/240/455 193/236/442
s 17
f 861/1614/456 193/281/457 204/282/458 860/1612/459
s 18
f 195/373/460 194/374/461 205/375/462 206/376/463
s 8
usemtl lambert14SG
f 177/490/395 928/1762/394 929/1763/464 207/494/465
s 4
f 198/772/449 189/771/432 187/770/431 184/773/450
s 19
usemtl lambert8SG
f 192/379/466 862/1616/467 863/1617/468 208/380/469
s 17
f 193/281/457 203/273/470 209/276/471 204/282/458
s 8
usemtl lambert14SG
f 177/490/395 210/495/472 181/491/473 148/487/331
s 20
f 211/519/474 212/523/475 81/524/476 83/520/477
f 212/523/475 213/527/478 84/528/479 81/524/476
f 214/515/480 211/519/474 83/520/477 85/516/481
f 213/527/478 215/531/482 86/532/483 84/528/479
f 216/511/484 214/515/480 85/516/481 87/512/485
f 215/531/482 217/535/486 88/536/487 86/532/483
s 16
usemtl lambert8SG
f 202/239/454 218/242/488 219/243/489 203/240/455
s 20
usemtl lambert14SG
f 220/508/490 216/511/484 87/512/485 89/509/491
f 217/661/486 221/662/492 90/663/493 88/664/487
f 222/507/494 220/508/490 89/509/491 91/510/495
f 221/662/492 223/665/496 92/666/497 90/663/493
f 224/513/498 222/507/494 91/510/495 93/514/499
f 223/665/496 225/667/500 94/668/501 92/666/497
f 226/517/502 224/513/498 93/514/499 95/518/503
s 21
usemtl lambert8SG
f 919/1751/504 957/1794/505 958/1795/506 227/249/507
s 20
usemtl lambert14SG
f 225/667/500 228/669/508 96/670/509 94/668/501
s 8
f 160/492/510 181/491/473 229/496/511 191/497/512
s 20
f 230/521/513 226/517/502 95/518/503 97/522/514
f 228/669/508 231/671/515 98/672/516 96/670/509
f 232/525/517 230/521/513 97/522/514 99/526/518
s 23
usemtl lambert8SG
f 954/1791/519 918/1749/520 233/363/521 953/1790/522
s 20
usemtl lambert14SG
f 231/671/515 235/673/523 100/674/524 98/672/516
f 236/529/525 232/525/517 99/526/518 101/530/526
f 235/673/523 237/675/527 102/676/528 100/674/524
f 238/533/529 236/529/525 101/530/526 103/534/530
s 3
usemtl lambert8SG
f 1107/2227/531 1026/1969/377 1027/1970/378 1106/2225/532
s 20
usemtl lambert14SG
f 237/675/527 240/677/533 104/678/534 102/676/528
s 3
usemtl lambert8SG
f 1108/2228/535 1028/1973/379 1026/1969/377 1107/2227/531
s 20
usemtl lambert14SG
f 240/677/533 241/679/536 105/680/537 104/678/534
f 241/679/536 242/681/538 106/682/539 105/680/537
s 3
usemtl lambert8SG
f 1029/1976/380 1028/1973/379 1108/2228/535 1109/2229/540
s 24
f 918/1750/541 919/1751/542 227/249/543 233/250/544
s 25
f 203/273/545 219/274/546 244/275/547 209/276/548
s 20
usemtl lambert14SG
f 242/681/538 245/683/549 107/684/550 106/682/539
f 245/683/549 246/685/551 108/686/552 107/684/550
f 246/569/551 247/565/553 109/566/554 108/570/552
s 12
usemtl blinn3SG
f 1002/1842/555 1000/1837/429 1001/1838/430 1003/1843/556
s 20
usemtl lambert14SG
f 247/565/553 248/561/557 110/562/558 109/566/554
f 248/561/557 249/557/559 111/558/560 110/562/558
f 249/557/559 250/553/561 112/554/562 111/558/560
s 5
usemtl blinn3SG
f 988/1825/393 987/1824/392 1103/2220/563 1104/2222/564
s 20
usemtl lambert14SG
f 250/553/561 251/549/565 113/550/566 112/554/562
f 251/549/565 252/545/567 114/546/568 113/550/566
f 253/537/569 238/533/529 103/534/530 254/538/570
f 252/545/567 255/539/571 115/542/572 114/546/568
s 4
f 256/777/573 199/774/451 189/771/432 198/772/449
s 20
f 255/539/571 257/540/574 116/541/575 115/542/572
s 26
f 258/575/576 916/578/577 917/579/578 234/580/579
s 27
usemtl blinn3SG
f 884/1640/580 885/1641/581 886/1642/582 887/1643/583
s 20
usemtl lambert14SG
f 257/540/574 260/543/584 117/544/585 116/541/575
s 18
usemtl lambert8SG
f 259/377/586 261/378/587 206/376/463 205/375/462
s 20
usemtl lambert14SG
f 260/543/584 262/547/588 118/548/589 117/544/585
f 262/547/588 263/551/590 119/552/591 118/548/589
s 16
usemtl lambert8SG
f 192/235/441 264/241/592 218/242/488 202/239/454
s 20
usemtl lambert14SG
f 263/551/590 265/555/593 120/556/594 119/552/591
s 19
usemtl lambert8SG
f 864/1618/595 266/383/596 208/380/469 863/1617/468
s 20
usemtl lambert14SG
f 265/555/593 267/559/597 121/560/598 120/556/594
s 1
usemtl lambert22SG
f 82/708/234 268/749/599 254/750/600 103/729/255
s 20
usemtl lambert14SG
f 267/559/597 269/563/601 122/564/602 121/560/598
s 27
usemtl blinn3SG
f 888/1644/603 885/1641/581 884/1640/580 889/1645/604
s 5
f 1103/2220/563 987/1824/392 989/1826/428 1102/2218/605
s 8
usemtl lambert14SG
f 207/494/465 272/498/606 210/495/472 177/490/395
s 28
f 479/830/607 480/831/608 192/832/609 208/833/610
s 6
usemtl lambert8SG
f 188/227/434 190/226/433 1099/2213/611 1100/2215/612
s 7
f 967/1804/440 191/355/439 1097/2210/613 1098/2212/614
s 8
usemtl lambert14SG
f 229/496/511 181/491/473 210/495/472 277/499/615
s 25
usemtl lambert8SG
f 279/279/616 270/280/617 209/276/548 244/275/547
s 1
usemtl lambert22SG
f 122/748/274 280/751/618 268/749/599 82/708/234
s 21
usemtl lambert8SG
f 958/1795/506 959/1796/619 281/253/620 227/249/507
s 23
f 952/1789/621 953/1790/522 233/363/521 283/366/622
s 20
usemtl lambert14SG
f 269/563/601 284/567/623 280/568/624 122/564/602
s 24
usemtl lambert8SG
f 283/252/625 233/250/544 227/249/543 281/253/626
s 27
usemtl blinn3SG
f 885/1641/581 890/1646/627 891/1647/628 886/1642/582
s 18
usemtl lambert8SG
f 285/381/629 286/382/630 261/378/587 259/377/586
s 4
usemtl lambert14SG
f 287/778/631 288/779/632 199/774/451 256/777/573
s 19
usemtl lambert8SG
f 865/1619/633 289/386/634 266/383/596 864/1618/595
s 26
usemtl lambert14SG
f 290/581/635 915/582/636 916/578/577 258/575/576
s 16
usemtl lambert8SG
f 218/242/488 264/241/592 291/244/637 219/243/489
s 8
usemtl lambert14SG
f 191/497/512 229/496/511 1096/2209/638 1097/2211/639
s 27
usemtl blinn3SG
f 892/1648/640 890/1646/627 885/1641/581 888/1644/603
s 26
usemtl lambert14SG
f 234/580/579 282/583/641 294/584/642 258/575/576
s 3
usemtl lambert8SG
f 1034/1982/643 1035/1983/644 1036/1979/645 1037/1978/646
s 28
usemtl lambert14SG
f 266/1484/647 478/1485/648 479/1486/607 208/1487/610
s 3
usemtl lambert8SG
f 1035/1983/644 1038/1985/649 1039/1981/650 1036/1979/645
f 1038/1985/649 1040/1986/651 1041/1984/652 1039/1981/650
s 30
f 219/274/653 291/277/654 298/278/655 244/275/656
s 12
usemtl blinn3SG
f 1112/2235/657 1002/1842/555 1003/1843/556 1111/2234/658
s 8
usemtl lambert14SG
f 277/499/615 210/495/472 272/498/606 299/502/659
s 25
usemtl lambert8SG
f 300/285/660 293/286/661 270/280/617 279/279/616
s 31
f 301/233/662 295/234/663 938/1774/664 939/1775/665
s 21
f 281/253/620 959/1796/619 960/1797/666 302/256/667
s 23
f 951/1788/668 952/1789/621 283/366/622 304/368/669
s 27
usemtl blinn3SG
f 890/1646/627 893/1649/670 894/1650/671 891/1647/628
s 18
usemtl lambert8SG
f 306/384/672 286/382/630 285/381/629 305/385/673
s 19
f 307/387/674 289/386/634 865/1619/633 866/1620/675
s 32
f 1070/2182/676 1071/2183/677 1072/2184/678 1073/2185/679
s 24
f 304/255/680 283/252/625 281/253/626 302/256/681
s 32
f 1071/2183/677 1074/2186/682 1075/2187/683 1072/2184/678
f 1074/2186/682 1076/2192/684 1077/2193/685 1075/2187/683
s 27
usemtl blinn3SG
f 893/1649/670 890/1646/627 892/1648/640 895/1651/686
s 16
usemtl lambert14SG
f 480/599/687 481/600/688 264/601/592 192/602/441
s 31
usemtl lambert8SG
f 963/1800/689 301/233/662 939/1775/665 962/1799/690
s 26
usemtl lambert14SG
f 315/585/691 914/586/692 915/582/636 290/581/635
s 6
usemtl lambert8SG
f 316/231/693 314/232/694 940/1776/695 941/1777/696
s 28
usemtl lambert14SG
f 289/1488/697 477/1489/698 478/1485/648 266/1484/647
s 7
usemtl lambert8SG
f 318/359/699 964/1801/700 965/1802/701 942/1779/702
s 8
usemtl lambert14SG
f 229/496/511 277/499/615 1095/2207/703 1096/2209/638
s 26
f 258/575/576 294/584/642 320/587/704 290/581/635
s 32
usemtl lambert8SG
f 1078/2190/705 1070/2182/676 1073/2185/679 1079/2191/706
s 25
f 312/290/707 293/286/661 300/285/660 321/291/708
s 26
usemtl lambert14SG
f 322/592/709 294/584/642 282/583/641 303/593/710
s 35
usemtl blinn3SG
f 899/1655/711 900/1656/712 901/1657/713 902/1658/714
s 28
usemtl lambert14SG
f 323/840/715 274/837/716 273/836/717 324/841/718
s 37
f 318/846/719 325/847/720 309/848/721 308/849/722
s 32
usemtl lambert8SG
f 1078/2190/705 1079/2191/706 1080/2195/723 1081/2196/724
s 8
usemtl lambert14SG
f 943/1781/725 326/504/726 318/505/727 942/1780/728
s 27
usemtl blinn3SG
f 896/1652/729 897/1653/730 894/1650/671 893/1649/670
s 18
usemtl lambert8SG
f 849/1600/731 850/1601/732 306/384/672 305/385/673
s off
usemtl lambert14SG
f 638/1490/733 639/1491/734 640/1492/735 641/1493/736
s 16
usemtl lambert8SG
f 875/1629/737 876/1631/738 331/245/739 332/246/740
s 19
f 867/1621/741 851/1602/742 307/387/674 866/1620/675
s 37
usemtl lambert14SG
f 325/847/720 334/852/743 310/853/744 309/848/721
s 27
usemtl blinn3SG
f 898/1654/745 896/1652/729 893/1649/670 895/1651/686
s 8
usemtl lambert14SG
f 1095/2208/703 277/589/615 299/590/659 1094/2206/746
s 21
usemtl lambert8SG
f 297/262/747 337/261/748 936/1772/749 937/1773/750
s 26
usemtl lambert14SG
f 290/581/635 320/587/704 338/594/751 315/585/691
s 35
usemtl blinn3SG
f 900/1656/712 903/1661/752 904/1662/753 901/1657/713
s 40
usemtl lambert8SG
f 331/391/754 876/1632/755 877/1633/756 340/394/757
s 30
f 875/1630/758 332/283/759 341/284/760 874/1628/761
s 28
usemtl lambert14SG
f 296/1494/762 342/1495/763 324/1496/718 273/1497/717
s 26
f 320/587/704 294/584/642 322/592/709 343/595/764
s 21
usemtl lambert8SG
f 302/256/667 960/1797/666 1114/2238/765 1115/2240/766
s 25
f 846/1596/767 847/1597/768 312/290/707 321/291/708
s 23
f 1117/2243/769 951/1788/668 304/368/669 1116/2241/770
s 42
f 332/397/771 331/391/772 340/394/773 341/398/774
s 43
f 1218/2469/775 1219/2470/776 1220/2471/777 1221/2472/778
s 37
usemtl lambert14SG
f 334/852/743 348/857/779 311/858/780 310/853/744
s 24
usemtl lambert8SG
f 1116/2242/781 304/255/680 302/256/681 1115/2240/782
s 43
f 1222/2473/783 1219/2470/776 1218/2469/775 1223/2474/784
s 32
f 1076/2192/684 1082/2197/785 1083/2198/786 1077/2193/685
s 8
usemtl lambert14SG
f 350/506/787 326/504/726 943/1781/725 944/1782/788
s 37
f 326/850/789 351/851/790 325/847/720 318/846/719
s 43
usemtl lambert8SG
f 1224/2477/791 1222/2473/783 1223/2474/784 1225/2478/792
s 16
usemtl lambert14SG
f 323/607/793 353/608/794 313/606/795 274/605/796
s 26
f 1119/2246/797 322/592/709 303/593/710 1118/2245/798
s 35
usemtl blinn3SG
f 903/1661/752 905/1664/799 906/1665/800 904/1662/753
s 28
usemtl lambert14SG
f 851/1603/801 852/1604/802 476/1500/803 307/1501/804
f 296/1494/762 317/1502/805 356/1503/806 342/1495/763
s 40
usemtl lambert8SG
f 877/1633/756 878/1634/807 358/396/808 340/394/757
s 30
f 359/289/809 873/1627/810 874/1628/761 341/284/760
s 46
usemtl lambert14SG
f 264/866/811 481/867/812 482/868/813 339/869/814
s 26
f 338/594/751 320/587/704 343/595/764 361/780/815
s 42
usemtl lambert8SG
f 340/394/773 358/396/816 359/401/817 341/398/774
s 47
usemtl lambert14SG
f 362/609/818 363/610/819 720/1086/820 721/1088/821
usemtl lambert8SG
f 362/263/818 366/265/822 367/266/823 363/264/819
f 1157/2326/824 368/268/825 369/269/826 1156/2324/827
s 49
usemtl lambert14SG
f 370/1472/828 333/1473/829 349/1474/830 352/1475/831
s 37
f 351/851/790 371/856/832 334/852/743 325/847/720
s 8
f 372/598/833 350/1734/787 944/1735/788 945/1736/834
s 50
usemtl lambert8SG
f 720/1087/835 363/306/836 699/1059/837 719/1085/838
s 37
usemtl lambert14SG
f 350/854/839 374/855/840 351/851/790 326/850/789
s 51
usemtl lambert8SG
f 365/409/841 364/410/842 700/1061/843 701/1062/844
s off
usemtl lambert16SG
f 520/876/845 521/877/846 522/878/847 523/879/848
s 50
usemtl lambert8SG
f 363/306/836 367/303/849 698/1058/850 699/1059/837
s 52
f 362/415/851 721/1089/852 722/1090/853 702/1063/854
s 26
usemtl lambert14SG
f 343/595/764 322/592/709 1119/2246/797 1120/2247/855
s 40
usemtl lambert8SG
f 878/1634/807 879/1635/856 381/400/857 358/396/808
s 30
f 382/293/858 872/1626/859 873/1627/810 359/289/809
s 21
f 947/1784/860 383/259/861 935/1771/862 946/1783/863
s 54
f 1155/2323/864 816/1287/865 818/1288/866 1154/2321/867
s 46
usemtl lambert14SG
f 482/1521/813 483/1522/868 357/1523/869 339/1524/814
s 23
usemtl lambert8SG
f 386/371/870 948/1785/871 949/1786/872 934/1769/873
s 35
usemtl blinn3SG
f 907/1667/874 908/1668/875 906/1665/800 905/1664/799
s 42
usemtl lambert8SG
f 358/396/816 381/400/876 382/404/877 359/401/817
s 24
f 383/259/878 386/260/879 934/1770/880 935/1771/881
s 47
f 1158/2327/882 389/267/883 368/268/825 1157/2326/824
s 57
usemtl lambert14SG
f 704/1067/884 643/881/885 644/882/886 703/1066/887
s 32
usemtl lambert8SG
f 1084/2203/888 1085/2202/889 1086/2204/890 1087/2205/891
s 26
usemtl lambert14SG
f 348/1737/892 392/1738/893 932/1739/894 933/1740/895
s 43
usemtl lambert8SG
f 1226/2479/896 1224/2477/791 1225/2478/792 1227/2480/897
s 37
usemtl lambert14SG
f 371/856/832 392/862/898 348/857/779 334/852/743
f 374/855/840 393/861/899 371/856/832 351/851/790
f 372/859/900 394/860/901 374/855/840 350/854/839
s 40
usemtl lambert8SG
f 879/1635/856 880/1636/902 396/403/903 381/400/857
s 30
f 871/1625/904 872/1626/859 382/293/858 397/297/905
s 26
usemtl lambert14SG
f 361/780/815 343/595/764 1120/2247/855 1121/2248/906
s 46
f 483/1522/868 484/1527/907 380/1528/908 357/1523/869
s 42
usemtl lambert8SG
f 381/400/876 396/403/909 397/407/910 382/404/877
s 28
usemtl lambert14SG
f 854/1606/911 855/1607/912 376/1506/913 330/1507/914
s 46
f 313/872/915 353/874/916 388/875/917 360/873/918
s 47
usemtl lambert8SG
f 368/268/825 389/267/883 402/270/919 369/269/826
s 49
usemtl lambert14SG
f 486/1476/920 487/1477/921 333/1473/829 370/1472/828
s 61
usemtl blinn3SG
f 762/1132/922 763/1133/923 764/1134/924 765/1135/925
s 62
usemtl lambert14SG
f 1160/2331/926 646/614/927 647/615/928 1159/2330/929
s 51
usemtl lambert8SG
f 404/420/930 406/421/931 538/418/932 539/417/933
s 61
usemtl blinn3SG
f 766/1136/934 763/1133/923 762/1132/922 767/1137/935
s 52
usemtl lambert8SG
f 726/1094/936 408/425/937 537/422/938 725/1093/939
s 26
usemtl lambert14SG
f 392/1738/893 409/1742/940 931/1743/941 932/1739/894
s 65
usemtl lambert8SG
f 369/304/942 402/305/943 716/1082/944 717/1083/945
s 37
usemtl lambert14SG
f 393/861/899 409/864/946 392/862/898 371/856/832
f 394/860/901 410/863/947 393/861/899 374/855/840
s 46
f 395/1532/948 380/1528/908 484/1527/907 485/1533/949
s 54
usemtl lambert8SG
f 820/1296/950 1150/2317/951 1151/2318/952 823/1294/953
s 67
usemtl lambert14SG
f 527/888/954 391/885/955 705/1068/956 706/1069/957
s 40
usemtl lambert8SG
f 881/1637/958 843/1592/959 396/403/903 880/1636/902
s 30
f 844/1593/960 870/1624/961 871/1625/904 397/297/905
s 46
usemtl lambert14SG
f 400/1534/962 385/1530/963 360/1529/918 388/1535/917
s 42
usemtl lambert8SG
f 843/1592/964 844/1594/965 397/407/910 396/403/909
s 57
usemtl lambert14SG
f 648/896/966 649/897/967 650/892/968 651/891/969
s 43
usemtl lambert8SG
f 1228/2482/970 1229/2481/971 1230/2483/972 1231/2484/973
s 26
usemtl lambert14SG
f 931/1743/941 409/1742/940 419/1744/974 930/1745/975
s 37
f 410/863/947 419/865/976 409/864/946 393/861/899
s 47
f 749/1117/977 750/1119/978 421/619/979 422/620/980
s 46
f 485/1533/949 841/1589/981 842/1591/982 395/1532/948
f 415/1540/983 399/1536/984 385/1530/963 400/1534/962
s 69
f 1162/2335/985 528/622/986 405/623/987 1161/2334/988
s 61
usemtl blinn3SG
f 763/1133/923 768/1138/989 769/1139/990 764/1134/924
s 51
usemtl lambert8SG
f 424/423/991 425/424/992 406/421/931 404/420/930
s 61
usemtl blinn3SG
f 770/1142/993 768/1138/989 763/1133/923 766/1136/934
s 52
usemtl lambert8SG
f 727/1095/994 427/428/995 408/425/937 726/1094/936
s 65
f 749/1118/996 422/307/997 715/1080/998 748/1116/999
s 71
f 421/436/1000 750/1120/1001 751/1121/1002 714/1079/1003
s 72
usemtl blinn3SG
f 789/1159/1004 790/1160/1005 791/1161/1006 792/1162/1007
s 54
usemtl lambert8SG
f 824/1298/1008 1149/2316/1009 1150/2317/951 820/1296/950
s 49
usemtl lambert14SG
f 432/1482/1010 401/1483/1011 355/1481/1012 403/1480/1013
s 74
usemtl lambert8SG
f 422/442/1014 421/436/1015 714/1079/1016 715/1081/1017
s 75
usemtl lambert16SG
f 632/943/1018 633/944/1019 634/945/1020 635/946/1021
s 46
usemtl lambert14SG
f 411/1541/1022 399/1536/984 415/1540/983 420/1543/1023
s 76
f 647/949/1024 646/950/1025 711/1074/1026 712/1076/1027
s 57
f 654/901/1028 655/902/1029 649/897/967 648/896/966
s 61
usemtl blinn3SG
f 771/1144/1030 772/1150/1031 773/1151/1032 774/1145/1033
s 51
usemtl lambert8SG
f 437/429/1034 566/427/1035 567/426/1036 436/430/1037
s 61
usemtl blinn3SG
f 772/1150/1031 771/1144/1030 775/1148/1038 776/1154/1039
s 52
usemtl lambert8SG
f 440/432/1040 565/431/1041 728/1096/1042 729/1097/1043
s 54
f 1147/2314/1044 1148/2315/1045 828/1300/1046 829/1303/1047
s 46
usemtl lambert14SG
f 838/1586/1048 839/1587/1049 411/1541/1022 420/1543/1023
s 57
f 656/915/1050 657/908/1051 658/909/1052 659/916/1053
s 72
usemtl blinn3SG
f 790/1160/1005 793/1165/1054 794/1166/1055 791/1161/1006
s 65
usemtl lambert8SG
f 443/315/1056 744/1112/1057 745/1113/1058 542/313/1059
s 71
f 754/1124/1060 755/1125/1061 445/448/1062 543/445/1063
s 81
usemtl lambert14SG
f 405/953/1064 528/957/1065 709/1072/1066 710/1073/1067
s off
usemtl lambert18SG
f 615/994/1068 614/995/1069 616/996/1070 617/997/1071
s 74
usemtl lambert8SG
f 543/445/1072 445/448/1073 443/452/1074 542/449/1075
s 61
usemtl blinn3SG
f 777/1156/1076 778/1157/1077 773/1151/1032 772/1150/1031
s 76
usemtl lambert14SG
f 660/959/1078 661/965/1079 662/966/1080 663/960/1081
s 51
usemtl lambert8SG
f 680/1033/1082 681/1034/1083 437/429/1034 436/430/1037
s 61
usemtl blinn3SG
f 779/1158/1084 777/1156/1076 772/1150/1031 776/1154/1039
s 52
usemtl lambert8SG
f 730/1098/1085 682/1035/1086 440/432/1040 729/1097/1043
s 54
f 830/1304/1087 1146/2313/1088 1147/2314/1044 829/1303/1047
s 84
f 1194/2393/1089 1195/2394/1090 1196/2395/1091 1197/2396/1092
s 57
usemtl lambert14SG
f 683/1038/1093 684/1039/1094 656/915/1050 659/916/1053
s 84
usemtl lambert8SG
f 1198/2397/1095 1195/2394/1090 1194/2393/1089 1199/2398/1096
s 72
usemtl blinn3SG
f 795/1171/1097 796/1177/1098 797/1178/1099 798/1172/1100
s 84
usemtl lambert8SG
f 1200/2407/1101 1201/2404/1102 1202/2403/1103 1203/2408/1104
s off
usemtl lambert18SG
f 618/998/1105 619/999/1106 620/1000/1107 621/1001/1108
s 65
usemtl lambert8SG
f 459/317/1109 743/1111/1110 744/1112/1057 443/315/1056
s 71
f 755/1125/1061 756/1126/1111 461/451/1112 445/448/1062
s 81
usemtl lambert14SG
f 530/974/1113 449/970/1114 545/969/1115 546/968/1116
s 74
usemtl lambert8SG
f 445/448/1073 461/451/1117 459/455/1118 443/452/1074
s 88
usemtl lambert14SG
f 462/627/1119 1143/2309/1120 1144/2311/1121 457/630/1122
s 76
f 661/965/1079 666/971/1123 667/972/1124 662/966/1080
s 72
usemtl blinn3SG
f 799/1183/1125 800/1184/1126 797/1178/1099 796/1177/1098
s 67
usemtl lambert14SG
f 685/1042/1127 686/1043/1128 535/937/1129 442/924/1130
s 84
usemtl lambert8SG
f 1204/2411/1131 1200/2407/1101 1203/2408/1104 1205/2412/1132
s 65
f 741/1109/1133 742/1110/1134 570/319/1135 467/323/1136
s 71
f 757/1127/1137 758/1128/1138 469/457/1139 571/454/1140
s 74
f 571/454/1141 469/457/1142 467/461/1143 570/458/1144
s 76
usemtl lambert14SG
f 669/981/1145 668/977/1146 670/976/1147 671/982/1148
s off
f 672/631/1149 1141/2305/1150 1142/2308/1151 673/634/1152
s 81
f 531/979/1153 463/975/1154 449/970/1114 530/974/1113
s 65
usemtl lambert8SG
f 695/1054/1155 740/1108/1156 741/1109/1133 467/323/1136
s 71
f 759/1129/1157 694/1053/1158 469/457/1139 758/1128/1138
s 74
f 694/1053/1159 695/1055/1160 467/461/1143 469/457/1142
s 76
usemtl lambert14SG
f 671/982/1148 691/1048/1161 692/1050/1162 669/981/1145
s 84
usemtl lambert8SG
f 1206/2414/1163 1207/2413/1164 1208/2415/1165 1209/2416/1166
s 81
usemtl lambert14SG
f 470/985/1167 573/980/1168 574/984/1169 532/989/1170
s 92
f 533/635/1171 1139/2302/1172 1140/2304/1173 471/638/1174
s 81
f 689/1046/1175 690/1047/1176 470/985/1167 532/989/1170
s 4
f 231/782/1177 228/783/1178 175/768/390
f 228/783/1178 225/784/1179 175/768/390
f 225/784/1179 223/785/1180 175/768/390
f 223/785/1180 221/786/1181 175/768/390
f 221/786/1181 217/787/1182 175/768/390
f 217/787/1182 215/788/1183 175/768/390
f 215/788/1183 213/789/1184 175/768/390
f 213/789/1184 212/790/1185 175/768/390
f 212/790/1185 211/791/1186 175/768/390
f 211/791/1186 214/792/1187 175/768/390
f 214/792/1187 216/793/1188 175/768/390
f 216/793/1188 220/794/1189 175/768/390
f 220/794/1189 222/795/1190 175/768/390
f 278/803/1191 284/804/1192 253/802/1193
f 222/795/1190 224/796/1194 175/768/390
f 284/804/1192 288/779/632 253/802/1193
f 288/779/632 200/775/452 253/802/1193
f 253/802/1193 200/775/452 238/801/1195
f 200/775/452 175/768/390 238/801/1195
f 238/801/1195 175/768/390 236/800/1196
f 236/800/1196 175/768/390 232/799/1197
f 232/799/1197 175/768/390 230/798/1198
f 230/798/1198 175/768/390 226/797/1199
f 224/796/1194 226/797/1199 175/768/390
f 175/768/390 199/774/451 231/782/1177
f 231/782/1177 199/774/451 235/1765/1200
f 235/1765/1200 199/774/451 237/2053/1201
f 237/2053/1201 199/774/451 240/2052/1202
f 240/2052/1202 199/774/451 241/2051/1203
f 241/2051/1203 199/774/451 242/821/1204
f 242/821/1204 199/774/451 245/820/1205
f 245/820/1205 199/774/451 246/819/1206
f 246/819/1206 199/774/451 247/818/1207
f 247/818/1207 199/774/451 248/817/1208
f 248/817/1208 199/774/451 249/816/1209
f 249/816/1209 199/774/451 250/815/1210
f 288/779/632 284/804/1192 199/774/451
f 284/804/1192 269/805/1211 199/774/451
f 269/805/1211 267/806/1212 199/774/451
f 267/806/1212 265/807/1213 199/774/451
f 265/807/1213 263/808/1214 199/774/451
f 263/808/1214 262/809/1215 199/774/451
f 262/809/1215 260/810/1216 199/774/451
f 260/810/1216 257/811/1217 199/774/451
f 257/811/1217 255/812/1218 199/774/451
f 255/812/1218 252/813/1219 199/774/451
f 252/813/1219 251/814/1220 199/774/451
f 199/774/451 251/814/1220 250/815/1210
s off
usemtl lambert18SG
f 512/1002/1221 513/1003/1222 514/1004/1223 515/1005/1224
s 28
usemtl lambert14SG
f 478/1485/648 477/1489/698 489/1508/1225 490/1509/1226
f 479/1486/607 478/1485/648 490/1509/1226 491/1510/1227
f 491/834/1227 492/835/1228 480/831/608 479/830/607
s 16
f 492/603/1229 493/604/1230 481/600/688 480/599/687
s 46
f 482/868/813 481/867/812 493/870/1231 494/871/1232
f 494/1525/1232 495/1526/1233 483/1522/868 482/1521/813
f 495/1526/1233 496/1531/1234 484/1527/907 483/1522/868
f 485/1533/949 484/1527/907 496/1531/1234 497/1537/1235
f 497/1537/1235 840/1588/1236 841/1589/981 485/1533/949
s 49
f 498/1478/1237 499/1479/1238 487/1477/921 486/1476/920
s 28
f 476/1500/803 852/1604/802 853/1605/1239 488/1512/1240
f 330/1507/914 317/1502/805 489/1508/1225 488/1512/1240
f 490/1509/1226 489/1508/1225 317/1502/805 296/1494/762
f 491/1510/1227 490/1509/1226 296/1494/762 273/1497/717
f 273/836/717 274/837/716 492/835/1228 491/834/1227
s 16
f 274/605/796 313/606/795 493/604/1230 492/603/1229
s 46
f 494/871/1232 493/870/1231 313/872/915 360/873/918
f 360/1529/918 385/1530/963 495/1526/1233 494/1525/1232
f 385/1530/963 399/1536/984 496/1531/1234 495/1526/1233
f 497/1537/1235 496/1531/1234 399/1536/984 411/1541/1022
f 411/1541/1022 839/1587/1049 840/1588/1236 497/1537/1235
s 49
f 403/1480/1013 355/1481/1012 499/1479/1238 498/1478/1237
s 28
f 488/1512/1240 853/1605/1239 854/1606/911 330/1507/914
f 488/1512/1240 489/1508/1225 501/1513/1241 500/1514/1242
f 489/1508/1225 477/1489/698 502/1515/1243 501/1513/1241
f 477/1489/698 476/1500/803 503/1516/1244 502/1515/1243
f 476/1500/803 488/1512/1240 500/1514/1242 503/1516/1244
s off
usemtl lambert8SG
f 500/1562/1245 501/1563/1246 505/1564/1247 504/1565/1248
f 501/1546/1249 502/1547/1250 506/1548/1251 505/1549/1252
f 502/1566/1253 503/1567/1254 507/1568/1255 506/1569/1256
f 503/1550/1257 500/1551/1258 504/1552/1259 507/1553/1260
s 96
f 504/1578/1261 505/1579/1262 509/1580/1263 508/1581/1264
f 505/1579/1262 506/1582/1265 510/1583/1266 509/1580/1263
f 506/1582/1265 507/1584/1267 511/1585/1268 510/1583/1266
f 507/1584/1267 504/1578/1261 508/1581/1264 511/1585/1268
s off
f 508/1570/1269 509/1571/1270 513/1572/1271 512/1573/1272
f 509/1554/1273 510/1555/1274 514/1556/1275 513/1557/1276
f 510/1574/1277 511/1575/1278 515/1576/1279 514/1577/1280
f 511/1558/1281 508/1559/1282 512/1560/1283 515/1561/1284
s 28
usemtl lambert14SG
f 356/1503/806 317/1502/805 518/1517/1285 517/1518/1286
f 317/1502/805 330/1507/914 519/1519/1287 518/1517/1285
f 330/1507/914 376/1506/913 516/1520/1288 519/1519/1287
s off
f 517/641/1289 518/642/1290 522/643/1291 521/644/1292
f 518/687/1293 519/688/1294 523/689/1295 522/690/1296
f 519/645/1297 516/646/1298 520/647/1299 523/648/1300
s 67
f 525/928/1301 524/923/1302 446/935/1303 433/920/1304
s 75
usemtl lambert16SG
f 634/945/1020 633/944/1019 636/947/1305 637/948/1306
s 67
usemtl lambert14SG
f 413/894/1307 527/888/954 706/1069/957 707/1070/1308
s 69
f 1163/2336/1309 423/626/1310 528/622/986 1162/2335/985
s 81
f 709/1072/1066 528/957/1065 423/961/1311 708/1071/1312
f 455/978/1313 530/974/1113 546/968/1116 547/973/1314
f 466/983/1315 531/979/1153 530/974/1113 455/978/1313
f 532/989/1170 574/984/1169 575/988/1316 472/991/1317
f 688/1045/1318 689/1046/1175 532/989/1170 472/991/1317
s 92
f 475/639/1319 1138/2301/1320 1139/2302/1172 533/635/1171
s 67
f 535/937/1129 686/1043/1128 687/1044/1321 458/939/1322
f 458/939/1322 576/934/1323 577/922/1324 535/937/1129
s 57
f 651/891/969 650/892/968 674/887/1325 675/886/1326
s 52
usemtl lambert8SG
f 725/1093/939 537/422/938 551/419/1327 724/1092/1328
s 51
f 539/417/933 538/418/932 552/414/1329 553/413/1330
s 61
usemtl blinn3SG
f 780/1140/1331 762/1132/922 765/1135/925 781/1141/1332
f 767/1137/935 762/1132/922 780/1140/1331 782/1143/1333
s 54
usemtl lambert8SG
f 823/1294/953 1151/2318/952 1152/2319/1334 833/1292/1335
s 72
usemtl blinn3SG
f 801/1167/1336 789/1159/1004 792/1162/1007 802/1168/1337
s 65
usemtl lambert8SG
f 542/313/1059 745/1113/1058 746/1114/1338 556/311/1339
s 74
f 557/441/1340 543/445/1072 542/449/1075 556/446/1341
s 71
f 753/1123/1342 754/1124/1060 543/445/1063 557/441/1343
s 76
usemtl lambert14SG
f 676/955/1344 660/959/1078 663/960/1081 677/956/1345
s 81
f 546/968/1116 545/969/1115 559/964/1346 560/963/1347
f 547/973/1314 546/968/1116 560/963/1347 561/967/1348
s 67
f 563/893/1349 549/905/1350 548/907/1351 562/900/1352
s off
usemtl lambert18SG
f 623/1006/1353 622/1007/1354 624/1008/1355 625/1009/1356
s 57
usemtl lambert14SG
f 675/886/1326 674/887/1325 642/880/1357 645/883/1358
s 52
usemtl lambert8SG
f 724/1092/1328 551/419/1327 378/416/1359 723/1091/1360
s 51
f 553/413/1330 552/414/1329 375/412/1361 373/411/1362
s 61
usemtl blinn3SG
f 783/1146/1363 780/1140/1331 781/1141/1332 784/1147/1364
f 782/1143/1333 780/1140/1331 783/1146/1363 785/1149/1365
s 54
usemtl lambert8SG
f 833/1292/1335 1152/2319/1334 1153/2320/1366 835/1290/1367
s 72
usemtl blinn3SG
f 803/1173/1368 801/1167/1336 802/1168/1337 804/1174/1369
s 65
usemtl lambert8SG
f 556/311/1339 746/1114/1338 747/1115/1370 428/308/1371
s 74
f 430/439/1372 557/441/1340 556/446/1341 428/443/1373
s 71
f 752/1122/1374 753/1123/1342 557/441/1343 430/439/1375
s 76
usemtl lambert14SG
f 652/951/1376 676/955/1344 677/956/1345 653/952/1377
s 81
f 560/963/1347 559/964/1346 434/954/1378 529/958/1379
f 561/967/1348 560/963/1347 529/958/1379 438/962/1380
s 67
f 526/889/1381 563/893/1349 562/900/1352 414/895/1382
f 550/890/1383 563/893/1349 526/889/1381 390/884/1384
s 57
f 657/908/1051 655/902/1029 654/901/1028 658/909/1052
s 52
usemtl lambert8SG
f 728/1096/1042 565/431/1041 427/428/995 727/1095/994
s 51
f 567/426/1036 566/427/1035 425/424/992 424/423/991
s 61
usemtl blinn3SG
f 768/1138/989 771/1144/1030 774/1145/1033 769/1139/990
f 775/1148/1038 771/1144/1030 768/1138/989 770/1142/993
s 54
usemtl lambert8SG
f 828/1300/1046 1148/2315/1045 1149/2316/1009 824/1298/1008
s 72
usemtl blinn3SG
f 793/1165/1054 795/1171/1097 798/1172/1100 794/1166/1055
s 65
usemtl lambert8SG
f 570/319/1135 742/1110/1134 743/1111/1110 459/317/1109
s 74
f 461/451/1117 571/454/1141 570/458/1144 459/455/1118
s 71
f 756/1126/1111 757/1127/1137 571/454/1140 461/451/1112
s 76
usemtl lambert14SG
f 670/976/1147 668/977/1146 667/972/1124 666/971/1123
s 81
f 574/984/1169 573/980/1168 463/975/1154 531/979/1153
f 575/988/1316 574/984/1169 531/979/1153 466/983/1315
s 67
f 577/922/1324 576/934/1323 446/935/1303 524/923/1302
f 564/914/1385 577/922/1324 524/923/1302 435/910/1386
f 418/911/1387 435/910/1386 578/917/1388 579/918/1389
f 435/910/1386 524/923/1302 580/927/1390 578/917/1388
f 524/923/1302 525/928/1301 581/929/1391 580/927/1390
f 525/928/1301 418/911/1387 579/918/1389 581/929/1391
f 535/937/1129 577/922/1324 583/933/1392 582/938/1393
f 577/922/1324 564/914/1385 584/932/1394 583/933/1392
f 564/914/1385 442/924/1130 585/936/1395 584/932/1394
f 442/924/1130 535/937/1129 582/938/1393 585/936/1395
f 536/903/1396 549/905/1350 586/906/1397 587/904/1398
f 549/905/1350 563/893/1349 588/899/1399 586/906/1397
f 563/893/1349 550/890/1383 589/898/1400 588/899/1399
f 550/890/1383 536/903/1396 587/904/1398 589/898/1400
s off
usemtl lambert8SG
f 579/1400/1401 578/1401/1402 590/1402/1403 591/1403/1404
f 578/1352/1405 580/1353/1406 592/1354/1407 590/1355/1408
f 580/1404/1409 581/1405/1410 593/1406/1411 592/1407/1412
f 581/1356/1413 579/1357/1414 591/1358/1415 593/1359/1416
f 582/1408/1417 583/1409/1418 595/1410/1419 594/1411/1420
f 583/1360/1421 584/1361/1422 596/1362/1423 595/1363/1424
f 584/1412/1425 585/1413/1426 597/1414/1427 596/1415/1428
f 585/1364/1429 582/1365/1430 594/1366/1431 597/1367/1432
f 587/1368/1433 586/1369/1434 598/1370/1435 599/1371/1436
f 586/1416/1437 588/1417/1438 600/1418/1439 598/1419/1440
f 588/1372/1441 589/1373/1442 601/1374/1443 600/1375/1444
f 589/1420/1445 587/1421/1446 599/1422/1447 601/1423/1448
s 100
f 591/1448/1449 590/1449/1450 602/1450/1451 603/1451/1452
f 590/1449/1450 592/1452/1453 604/1453/1454 602/1450/1451
f 592/1452/1453 593/1454/1455 605/1455/1456 604/1453/1454
f 593/1454/1455 591/1448/1449 603/1451/1452 605/1455/1456
s 101
f 594/1456/1457 595/1457/1458 607/1458/1459 606/1459/1460
f 595/1457/1458 596/1460/1461 608/1461/1462 607/1458/1459
f 596/1460/1461 597/1462/1463 609/1463/1464 608/1461/1462
f 597/1462/1463 594/1456/1457 606/1459/1460 609/1463/1464
s 102
f 599/1464/1465 598/1465/1466 610/1466/1467 611/1467/1468
f 598/1465/1466 600/1468/1469 612/1469/1470 610/1466/1467
f 600/1468/1469 601/1470/1471 613/1471/1472 612/1469/1470
f 601/1470/1471 599/1464/1465 611/1467/1468 613/1471/1472
s off
f 603/1424/1473 602/1425/1474 614/1426/1475 615/1427/1476
f 602/1376/1477 604/1377/1478 616/1378/1479 614/1379/1480
f 604/1428/1481 605/1429/1482 617/1430/1483 616/1431/1484
f 605/1380/1485 603/1381/1486 615/1382/1487 617/1383/1488
f 606/1432/1489 607/1433/1490 619/1434/1491 618/1435/1492
f 607/1384/1493 608/1385/1494 620/1386/1495 619/1387/1496
f 608/1436/1497 609/1437/1498 621/1438/1499 620/1439/1500
f 609/1388/1501 606/1389/1502 618/1390/1503 621/1391/1504
f 611/1392/1505 610/1393/1506 622/1394/1507 623/1395/1508
f 610/1440/1509 612/1441/1510 624/1442/1511 622/1443/1512
f 612/1396/1513 613/1397/1514 625/1398/1515 624/1399/1516
f 613/1444/1517 611/1445/1518 623/1446/1519 625/1447/1520
s 67
usemtl lambert14SG
f 418/911/1387 525/928/1301 627/931/1521 626/930/1522
f 549/905/1350 536/903/1396 629/919/1523 628/912/1524
f 536/903/1396 418/911/1387 626/930/1522 629/919/1523
f 525/928/1301 433/920/1304 630/921/1525 627/931/1521
f 548/907/1351 549/905/1350 628/912/1524 631/913/1526
s 103
f 626/649/1527 627/650/1528 633/651/1529 632/652/1530
s 104
f 628/655/1531 629/656/1532 635/657/1533 634/658/1534
s off
f 629/691/1535 626/692/1536 632/693/1537 635/694/1538
s 103
f 627/650/1528 630/653/1539 636/654/1540 633/651/1529
s 104
f 631/659/1541 628/655/1531 634/658/1534 637/660/1542
s off
f 476/845/1543 477/839/1544 639/843/1545 638/844/1546
f 477/839/1547 289/838/1548 640/842/1549 639/843/1550
usemtl lambert8SG
f 289/329/1551 307/330/1552 641/464/1553 640/463/1554
usemtl lambert14SG
f 307/1010/1555 476/1011/1556 638/1012/1557 641/1013/1558
f 705/1068/1559 391/885/1560 643/881/1561 704/1067/1562
usemtl lambert8SG
f 362/331/1563 702/1064/1564 703/1065/1565 644/465/1566
s 105
usemtl lambert14SG
f 1161/2333/1567 405/696/1568 646/697/1569 1160/2332/1570
s 106
f 389/699/1571 1158/2328/1572 1159/2329/1573 647/702/1574
s off
f 418/1014/1575 536/1015/1576 650/1016/1577 649/1017/1578
usemtl lambert8SG
f 537/334/1579 408/335/1580 648/468/1581 651/467/1582
usemtl lambert14SG
f 405/953/1583 710/1073/1584 711/1074/1585 646/950/1586
usemtl lambert8SG
f 713/1078/1587 389/340/1588 647/470/1589 712/1075/1590
usemtl lambert14SG
f 435/910/1591 418/911/1592 649/897/1593 655/902/1594
usemtl lambert8SG
f 408/335/1595 427/336/1596 654/471/1597 648/468/1598
usemtl lambert14SG
f 442/924/1599 564/914/1600 657/908/1601 656/915/1602
usemtl lambert8SG
f 565/337/1603 440/338/1604 659/473/1605 658/472/1606
usemtl lambert14SG
f 545/969/1607 449/970/1608 661/965/1609 660/959/1610
usemtl lambert8SG
f 444/344/1611 544/343/1612 663/475/1613 662/474/1614
usemtl lambert14SG
f 685/1041/1615 442/1021/1616 656/1022/1617 684/1040/1618
usemtl lambert8SG
f 440/338/1619 682/1036/1620 683/1037/1621 659/473/1622
usemtl lambert14SG
f 449/970/1623 463/975/1624 666/971/1625 661/965/1626
usemtl lambert8SG
f 460/345/1627 444/344/1628 662/474/1629 667/477/1630
f 468/347/1631 572/346/1632 668/479/1633 669/478/1634
usemtl lambert14SG
f 573/980/1635 470/985/1636 671/982/1637 670/976/1638
s 107
f 471/703/1639 1140/2303/1640 1141/2306/1641 672/706/1642
s 108
usemtl lambert8SG
f 1143/2310/1643 462/272/1644 673/481/1645 1142/2307/1646
s off
usemtl lambert14SG
f 470/985/1647 690/1047/1648 691/1048/1649 671/982/1650
usemtl lambert8SG
f 693/1052/1651 468/347/1652 669/478/1653 692/1049/1654
usemtl lambert14SG
f 536/1015/1655 550/1018/1656 674/1019/1657 650/1016/1658
usemtl lambert8SG
f 551/333/1659 537/334/1660 651/467/1661 675/483/1662
usemtl lambert14SG
f 559/1024/1663 545/1025/1664 660/1026/1665 676/1027/1666
usemtl lambert8SG
f 544/343/1667 558/342/1668 677/484/1669 663/475/1670
usemtl lambert14SG
f 550/890/1671 390/884/1672 642/880/1673 674/887/1674
usemtl lambert8SG
f 378/332/1675 551/333/1676 675/483/1677 645/466/1678
usemtl lambert14SG
f 434/1028/1679 559/1024/1680 676/1027/1681 652/1029/1682
usemtl lambert8SG
f 558/342/1683 429/341/1684 653/469/1685 677/484/1686
usemtl lambert14SG
f 564/914/1687 435/910/1688 655/902/1689 657/908/1690
usemtl lambert8SG
f 427/336/1691 565/337/1692 658/472/1693 654/471/1694
f 572/346/1695 460/345/1696 667/477/1697 668/479/1698
usemtl lambert14SG
f 463/975/1699 573/980/1700 670/976/1701 666/971/1702
s 50
usemtl lambert8SG
f 451/321/1703 447/326/1704 679/1031/1705 678/1030/1706
f 447/326/1704 732/1100/1707 733/1101/1708 679/1031/1705
s 51
f 448/433/1709 450/434/1710 681/1034/1083 680/1033/1082
s 52
f 731/1099/1711 452/435/1712 682/1035/1086 730/1098/1085
s off
f 683/1037/1713 682/1036/1714 452/339/1715 664/476/1716
s 57
usemtl lambert14SG
f 664/925/1717 665/926/1718 684/1039/1094 683/1038/1093
s off
f 454/1020/1719 685/1041/1720 684/1040/1721 665/1023/1722
s 67
f 454/942/1723 534/940/1724 686/1043/1128 685/1042/1127
f 687/1044/1321 686/1043/1128 534/940/1724 465/941/1725
s 81
f 475/993/1726 533/992/1727 689/1046/1175 688/1045/1318
f 533/992/1727 471/990/1728 690/1047/1176 689/1046/1175
s off
f 691/1048/1729 690/1047/1730 471/990/1731 672/986/1732
s 76
f 692/1050/1162 691/1048/1161 672/986/1733 673/987/1734
s off
usemtl lambert8SG
f 462/348/1735 693/1052/1736 692/1049/1737 673/482/1738
s 71
f 760/1130/1739 474/460/1740 694/1053/1158 759/1129/1157
s 74
f 474/460/1741 473/462/1742 695/1055/1160 694/1053/1159
s 65
f 473/327/1743 761/1131/1744 740/1108/1156 695/1054/1155
f 464/324/1745 453/320/1746 697/1057/1747 696/1056/1748
s 54
f 836/1306/1749 1145/2312/1750 1146/2313/1088 830/1304/1087
s 61
usemtl blinn3SG
f 787/1153/1751 786/1155/1752 785/1149/1365 783/1146/1363
f 788/1152/1753 787/1153/1751 783/1146/1363 784/1147/1364
s 51
usemtl lambert8SG
f 701/1062/844 700/1061/843 373/411/1362 375/412/1361
s 52
f 702/1063/854 722/1090/853 723/1091/1360 378/416/1359
s off
f 703/1065/1754 702/1064/1755 378/332/1756 645/466/1757
s 57
usemtl lambert14SG
f 642/880/1357 704/1067/884 703/1066/887 645/883/1358
s off
f 390/884/1758 705/1068/1759 704/1067/1760 642/880/1761
s 67
f 706/1069/957 705/1068/956 390/884/1384 526/889/1381
f 707/1070/1308 706/1069/957 526/889/1381 414/895/1382
s 81
f 529/958/1379 709/1072/1066 708/1071/1312 438/962/1380
f 710/1073/1067 709/1072/1066 529/958/1379 434/954/1378
s off
f 711/1074/1762 710/1073/1763 434/954/1764 652/951/1765
s 76
f 712/1076/1027 711/1074/1026 652/951/1376 653/952/1377
s off
usemtl lambert8SG
f 429/341/1766 713/1078/1767 712/1075/1768 653/469/1769
s 71
f 714/1079/1003 751/1121/1002 752/1122/1374 430/439/1375
s 74
f 715/1081/1017 714/1079/1016 430/439/1372 428/443/1373
s 65
f 748/1116/999 715/1080/998 428/308/1371 747/1115/1370
s 72
usemtl blinn3SG
f 806/1179/1770 805/1180/1771 803/1173/1368 804/1174/1369
s 54
usemtl lambert8SG
f 1154/2321/867 818/1288/866 835/1290/1367 1153/2320/1366
s 50
f 700/1060/1772 719/1085/838 718/1084/1773 373/310/1774
f 364/309/1775 720/1087/835 719/1085/838 700/1060/1772
s 47
usemtl lambert14SG
f 721/1088/821 720/1086/820 364/611/1776 365/612/1777
s 52
usemtl lambert8SG
f 722/1090/853 721/1089/852 365/409/1778 701/1062/1779
f 723/1091/1360 722/1090/853 701/1062/1779 375/412/1780
f 552/414/1781 724/1092/1328 723/1091/1360 375/412/1780
f 538/418/1782 725/1093/939 724/1092/1328 552/414/1781
f 406/421/1783 726/1094/936 725/1093/939 538/418/1782
f 425/424/1784 727/1095/994 726/1094/936 406/421/1783
f 566/427/1785 728/1096/1042 727/1095/994 425/424/1784
f 729/1097/1043 728/1096/1042 566/427/1785 437/429/1786
f 681/1034/1787 730/1098/1085 729/1097/1043 437/429/1786
f 450/434/1788 731/1099/1711 730/1098/1085 681/1034/1787
s 84
f 1197/2396/1092 1196/2395/1091 1210/2399/1789 1211/2400/1790
s 50
f 733/1101/1708 732/1100/1707 448/328/1791 680/1032/1792
f 734/1102/1793 733/1101/1708 680/1032/1792 436/325/1794
f 735/1103/1795 734/1102/1793 436/325/1794 567/322/1796
f 736/1104/1797 735/1103/1795 567/322/1796 424/318/1798
f 737/1105/1799 736/1104/1797 424/318/1798 404/316/1800
f 738/1106/1801 737/1105/1799 404/316/1800 539/314/1802
f 739/1107/1803 738/1106/1801 539/314/1802 553/312/1804
f 718/1084/1773 739/1107/1803 553/312/1804 373/310/1774
s 72
usemtl blinn3SG
f 807/1185/1805 799/1183/1125 796/1177/1098 808/1181/1806
f 796/1177/1098 795/1171/1097 809/1175/1807 808/1181/1806
f 810/1169/1808 809/1175/1807 795/1171/1097 793/1165/1054
f 811/1164/1809 810/1169/1808 793/1165/1054 790/1160/1005
f 812/1163/1810 811/1164/1809 790/1160/1005 789/1159/1004
f 813/1170/1811 812/1163/1810 789/1159/1004 801/1167/1336
f 814/1176/1812 813/1170/1811 801/1167/1336 803/1173/1368
f 805/1180/1771 815/1182/1813 814/1176/1812 803/1173/1368
s 65
usemtl lambert8SG
f 402/305/943 749/1118/996 748/1116/999 716/1082/944
s 47
usemtl lambert14SG
f 402/617/919 389/618/883 750/1119/978 749/1117/977
s 71
usemtl lambert8SG
f 751/1121/1002 750/1120/1001 389/437/1814 713/1077/1815
f 752/1122/1374 751/1121/1002 713/1077/1815 429/438/1816
f 429/438/1816 558/440/1817 753/1123/1342 752/1122/1374
f 558/440/1817 544/444/1818 754/1124/1060 753/1123/1342
f 544/444/1818 444/447/1819 755/1125/1061 754/1124/1060
f 444/447/1819 460/450/1820 756/1126/1111 755/1125/1061
f 460/450/1820 572/453/1821 757/1127/1137 756/1126/1111
f 572/453/1821 468/456/1822 758/1128/1138 757/1127/1137
f 693/1051/1823 759/1129/1157 758/1128/1138 468/456/1822
f 462/459/1824 760/1130/1739 759/1129/1157 693/1051/1823
s 84
f 1204/2411/1131 1205/2412/1132 1207/2413/1164 1206/2414/1163
s 65
f 740/1108/1156 761/1131/1744 464/324/1745 696/1056/1748
s 111
f 737/1210/1825 738/1211/1826 765/1212/1827 764/1213/1828
s 112
f 540/1228/1829 407/1229/1830 766/1230/1831 767/1231/1832
s 111
f 736/1216/1833 737/1210/1825 764/1213/1828 769/1217/1834
s 112
f 407/1229/1830 426/1232/1835 770/1233/1836 766/1230/1831
s 111
f 734/1224/1837 735/1220/1838 774/1221/1839 773/1225/1840
s 112
f 568/1236/1841 439/1240/1842 776/1241/1843 775/1237/1844
s 114
f 679/1186/1845 733/1187/1846 778/1188/1847 777/1189/1848
s 111
f 733/1226/1849 734/1224/1837 773/1225/1840 778/1227/1850
s 114
f 678/1190/1851 679/1186/1845 777/1189/1848 779/1191/1852
s 112
f 439/1240/1842 678/1244/1853 779/1245/1854 776/1241/1843
s 111
f 738/1211/1826 739/1214/1855 781/1215/1856 765/1212/1827
s 112
f 554/1234/1857 540/1228/1829 767/1231/1832 782/1235/1858
s 111
f 739/1214/1855 718/1218/1859 784/1219/1860 781/1215/1856
s 112
f 377/1238/1861 554/1234/1857 782/1235/1858 785/1239/1862
s 111
f 735/1220/1838 736/1216/1833 769/1217/1834 774/1221/1839
s 112
f 426/1232/1835 568/1236/1841 775/1237/1844 770/1233/1836
s 115
f 699/1192/1863 698/1193/1864 786/1194/1865 787/1195/1866
s 112
f 698/1242/1867 377/1238/1861 785/1239/1862 786/1243/1868
s 115
f 719/1196/1869 699/1192/1863 787/1195/1866 788/1197/1870
s 111
f 718/1218/1859 719/1222/1871 788/1223/1872 784/1219/1860
s 116
f 412/1246/1873 541/1247/1874 792/1248/1875 791/1249/1876
f 431/1252/1877 412/1246/1873 791/1249/1876 794/1253/1878
f 441/1260/1879 569/1256/1880 798/1257/1881 797/1261/1882
s 117
f 696/1198/1883 697/1199/1884 800/1200/1885 799/1201/1886
s 116
f 697/1262/1887 441/1260/1879 797/1261/1882 800/1263/1888
f 541/1247/1874 555/1250/1889 802/1251/1890 792/1248/1875
f 555/1250/1889 384/1254/1891 804/1255/1892 802/1251/1890
f 569/1256/1880 431/1252/1877 794/1253/1878 798/1257/1881
s 118
f 717/1204/1893 716/1205/1894 805/1206/1895 806/1207/1896
s 116
f 384/1254/1891 717/1258/1897 806/1259/1898 804/1255/1892
s 117
f 740/1202/1899 696/1198/1883 799/1201/1886 807/1203/1900
s 119
f 741/1264/1901 740/1265/1902 807/1266/1903 808/1267/1904
f 742/1268/1905 741/1264/1901 808/1267/1904 809/1269/1906
f 743/1270/1907 742/1268/1905 809/1269/1906 810/1271/1908
f 744/1272/1909 743/1270/1907 810/1271/1908 811/1273/1910
f 745/1274/1911 744/1272/1909 811/1273/1910 812/1275/1912
f 746/1276/1913 745/1274/1911 812/1275/1912 813/1277/1914
f 747/1278/1915 746/1276/1913 813/1277/1914 814/1279/1916
s 118
f 716/1205/1894 748/1208/1917 815/1209/1918 805/1206/1895
s 119
f 748/1280/1919 747/1278/1915 814/1279/1916 815/1281/1920
s 47
f 1156/2325/827 369/1283/826 816/1284/1921 1155/2322/1922
s 120
f 369/1308/1923 717/1309/1924 818/1310/1925 816/1311/1926
s 121
f 698/1330/1927 367/1331/1928 817/1332/1929 819/1333/1930
f 407/1340/1931 540/1338/1932 822/1339/1933 821/1341/1934
s 120
f 541/1316/1935 412/1318/1936 820/1319/1937 823/1317/1938
s 121
f 426/1342/1939 407/1340/1931 821/1341/1934 825/1343/1940
s 120
f 412/1318/1936 431/1320/1941 824/1321/1942 820/1319/1937
s 121
f 439/1346/1943 568/1344/1944 826/1345/1945 827/1347/1946
s 120
f 569/1322/1947 441/1324/1948 829/1325/1949 828/1323/1950
s 121
f 678/1348/1951 439/1346/1943 827/1347/1946 831/1349/1952
s 120
f 441/1324/1948 697/1326/1953 830/1327/1954 829/1325/1949
s 121
f 540/1338/1932 554/1336/1955 832/1337/1956 822/1339/1933
s 120
f 555/1314/1957 541/1316/1935 823/1317/1938 833/1315/1958
s 121
f 554/1336/1955 377/1334/1959 834/1335/1960 832/1337/1956
s 120
f 384/1312/1961 555/1314/1957 833/1315/1958 835/1313/1962
s 121
f 568/1344/1944 426/1342/1939 825/1343/1940 826/1345/1945
s 120
f 431/1320/1941 569/1322/1947 828/1323/1950 824/1321/1942
s 84
f 1203/2408/1104 1202/2403/1103 1212/2409/1963 1213/2410/1964
s 121
f 451/1350/1965 678/1348/1951 831/1349/1952 837/1351/1966
s 120
f 697/1326/1953 453/1328/1967 836/1329/1968 830/1327/1954
f 717/1309/1924 384/1312/1961 835/1313/1962 818/1310/1925
s 121
f 377/1334/1959 698/1330/1927 819/1333/1930 834/1335/1960
s 46
usemtl lambert14SG
f 432/1545/1969 403/1544/1970 839/1587/1049 838/1586/1048
f 840/1588/1236 839/1587/1049 403/1544/1970 498/1542/1971
f 841/1589/981 840/1588/1236 498/1542/1971 486/1538/1972
f 842/1591/982 841/1589/981 486/1538/1972 370/1539/1973
s 40
usemtl lambert8SG
f 882/1638/1974 416/406/1975 843/1592/959 881/1637/958
s 42
f 416/406/1976 417/408/1977 844/1594/965 843/1592/964
s 30
f 417/301/1978 883/1639/1979 870/1624/961 844/1593/960
f 387/298/1980 345/294/1981 846/1596/1982 845/1595/1983
s 25
f 345/294/1984 335/295/1985 847/1597/768 846/1596/767
s 17
f 335/295/1986 327/300/1987 848/1598/1988 847/1597/1989
f 327/300/1987 869/1623/1990 856/1608/1991 848/1598/1988
s 18
f 328/388/1992 329/389/1993 850/1601/732 849/1600/731
s 19
f 868/1622/1994 333/390/1995 851/1602/742 867/1621/741
s 28
usemtl lambert14SG
f 333/1498/1996 487/1499/1997 852/1604/802 851/1603/801
f 853/1605/1239 852/1604/802 487/1499/1997 499/1511/1998
f 854/1606/911 853/1605/1239 499/1511/1998 355/1504/1999
f 355/1504/1999 401/1505/2000 855/1607/912 854/1606/911
s 17
usemtl lambert8SG
f 856/1608/1991 849/1599/2001 305/299/2002 857/1609/2003
f 858/1610/2004 857/1609/2003 305/299/2002 285/296/2005
f 859/1611/2006 858/1610/2004 285/296/2005 259/292/2007
f 860/1612/459 859/1611/2006 259/292/2007 205/288/2008
f 194/287/2009 861/1614/456 860/1612/459 205/288/2008
s 16
f 862/1615/444 861/1613/443 194/237/2010 195/238/2011
s 19
f 863/1617/468 862/1616/467 195/373/2012 206/376/2013
f 261/378/2014 864/1618/595 863/1617/468 206/376/2013
f 286/382/2015 865/1619/633 864/1618/595 261/378/2014
f 866/1620/675 865/1619/633 286/382/2015 306/384/2016
f 850/1601/2017 867/1621/741 866/1620/675 306/384/2016
f 329/389/2018 868/1622/1994 867/1621/741 850/1601/2017
s 43
f 1221/2472/778 1220/2471/777 1232/2475/2019 1233/2476/2020
s 17
f 856/1608/1991 869/1623/1990 328/302/2021 849/1599/2001
s 35
usemtl blinn3SG
f 909/1669/2022 907/1667/874 905/1664/799 910/1666/2023
f 905/1664/799 903/1661/752 911/1663/2024 910/1666/2023
f 912/1660/2025 911/1663/2024 903/1661/752 900/1656/712
f 913/1659/2026 912/1660/2025 900/1656/712 899/1655/711
s 30
usemtl lambert8SG
f 291/277/654 875/1630/758 874/1628/761 298/278/655
s 16
f 291/244/637 264/241/592 876/1631/738 875/1629/737
s 40
f 877/1633/756 876/1632/755 264/392/2027 339/393/2028
f 339/393/2028 357/395/2029 878/1634/807 877/1633/756
f 357/395/2029 380/399/2030 879/1635/856 878/1634/807
f 380/399/2030 395/402/2031 880/1636/902 879/1635/856
f 842/1590/2032 881/1637/958 880/1636/902 395/402/2031
f 370/405/2033 882/1638/1974 881/1637/958 842/1590/2032
s 43
f 1226/2479/896 1227/2480/897 1229/2481/971 1228/2482/970
s 30
f 870/1624/961 883/1639/1979 387/298/1980 845/1595/1983
s 127
f 859/1694/2034 860/1695/2035 887/1696/2036 886/1697/2037
s 128
f 860/1670/2038 204/1671/2039 884/1672/2040 887/1673/2041
f 204/1671/2039 209/1674/2042 889/1675/2043 884/1672/2040
s 129
f 209/1704/2044 270/1705/2045 888/1706/2046 889/1707/2047
s 127
f 858/1698/2048 859/1694/2034 886/1697/2037 891/1699/2049
s 129
f 270/1705/2045 293/1708/2050 892/1709/2051 888/1706/2046
s 127
f 857/1700/2052 858/1698/2048 891/1699/2049 894/1701/2053
s 129
f 293/1708/2050 312/1710/2054 895/1711/2055 892/1709/2051
s 130
f 848/1676/2056 856/1677/2057 897/1678/2058 896/1679/2059
s 127
f 856/1702/2060 857/1700/2052 894/1701/2053 897/1703/2061
s 130
f 847/1680/2062 848/1676/2056 896/1679/2059 898/1681/2063
s 129
f 312/1710/2054 847/1712/2064 898/1713/2065 895/1711/2055
s 131
f 279/1714/2066 244/1715/2067 902/1716/2068 901/1717/2069
s 132
f 244/1682/2070 298/1683/2071 899/1684/2072 902/1685/2073
s 131
f 300/1718/2074 279/1714/2066 901/1717/2069 904/1719/2075
f 321/1720/2076 300/1718/2074 904/1719/2075 906/1721/2077
s 133
f 845/1688/2078 846/1689/2079 908/1690/2080 907/1691/2081
s 131
f 846/1722/2082 321/1720/2076 906/1721/2077 908/1723/2083
s 133
f 870/1692/2084 845/1688/2078 907/1691/2081 909/1693/2085
s 134
f 871/1724/2086 870/1725/2087 909/1726/2088 910/1727/2089
f 872/1728/2090 871/1724/2086 910/1727/2089 911/1729/2091
f 873/1730/2092 872/1728/2090 911/1729/2091 912/1731/2093
f 874/1732/2094 873/1730/2092 912/1731/2093 913/1733/2095
s 132
f 298/1683/2071 874/1686/2096 913/1687/2097 899/1684/2072
s 26
usemtl lambert14SG
f 915/582/636 914/586/692 287/1746/2098 256/1748/2099
f 916/578/577 915/582/636 256/1748/2099 198/1764/2100
f 917/577/578 916/576/577 198/1766/2100 140/1767/2101
s 23
usemtl lambert8SG
f 955/1792/2102 197/362/2103 918/1749/520 954/1791/519
s 24
f 197/247/2104 196/248/2105 919/1751/542 918/1750/541
s 21
f 196/248/2106 956/1793/2107 957/1794/505 919/1751/504
f 145/251/2108 128/254/2109 921/1753/2110 920/1752/2111
s 3
f 1043/1971/2112 1042/1967/2113 1019/1960/290 1020/1965/291
f 1015/1956/286 1019/1960/290 1042/1967/2113 1044/1961/2114
f 1016/1957/287 1015/1956/286 1044/1961/2114 1045/1962/2115
s 31
f 125/228/2116 130/225/2117 923/1755/2118 922/1754/2119
f 130/225/2117 972/1809/2120 973/1810/2121 923/1755/2118
s 6
f 135/219/2122 134/220/2123 925/1757/308 924/1756/307
s 7
f 971/1808/2124 129/350/2125 926/1759/312 970/1807/311
s 8
usemtl lambert14SG
f 129/485/2126 146/486/2127 927/1761/330 926/1760/329
f 146/486/2127 176/489/2128 928/1762/394 927/1761/330
f 929/1763/464 928/1762/394 176/489/2128 201/493/2129
s 26
f 379/781/2130 931/1743/941 930/1745/975 398/1741/2131
f 932/1739/894 931/1743/941 379/781/2130 354/596/2132
f 933/1740/895 932/1739/894 354/596/2132 346/597/2133
s 23
usemtl lambert8SG
f 934/1769/873 949/1786/872 950/1787/2134 347/370/2135
s 24
f 935/1771/881 934/1770/880 347/257/2136 344/258/2137
s 21
f 961/1798/2138 946/1783/863 935/1771/862 344/258/2139
s 12
usemtl blinn3SG
f 1007/1848/2140 1006/1849/2141 1004/1845/2142 1005/1846/2143
s 3
usemtl lambert8SG
f 1039/1981/650 1041/1984/652 1033/1980/2144 1032/1977/2145
f 1036/1979/645 1039/1981/650 1032/1977/2145 1030/1974/2146
f 1037/1978/646 1036/1979/645 1030/1974/2146 1031/1975/2147
s 5
usemtl blinn3SG
f 994/1830/2148 993/1831/2149 991/1828/2150 990/1827/2151
f 992/1829/2152 995/1832/2153 994/1830/2148 990/1827/2151
s 6
usemtl lambert8SG
f 941/1777/696 940/1776/695 271/230/2154 275/229/2155
s 7
f 942/1779/702 965/1802/701 966/1803/2156 276/357/2157
s 8
usemtl lambert14SG
f 292/500/2158 943/1781/725 942/1780/728 276/501/2159
f 944/1782/788 943/1781/725 292/500/2158 319/503/2160
f 945/1736/834 944/1735/788 319/588/2160 336/591/2161
s 21
usemtl lambert8SG
f 337/261/748 947/1784/860 946/1783/863 936/1772/749
s 32
f 1083/2198/786 1082/2197/785 1085/2202/889 1084/2203/888
s 23
f 949/1786/872 948/1785/871 348/372/2162 933/1768/2163
f 950/1787/2134 949/1786/872 933/1768/2163 346/369/2164
f 1118/2244/2165 303/367/2166 951/1788/668 1117/2243/769
f 303/367/2166 282/365/2167 952/1789/621 951/1788/668
f 282/365/2167 234/364/2168 953/1790/522 952/1789/621
f 917/1747/2169 954/1791/519 953/1790/522 234/364/2168
f 140/361/2170 955/1792/2102 954/1791/519 917/1747/2169
s 2
f 1058/2122/323 1059/2123/324 1061/2126/446 1060/2127/445
s 21
f 957/1794/505 956/1793/2107 145/251/2108 920/1752/2111
s 12
usemtl blinn3SG
f 1009/1839/2171 1008/1840/2172 996/1833/346 999/1836/349
f 999/1836/349 1000/1837/429 1010/1841/2173 1009/1839/2171
f 1011/1844/2174 1010/1841/2173 1000/1837/429 1002/1842/555
f 1113/2237/2175 1011/1844/2174 1002/1842/555 1112/2235/657
f 1006/1849/2141 1013/1850/2176 1012/1847/2177 1004/1845/2142
s 31
usemtl lambert8SG
f 314/232/2178 963/1800/689 962/1799/690 940/1776/2179
s 32
f 1081/2196/724 1080/2195/723 1088/2200/2180 1089/2201/2181
s 7
f 965/1802/701 964/1801/700 316/360/2182 941/1778/2183
f 966/1803/2156 965/1802/701 941/1778/2183 275/358/2184
f 190/356/2185 967/1804/440 1098/2212/614 1099/2214/2186
f 159/354/2187 968/1805/358 967/1804/440 190/356/2185
f 969/1806/314 968/1805/358 159/354/2187 138/352/2188
f 925/1758/2189 970/1807/311 969/1806/314 138/352/2188
f 134/349/2190 971/1808/2124 970/1807/311 925/1758/2189
s 2
f 1057/2120/298 1056/2119/297 1064/2124/2191 1065/2125/2192
s 31
f 973/1810/2121 972/1809/2120 135/219/2193 924/1756/2194
f 974/1811/2195 973/1810/2121 924/1756/2194 137/222/2196
f 975/1812/2197 974/1811/2195 137/222/2196 156/224/2198
f 976/1813/2199 975/1812/2197 156/224/2198 188/227/2200
f 1101/2217/2201 976/1813/2199 188/227/2200 1100/2215/2202
f 940/1776/2179 962/1799/690 977/1814/2203 271/230/2204
s 138
f 922/1851/2205 923/1852/2206 979/1853/2207 978/1854/2208
s 139
f 131/1875/2209 922/1876/2210 978/1877/2211 981/1878/2212
s 138
f 923/1852/2206 973/1855/2213 982/1856/2214 979/1853/2207
s 140
f 973/1887/2215 974/1888/2216 983/1889/2217 982/1890/2218
s 139
f 141/1879/2219 131/1875/2209 981/1878/2212 985/1880/2220
s 140
f 974/1888/2216 975/1891/2221 986/1892/2222 983/1889/2217
s 139
f 169/1881/2223 141/1879/2219 985/1880/2220 988/1882/2224
s 140
f 975/1891/2221 976/1893/2225 989/1894/2226 986/1892/2222
s 139
f 1105/2224/2227 169/1881/2223 988/1882/2224 1104/2221/2228
s 140
f 976/1893/2225 1101/2216/2229 1102/2219/2230 989/1894/2226
s 141
f 939/1857/2231 938/1858/2232 993/1859/2233 994/1860/2234
s 139
f 938/1885/2235 239/1883/2236 991/1884/2237 993/1886/2238
s 140
f 977/1895/2239 962/1897/2240 995/1898/2241 992/1896/2242
s 141
f 962/1861/2243 939/1857/2231 994/1860/2234 995/1862/2244
s 142
f 920/1863/2245 921/1864/2246 997/1865/2247 996/1866/2248
s 143
f 921/1899/2249 132/1900/2250 998/1901/2251 997/1902/2252
f 132/1900/2250 142/1903/2253 1001/1904/2254 998/1901/2251
f 142/1903/2253 170/1905/2255 1003/1906/2256 1001/1904/2254
f 170/1905/2255 1110/2232/2257 1111/2233/2258 1003/1906/2256
s 144
f 937/1869/2259 936/1870/2260 1006/1871/2261 1007/1872/2262
s 143
f 243/1907/2263 937/1909/2264 1007/1910/2265 1005/1908/2266
s 145
f 958/1911/2267 957/1912/2268 1008/1913/2269 1009/1914/2270
s 142
f 957/1867/2271 920/1863/2245 996/1866/2248 1008/1868/2272
s 145
f 959/1915/2273 958/1911/2267 1009/1914/2270 1010/1916/2274
f 960/1917/2275 959/1915/2273 1010/1916/2274 1011/1918/2276
f 1114/2239/2277 960/1917/2275 1011/1918/2276 1113/2236/2278
s 144
f 936/1870/2260 946/1873/2279 1013/1874/2280 1006/1871/2261
s 145
f 946/1921/2281 961/1919/2282 1012/1920/2283 1013/1922/2284
s 146
f 922/1923/2285 131/1924/2286 1017/1925/2287 1016/1926/2288
s 147
f 132/1939/2289 921/1940/2290 1020/1941/2291 1021/1942/2292
s 146
f 131/1924/2286 141/1927/2293 1022/1928/2294 1017/1925/2287
s 147
f 142/1945/2295 132/1939/2289 1021/1942/2292 1025/1946/2296
s 146
f 141/1927/2293 169/1931/2297 1027/1932/2298 1022/1928/2294
s 147
f 170/1947/2299 142/1945/2295 1025/1946/2296 1029/1948/2300
s 146
f 169/1931/2297 1105/2223/2301 1106/2226/2302 1027/1932/2298
s 147
f 1110/2231/2303 170/1947/2299 1029/1948/2300 1109/2230/2304
s 32
f 1073/2185/679 1072/2184/678 1090/2188/2305 1091/2189/2306
s 146
f 938/1935/2307 295/1937/2308 1034/1938/2309 1037/1936/2310
s 32
f 1072/2184/678 1075/2187/683 1092/2194/2311 1090/2188/2305
f 1075/2187/683 1077/2193/685 1093/2199/2312 1092/2194/2311
s 147
f 297/1953/2313 937/1951/2314 1041/1952/2315 1040/1954/2316
s 2
f 1053/2117/282 1050/2110/279 1066/2118/2317 1067/2121/2318
s 147
f 921/1940/2290 128/1943/2319 1043/1944/2320 1020/1941/2291
s 2
f 1050/2110/279 1046/2106/275 1068/2115/2321 1066/2118/2317
f 1046/2106/275 1049/2109/278 1069/2114/2322 1068/2115/2321
s 146
f 125/1929/2323 922/1923/2285 1016/1926/2288 1045/1930/2324
s 147
f 937/1951/2314 243/1949/2325 1033/1950/2326 1041/1952/2315
s 146
f 239/1933/2327 938/1935/2307 1037/1936/2310 1031/1934/2328
s 150
f 123/2078/2329 124/2079/2330 1048/2080/2331 1047/2081/2332
f 126/2084/2333 123/2078/2329 1047/2081/2332 1051/2085/2334
f 127/2088/2335 126/2084/2333 1051/2085/2334 1052/2089/2336
s 7
f 124/2079/2337 129/2082/2125 1054/2083/2338 1048/2080/2339
s 31
f 130/2072/2117 125/2074/2116 1049/2075/2340 1055/2073/2341
s 7
f 129/2082/2125 971/2086/2124 1056/2087/2342 1054/2083/2338
s 31
f 972/2070/2120 130/2072/2117 1055/2073/2341 1057/2071/2343
s 23
f 140/2092/2170 127/2088/2344 1052/2089/2345 1058/2093/2346
s 21
f 128/2062/2109 145/2060/2108 1059/2061/2347 1053/2063/2348
f 956/2058/2107 196/2054/2106 1062/2057/2349 1061/2059/2350
s 24
f 196/2054/2105 197/2055/2104 1063/2056/2351 1062/2057/2352
s 23
f 197/2096/2103 955/2094/2102 1060/2095/2353 1063/2097/2354
s 21
f 145/2060/2108 956/2058/2107 1061/2059/2350 1059/2061/2347
s 23
f 955/2094/2102 140/2092/2170 1058/2093/2346 1060/2095/2353
s 7
f 971/2086/2124 134/2090/2190 1064/2091/2355 1056/2087/2342
s 6
f 134/2066/2123 135/2067/2122 1065/2068/2356 1064/2069/2357
s 31
f 135/2067/2193 972/2070/2120 1057/2071/2343 1065/2068/2358
s 3
f 1042/2098/2113 1043/2099/2112 1067/2100/2359 1066/2101/2360
s 147
f 1043/2064/2320 128/2062/2319 1053/2063/2361 1067/2065/2362
s 3
f 1044/2102/2114 1042/2098/2113 1066/2101/2360 1068/2103/2363
s 146
f 125/2074/2323 1045/2076/2324 1069/2077/2364 1049/2075/2365
s 3
f 1045/2104/2115 1044/2102/2114 1068/2103/2363 1069/2105/2366
s 151
f 308/2154/2367 309/2155/2368 1071/2156/2369 1070/2157/2370
f 309/2155/2368 310/2158/2371 1074/2159/2372 1071/2156/2369
f 310/2158/2371 311/2162/2373 1076/2163/2374 1074/2159/2372
s 7
f 318/2160/699 308/2154/2375 1070/2157/2376 1078/2161/2377
s 31
f 295/2150/663 301/2148/662 1079/2149/2378 1073/2151/2379
f 301/2148/662 963/2146/689 1080/2147/2380 1079/2149/2378
s 7
f 964/2164/700 318/2160/699 1078/2161/2377 1081/2165/2381
s 23
f 311/2162/2382 348/2166/2162 1082/2167/2383 1076/2163/2384
s 21
f 337/2136/748 297/2138/747 1077/2139/2385 1083/2137/2386
s 23
f 948/2170/871 386/2172/870 1086/2173/2387 1085/2171/2388
s 24
f 386/2130/879 383/2131/878 1087/2132/2389 1086/2133/2390
s 21
f 383/2131/861 947/2134/860 1084/2135/2391 1087/2132/2392
s 23
f 348/2166/2162 948/2170/871 1085/2171/2388 1082/2167/2383
s 21
f 947/2134/860 337/2136/748 1083/2137/2386 1084/2135/2391
s 31
f 963/2146/689 314/2142/2178 1088/2145/2393 1080/2147/2380
s 6
f 314/2142/694 316/2143/693 1089/2144/2394 1088/2145/2395
s 7
f 316/2168/2182 964/2164/700 1081/2165/2381 1089/2169/2396
s 3
f 1035/2174/644 1034/2175/643 1091/2176/2397 1090/2177/2398
s 146
f 1034/2152/2309 295/2150/2308 1073/2151/2399 1091/2153/2400
s 3
f 1038/2178/649 1035/2174/644 1090/2177/2398 1092/2179/2401
s 147
f 297/2138/2313 1040/2140/2316 1093/2141/2402 1077/2139/2403
s 3
f 1040/2180/651 1038/2178/649 1092/2179/2401 1093/2181/2404
s 8
usemtl lambert14SG
f 319/588/2160 1095/2208/703 1094/2206/746 336/591/2161
f 1096/2209/638 1095/2207/703 319/503/2160 292/500/2158
s off
usemtl lambert15SG
f 1135/2253/2405 1134/2254/2406 1136/2255/2407 1137/2256/2408
s 7
usemtl lambert8SG
f 1098/2212/614 1097/2210/613 276/357/2157 966/1803/2156
f 1099/2214/2186 1098/2212/614 966/1803/2156 275/358/2184
s 6
f 1100/2215/612 1099/2213/611 275/229/2155 271/230/2154
s 31
f 977/1814/2203 1101/2217/2201 1100/2215/2202 271/230/2204
s 140
f 1102/2219/2230 1101/2216/2229 977/1895/2239 992/1896/2242
s 5
usemtl blinn3SG
f 990/1827/2151 1103/2220/563 1102/2218/605 992/1829/2152
f 1104/2222/564 1103/2220/563 990/1827/2151 991/1828/2150
s 139
usemtl lambert8SG
f 239/1883/2236 1105/2224/2227 1104/2221/2228 991/1884/2237
s 146
f 1106/2226/2302 1105/2223/2301 239/1933/2327 1031/1934/2328
s 3
f 1030/1974/2146 1107/2227/531 1106/2225/532 1031/1975/2147
f 1032/1977/2145 1108/2228/535 1107/2227/531 1030/1974/2146
f 1109/2229/540 1108/2228/535 1032/1977/2145 1033/1980/2144
s 147
f 243/1949/2325 1110/2231/2303 1109/2230/2304 1033/1950/2326
s 143
f 1111/2233/2258 1110/2232/2257 243/1907/2263 1005/1908/2266
s 12
usemtl blinn3SG
f 1004/1845/2142 1112/2235/657 1111/2234/658 1005/1846/2143
f 1012/1847/2177 1113/2237/2175 1112/2235/657 1004/1845/2142
s 145
usemtl lambert8SG
f 961/1919/2282 1114/2239/2277 1113/2236/2278 1012/1920/2283
s 21
f 1115/2240/766 1114/2238/765 961/1798/2138 344/258/2139
s 24
f 347/257/2136 1116/2242/781 1115/2240/782 344/258/2137
s 23
f 950/1787/2134 1117/2243/769 1116/2241/770 347/370/2135
f 346/369/2164 1118/2244/2165 1117/2243/769 950/1787/2134
s 26
usemtl lambert14SG
f 354/596/2132 1119/2246/797 1118/2245/798 346/597/2133
f 1120/2247/855 1119/2246/797 354/596/2132 379/781/2130
f 1121/2248/906 1120/2247/855 379/781/2130 398/1741/2131
s 8
f 148/571/331 181/572/473 1123/573/2409 1122/574/2410
f 181/572/473 160/2257/510 1124/2258/2411 1123/573/2409
f 160/2257/510 139/2259/332 1125/2260/2412 1124/2258/2411
f 139/2259/332 148/571/331 1122/574/2410 1125/2260/2412
f 1097/2261/639 1096/2262/638 1126/2263/2413 1127/2264/2414
f 1096/2262/638 292/2265/2158 1128/2266/2415 1126/2263/2413
f 292/2265/2158 276/2267/2159 1129/2268/2416 1128/2266/2415
f 276/2267/2159 1097/2261/639 1127/2264/2414 1129/2268/2416
s off
f 1122/2269/2417 1123/2270/2418 1131/2271/2419 1130/2272/2420
f 1123/2285/2421 1124/2286/2422 1132/2287/2423 1131/2288/2424
f 1124/2273/2425 1125/2274/2426 1133/2275/2427 1132/2276/2428
f 1125/2289/2429 1122/2290/2430 1130/2291/2431 1133/2292/2432
f 1127/2293/2433 1126/2294/2434 1134/2295/2435 1135/2296/2436
f 1126/2277/2437 1128/2278/2438 1136/2279/2439 1134/2280/2440
f 1128/2297/2441 1129/2298/2442 1137/2299/2443 1136/2300/2444
f 1129/2281/2445 1127/2282/2446 1135/2283/2447 1137/2284/2448
s 92
f 1138/2301/1320 1164/2337/2449 1165/2338/2450 1139/2302/1172
f 1140/2304/1173 1139/2302/1172 1165/2338/2450 1166/2340/2451
s 107
f 1141/2306/1641 1140/2303/1640 1166/2339/2452 1167/2342/2453
s off
usemtl lambert15SG
f 1191/2373/2454 1190/2374/2455 1192/2375/2456 1193/2376/2457
s 108
usemtl lambert8SG
f 1169/2346/2458 1143/2310/1643 1142/2307/1646 1168/2343/2459
s 88
usemtl lambert14SG
f 1144/2311/1121 1143/2309/1120 1169/2345/2460 1170/2347/2461
s 84
usemtl lambert8SG
f 1202/2403/1103 1201/2404/1102 1214/2402/2462 1215/2401/2463
f 1212/2409/1963 1202/2403/1103 1215/2401/2463 1216/2405/2464
s 54
f 1146/2313/1088 1145/2312/1750 1171/2348/2465 1172/2349/2466
f 1147/2314/1044 1146/2313/1088 1172/2349/2466 1173/2350/2467
f 1173/2350/2467 1174/2351/2468 1148/2315/1045 1147/2314/1044
f 1149/2316/1009 1148/2315/1045 1174/2351/2468 1175/2352/2469
f 1150/2317/951 1149/2316/1009 1175/2352/2469 1176/2353/2470
f 1151/2318/952 1150/2317/951 1176/2353/2470 1177/2354/2471
f 1152/2319/1334 1151/2318/952 1177/2354/2471 1178/2355/2472
f 1153/2320/1366 1152/2319/1334 1178/2355/2472 1179/2356/2473
f 1180/2357/2474 1154/2321/867 1153/2320/1366 1179/2356/2473
f 1181/2359/2475 1155/2323/864 1154/2321/867 1180/2357/2474
s 47
f 1182/2361/2476 1156/2325/827 1155/2322/1922 1181/2358/2477
f 1183/2362/2478 1157/2326/824 1156/2324/827 1182/2360/2476
f 1184/2363/2479 1158/2327/882 1157/2326/824 1183/2362/2478
s 106
usemtl lambert14SG
f 1159/2329/1573 1158/2328/1572 1184/2364/2480 1185/2365/2481
s 62
f 1186/2367/2482 1160/2331/926 1159/2330/929 1185/2366/2483
s 105
f 1187/2369/2484 1161/2333/1567 1160/2332/1570 1186/2368/2485
s 69
f 1188/2371/2486 1162/2335/985 1161/2334/988 1187/2370/2487
f 1189/2372/2488 1163/2336/1309 1162/2335/985 1188/2371/2486
s 92
f 1164/2337/2449 465/640/2489 534/636/2490 1165/2338/2450
f 1166/2340/2451 1165/2338/2450 534/636/2490 454/637/2491
s 107
f 1167/2342/2453 1166/2339/2452 454/704/2492 665/705/2493
s off
f 1168/2344/2494 1167/2341/2495 665/632/2496 664/633/2497
s 108
usemtl lambert8SG
f 452/271/2498 1169/2346/2458 1168/2343/2459 664/480/2499
s 88
usemtl lambert14SG
f 1170/2347/2461 1169/2345/2460 452/628/2500 456/629/2501
s 84
usemtl lambert8SG
f 1215/2401/2463 1214/2402/2462 1198/2397/1095 1199/2398/1096
f 1216/2405/2464 1215/2401/2463 1199/2398/1096 1217/2406/2502
s 54
f 1172/2349/2466 1171/2348/2465 837/1307/2503 831/1305/2504
f 1173/2350/2467 1172/2349/2466 831/1305/2504 827/1302/2505
f 827/1302/2505 826/1301/2506 1174/2351/2468 1173/2350/2467
f 1175/2352/2469 1174/2351/2468 826/1301/2506 825/1299/2507
f 1176/2353/2470 1175/2352/2469 825/1299/2507 821/1297/2508
f 1177/2354/2471 1176/2353/2470 821/1297/2508 822/1295/2509
f 1178/2355/2472 1177/2354/2471 822/1295/2509 832/1293/2510
f 1179/2356/2473 1178/2355/2472 832/1293/2510 834/1291/2511
f 819/1289/2512 1180/2357/2474 1179/2356/2473 834/1291/2511
f 817/1286/2513 1181/2359/2475 1180/2357/2474 819/1289/2512
s 47
f 367/1282/823 1182/2361/2476 1181/2358/2477 817/1285/2514
f 366/265/822 1183/2362/2478 1182/2360/2476 367/266/823
f 362/263/818 1184/2363/2479 1183/2362/2478 366/265/822
s 106
usemtl lambert14SG
f 1185/2365/2481 1184/2364/2480 362/700/2515 644/701/2516
s 62
f 643/613/2517 1186/2367/2482 1185/2366/2483 644/616/2518
s 105
f 391/695/2519 1187/2369/2484 1186/2368/2485 643/698/2520
s 69
f 527/621/2521 1188/2371/2486 1187/2370/2487 391/624/2522
f 413/625/2523 1189/2372/2488 1188/2371/2486 527/621/2521
s off
f 1142/2385/2524 1141/2386/2525 1190/2387/2526 1191/2388/2527
s 107
f 1141/2377/1641 1167/2378/2453 1192/2379/2528 1190/2380/2529
s off
f 1167/2389/2530 1168/2390/2531 1193/2391/2532 1192/2392/2533
s 108
f 1168/2381/2459 1142/2382/1646 1191/2383/2534 1193/2384/2535
s 52
usemtl lambert8SG
f 452/2429/1712 731/2433/1711 1196/2434/2536 1195/2430/2537
s 50
f 732/2465/1707 447/2463/1704 1194/2464/2538 1197/2466/2539
s 52
f 456/2425/2540 452/2429/1712 1195/2430/2537 1198/2426/2541
s 50
f 447/2463/1704 451/2459/1703 1199/2462/2542 1194/2464/2538
s 152
f 457/2417/2543 1144/2418/2544 1201/2419/2545 1200/2420/2546
s 71
f 462/2423/1824 457/2417/2547 1200/2420/2548 1204/2424/2549
s 65
f 453/2450/1746 464/2453/1745 1205/2454/2550 1203/2451/2551
f 761/2455/1744 473/2457/1743 1208/2458/2552 1207/2456/2553
s 74
f 473/2435/1742 474/2431/1741 1209/2432/2554 1208/2436/2555
s 71
f 474/2431/1740 760/2427/1739 1206/2428/2556 1209/2432/2557
s 52
f 731/2433/1711 450/2437/1788 1210/2438/2558 1196/2434/2536
s 51
f 450/2437/1710 448/2439/1709 1211/2440/2559 1210/2438/2560
s 50
f 448/2467/1791 732/2465/1707 1197/2466/2539 1211/2468/2561
s 65
f 464/2453/1745 761/2455/1744 1207/2456/2553 1205/2454/2550
s 71
f 760/2427/1739 462/2423/1824 1204/2424/2549 1206/2428/2556
s 54
f 1145/2441/1750 836/2442/1749 1213/2443/2562 1212/2444/2563
s 120
f 836/2449/1968 453/2450/1967 1203/2451/2564 1213/2452/2565
s 152
f 1144/2418/2544 1170/2421/2566 1214/2422/2567 1201/2419/2545
s 54
f 1171/2445/2465 1145/2441/1750 1212/2444/2563 1216/2446/2568
s 152
f 1170/2421/2566 456/2425/2569 1198/2426/2570 1214/2422/2567
s 121
f 451/2459/1965 837/2460/1966 1217/2461/2571 1199/2462/2572
s 54
f 837/2447/2503 1171/2445/2465 1216/2446/2568 1217/2448/2573
s 19
f 333/2489/1995 868/2493/1994 1220/2494/2574 1219/2490/2575
s 17
f 869/2515/1990 327/2511/1987 1218/2512/2576 1221/2516/2577
s 19
f 349/2486/2578 333/2489/1995 1219/2490/2575 1222/2487/2579
s 17
f 327/2511/1987 335/2505/1986 1223/2508/2580 1218/2512/2576
s off
f 352/2485/2581 349/2486/2582 1222/2487/2583 1224/2488/2584
s 25
f 335/2505/1985 345/2506/1984 1225/2507/2585 1223/2508/2586
s 40
f 370/2491/2033 352/2485/2587 1224/2488/2588 1226/2492/2589
s 30
f 345/2506/1981 387/2509/1980 1227/2510/2590 1225/2507/2591
f 883/2513/1979 417/2517/1978 1230/2518/2592 1229/2514/2593
s 42
f 417/2503/1977 416/2499/1976 1231/2500/2594 1230/2504/2595
s 40
f 416/2499/1975 882/2495/1974 1228/2496/2596 1231/2500/2597
s 19
f 868/2493/1994 329/2497/2018 1232/2498/2598 1220/2494/2574
s 18
f 329/2497/1993 328/2501/1992 1233/2502/2599 1232/2498/2600
s 17
f 328/2519/2021 869/2515/1990 1221/2516/2577 1233/2520/2601
s 30
f 387/2509/1980 883/2513/1979 1229/2514/2593 1227/2510/2590
s 40
f 882/2495/1974 370/2491/2033 1226/2492/2589 1228/2496/2596
g default
v -1.976408 1.966637 -0.052588
v -1.976411 1.966637 0.925726
v -1.976408 2.301238 -0.052588
v -1.976411 2.301238 0.925726
v -2.289118 2.301238 -0.052588
v -2.289122 2.301238 0.925726
v -2.289118 1.966637 -0.052588
v -2.289122 1.966637 0.925726
v -1.947748 2.301238 -0.052600
v -1.947748 2.301238 0.956394
v -2.317785 2.301238 0.956403
v -2.317785 2.301238 -0.052600
v -1.947748 2.315936 -0.052600
v -1.947748 2.315936 0.956394
v -2.317785 2.315936 0.956403
v -2.317785 2.315936 -0.052600
v -1.953913 2.315936 -0.052588
v -1.953913 2.315936 0.949801
v -2.311617 2.315936 0.949801
v -2.311617 2.315936 -0.052588
v -2.124795 2.508847 -0.052588
v -2.124798 2.508847 0.844915
v -2.140735 2.508847 0.844915
v -2.140733 2.508847 -0.052588
v -1.958550 2.321170 -0.052588
v -1.958552 2.321170 0.937036
v -2.118040 2.501221 0.839151
v -2.118040 2.501221 -0.052588
v -1.965837 2.319944 0.947624
v -2.299696 2.319944 0.947616
v -2.140203 2.499996 0.849731
v -2.125330 2.499996 0.849731
v -2.306981 2.321170 -0.052588
v -2.306981 2.321170 0.937044
v -2.147489 2.501221 -0.052588
v -2.147493 2.501221 0.839151
v -1.965837 2.319944 -0.052588
v -2.299694 2.319944 -0.052588
v -2.125328 2.499996 -0.052588
v -2.140203 2.499996 -0.052588
v -1.961622 2.318055 -0.052588
v -1.961622 2.318055 0.937044
v -2.121116 2.498106 0.839151
v -2.121113 2.498106 -0.052588
v -1.965837 2.317783 0.943636
v -2.299694 2.317783 0.943636
v -2.140203 2.497834 0.845748
v -2.125330 2.497834 0.845748
v -2.303906 2.318055 -0.052588
v -2.303911 2.318055 0.937036
v -2.144417 2.498106 -0.052588
v -2.144419 2.498106 0.839151
v -1.965837 2.317783 -0.052588
v -2.299694 2.317783 -0.052588
v -2.125328 2.497834 -0.052588
v -2.140203 2.497834 -0.052588
v -2.315834 1.901257 -0.052600
v -2.315830 1.901257 0.960249
v -1.949697 1.901257 0.960249
v -1.949699 1.901257 -0.052600
v -2.315834 1.874802 -0.052600
v -2.315830 1.874802 0.960249
v -1.949697 1.874802 0.960249
v -1.949699 1.874802 -0.052600
v -2.234418 1.993325 0.925726
v -2.031115 1.993325 0.925726
v -2.234418 2.274552 0.925726
v -2.031115 2.274552 0.925726
v -2.234418 1.993325 0.935307
v -2.031115 1.993325 0.935307
v -2.234418 2.274552 0.935307
v -2.031115 2.274552 0.935307
v -2.219024 2.009903 0.935307
v -2.046509 2.009903 0.935307
v -2.219024 2.257972 0.935307
v -2.046509 2.257972 0.935307
v -2.219021 2.009903 0.901405
v -2.046512 2.009903 0.901397
v -2.219021 2.257972 0.901405
v -2.046512 2.257972 0.901397
vt -1.359731 1.379283
vt -1.359731 0.226720
vt -1.313951 0.226720
vt -1.313951 1.379283
vt -1.443029 1.379283
vt -1.443029 0.226720
vt -1.397249 0.226720
vt -1.397249 1.379283
vt 0.726061 0.638768
vt 0.273940 0.638768
vt 0.489928 0.361230
vt 0.510071 0.361230
vt -2.113176 1.303720
vt -2.113176 0.263858
vt -1.552372 0.760627
vt -1.552372 0.806956
vt -2.106436 0.263858
vt -1.545635 0.760627
vt -1.545635 0.806956
vt -2.106436 1.303720
vt -2.118925 0.226720
vt -1.518067 0.758970
vt -1.518067 0.808611
vt -2.118925 1.340859
vt -2.556958 2.479404
vt -2.556958 1.365265
vt -2.544472 1.402403
vt -2.544472 2.442266
vt -1.956100 1.897513
vt -1.983668 1.899167
vt -1.956100 1.947153
vt -1.983668 1.945496
vt 1.551643 2.999949
vt 1.019395 3.600809
vt 1.040442 3.577054
vt 1.537204 3.016251
vt 1.030870 3.567350
vt 1.527631 3.006545
vt 2.097760 3.009653
vt 1.600996 3.570457
vt 1.591421 3.560753
vt 2.088187 2.999949
vt 2.636376 3.618779
vt 2.139612 3.057976
vt 2.149184 3.048271
vt 2.645951 3.609076
vt 3.184565 3.618779
vt 2.687803 3.057976
vt 2.697376 3.048271
vt 3.194137 3.609076
vt -0.880622 1.579348
vt -0.880622 2.619211
vt -0.887358 2.619211
vt -0.887358 1.579348
vt 1.916454 0.190334
vt 1.916454 -2.271552
vt 1.966094 -2.271552
vt 1.966094 0.190334
vt 1.895409 0.190334
vt 1.895409 -2.253596
vt 1.987141 -2.253596
vt 1.987141 0.190334
vt 1.384203 -2.598226
vt 1.398645 -2.558486
vt 2.498342 -2.598226
vt 2.483902 -2.558486
vt 1.384203 0.190334
vt 1.398645 0.190334
vt 2.498342 0.190334
vt 2.483902 0.190334
vt 1.364993 0.190339
vt 1.364993 -2.618778
vt 2.517557 -2.618778
vt 2.517557 0.190339
vt 3.444070 3.023859
vt 3.444070 0.310269
vt 3.533351 0.214747
vt 3.533351 3.023865
vt 2.470071 0.310269
vt 2.380788 0.214747
vt 2.470071 3.023859
vt 2.380788 3.023865
vt -1.480544 1.379285
vt -1.480544 0.226722
vt -1.480549 0.245931
vt -1.480549 1.360070
vt 3.533349 3.048272
vt 3.533349 3.580522
vt 3.533349 3.566080
vt 3.533349 3.069316
vt -1.292068 1.579349
vt -1.292068 2.619211
vt -1.304460 2.619211
vt -1.304460 1.579349
vt -1.232486 2.076113
vt -1.232486 2.122442
vt -1.244875 2.122442
vt -1.244875 2.076113
vt -0.927590 2.619211
vt -0.939983 2.619211
vt -0.927590 1.579349
vt -0.939983 1.579349
vt 2.297490 3.023864
vt 2.297490 0.214746
vt 2.343270 0.214746
vt 2.343270 3.023864
vt 2.259975 0.214747
vt 2.259975 3.023865
vt 2.214195 3.023865
vt 2.214195 0.214747
vt 1.679911 2.963567
vt 1.679911 0.214747
vt 1.670338 2.963567
vt 1.670338 0.214747
vt 1.623251 0.226722
vt 1.623251 2.975542
vt 1.126489 2.975542
vt 1.126489 0.531612
vt 1.632823 0.226722
vt 1.632823 2.975542
vt 1.136062 2.975542
vt 1.136062 0.531612
vt 1.088971 0.226722
vt 1.088971 2.670652
vt 1.079396 2.670652
vt 1.079396 0.226722
vt 0.000008 1.000000
vt 1.000008 1.000000
vt 1.000008 0.000000
vt 0.000008 0.000000
vt 0.950784 0.969319
vt 1.389999 0.969319
vt 1.389999 1.439279
vt 0.950784 1.439279
vt 0.913266 0.877488
vt 1.427518 0.877488
vt 0.913266 0.840330
vt 1.427518 0.840330
vt 0.864271 0.969319
vt 0.425056 0.969319
vt 0.387538 0.877489
vt 0.901790 0.877489
vt 0.787440 1.006801
vt 0.501889 1.006801
vt 0.387538 0.840331
vt 0.901790 0.840331
vt 0.864271 1.439280
vt 0.787440 1.401798
vt 0.425056 1.439280
vt 0.501889 1.401798
vt 0.789672 0.832864
vt 0.789672 -0.439280
vt 1.303925 -0.439280
vt 1.303925 0.832864
vt -0.465853 -0.280125
vt 0.757813 -0.280125
vt 0.757813 0.189835
vt -0.465853 0.189835
vt -0.465856 -0.371957
vt 0.806288 -0.371957
vt -0.465856 -0.409114
vt 0.806288 -0.409114
vt -0.465853 0.203750
vt 0.757813 0.203750
vt 0.757813 0.673710
vt -0.465853 0.673710
vt 0.806288 0.765541
vt -0.465856 0.765541
vt 0.806288 0.802698
vt -0.465856 0.802698
vt -1.590760 -1.771007
vt 1.030538 -1.771007
vt 0.832033 -1.557232
vt -1.392255 -1.557232
vt 1.030538 1.855000
vt 0.832033 1.641232
vt -1.590760 1.855000
vt -1.392255 1.641232
vt 2.006740 0.850290
vt 2.006740 -1.771007
vt 2.130192 -1.771007
vt 2.130192 0.850290
vt 2.167262 0.850290
vt 2.167262 -1.771007
vt 2.290713 -1.771007
vt 2.290713 0.850290
vt 2.764851 -1.771007
vt 2.764851 0.453281
vt 2.327769 0.453281
vt 2.327769 -1.771007
vt 2.912744 0.472618
vt 2.912744 2.696906
vt 2.475662 2.696906
vt 2.475662 0.472618
vt -1.912744 1.855000
vt -1.912744 -1.771007
vt -1.789292 -1.771007
vt -1.789292 1.855000
vt -1.751281 1.855000
vt -1.751281 -1.771007
vt -1.627830 -1.771007
vt -1.627830 1.855000
vt 1.499599 -1.771007
vt 1.499599 1.427456
vt 1.062518 1.427456
vt 1.062518 -1.771007
vt 1.971703 -1.771007
vt 1.971703 1.427456
vt 1.534622 1.427456
vt 1.534622 -1.771007
vt 1.083826 0.167668
vt 1.083826 0.494786
vt -0.536311 0.494786
vt -0.714153 0.167668
vt 1.083826 0.505214
vt 0.905984 0.832332
vt -0.714153 0.832332
vt -0.714153 0.505214
vn 0.997711 0.067617 0.000002
vn 1.000000 0.000000 0.000002
vn 1.000000 0.000000 0.000002
vn 0.996542 0.083089 0.000002
vn 0.000000 1.000000 0.000000
vn 0.000000 1.000000 0.000000
vn 0.000000 1.000000 0.000000
vn 0.000000 1.000000 0.000000
vn -1.000000 0.000000 -0.000004
vn -0.997711 0.067617 -0.000004
vn -0.996542 0.083090 -0.000003
vn -1.000000 0.000000 -0.000004
vn 0.000000 -1.000000 -0.000000
vn 0.000000 -1.000000 -0.000000
vn 0.000000 -1.000000 -0.000000
vn 0.000000 -1.000000 -0.000000
vn 0.000050 0.000000 1.000000
vn 0.000050 0.000000 1.000000
vn 0.000050 0.000000 1.000000
vn 0.000050 0.000000 1.000000
vn 0.000000 0.000040 -1.000000
vn 0.000000 0.000000 -1.000000
vn 0.000000 0.000000 -1.000000
vn 0.000000 0.000040 -1.000000
vn 0.000000 -1.000000 0.000004
vn 0.000000 -1.000000 -0.000000
vn 0.000000 -1.000000 -0.000002
vn 0.000000 -1.000000 -0.000002
vn 0.000000 -1.000000 -0.000002
vn 0.000000 -1.000000 -0.000002
vn 0.000000 -1.000000 -0.000000
vn 0.000000 -1.000000 0.000004
vn 1.000000 0.000000 0.000000
vn 1.000000 0.000000 0.000000
vn 1.000000 0.000000 0.000000
vn 1.000000 0.000000 0.000000
vn 0.000023 0.000000 1.000000
vn 0.000023 0.000000 1.000000
vn 0.000023 0.000000 1.000000
vn 0.000023 0.000000 1.000000
vn -1.000000 0.000000 0.000000
vn -1.000000 0.000000 0.000000
vn -1.000000 0.000000 0.000000
vn -1.000000 0.000000 0.000000
vn 0.000000 0.000000 -1.000000
vn 0.000000 0.000000 -1.000000
vn 0.000000 0.000000 -1.000000
vn 0.000000 0.000000 -1.000000
vn 0.000000 1.000000 0.000000
vn 0.000000 1.000000 0.000000
vn 0.000000 1.000000 0.000000
vn 0.000000 1.000000 0.000000
vn 0.000000 1.000000 0.000000
vn 0.000000 1.000000 0.000000
vn 0.000000 1.000000 0.000000
vn 0.000000 1.000000 0.000000
vn 0.748550 0.663078 0.000001
vn 0.748551 0.663078 0.000001
vn 0.748550 0.663078 0.000001
vn 0.748551 0.663078 0.000001
vn 0.000000 0.477642 0.878555
vn 0.000000 0.477642 0.878555
vn 0.000000 0.477642 0.878555
vn 0.000000 0.477642 0.878555
vn -0.748555 0.663073 -0.000002
vn -0.748555 0.663073 -0.000002
vn -0.748555 0.663073 -0.000002
vn -0.748555 0.663073 -0.000002
vn 0.000000 0.000000 -1.000000
vn 0.000000 0.000000 -1.000000
vn 0.000000 0.000000 -1.000000
vn 0.000000 0.000000 -1.000000
vn 0.748402 0.663245 0.000001
vn 0.748402 0.663245 0.000028
vn 0.748440 0.663203 -0.000002
vn 0.748452 0.663189 -0.000003
vn 0.748501 0.663133 -0.000002
vn 0.748499 0.663136 -0.000002
vn 0.748486 0.663151 0.000022
vn 0.748486 0.663151 0.000001
vn 0.000185 0.477942 0.878391
vn 0.000150 0.477966 0.878378
vn 0.000068 0.477805 0.878466
vn 0.000085 0.477746 0.878498
vn 0.000135 0.477573 0.878592
vn 0.000120 0.477614 0.878570
vn 0.000285 0.477869 0.878431
vn 0.000255 0.477878 0.878426
vn -0.748523 0.663109 0.000028
vn -0.748521 0.663111 0.000021
vn -0.748514 0.663119 0.000016
vn -0.748514 0.663119 0.000000
vn -0.748492 0.663144 0.000010
vn -0.748492 0.663144 -0.000003
vn -0.748504 0.663131 0.000017
vn -0.748502 0.663133 0.000014
vn 0.000000 0.000000 -1.000000
vn 0.000000 0.000000 -1.000000
vn -0.000000 0.000000 -1.000000
vn -0.000000 0.000000 -1.000000
vn -0.000001 0.000000 -1.000000
vn -0.000001 0.000000 -1.000000
vn 0.000001 0.000000 -1.000000
vn 0.000001 0.000000 -1.000000
vn -0.712155 0.702022 -0.000001
vn -0.712155 0.702023 -0.000001
vn -0.712155 0.702022 -0.000001
vn -0.712155 0.702022 -0.000001
vn 0.268195 -0.265856 -0.925955
vn 0.268194 -0.265856 -0.925955
vn 0.268194 -0.265856 -0.925955
vn 0.268194 -0.265856 -0.925955
vn 0.711633 -0.702551 0.000001
vn 0.711633 -0.702551 0.000001
vn 0.711633 -0.702551 0.000001
vn 0.711633 -0.702551 0.000001
vn 0.000000 0.000000 1.000000
vn 0.000000 0.000000 1.000000
vn 0.000000 0.000000 1.000000
vn 0.000000 0.000000 1.000000
vn 0.000006 0.879001 -0.476820
vn 0.000006 0.879001 -0.476820
vn 0.000006 0.879001 -0.476820
vn 0.000006 0.879001 -0.476820
vn 0.789174 -0.539673 0.293186
vn 0.789174 -0.539673 0.293186
vn 0.789174 -0.539673 0.293186
vn 0.789174 -0.539673 0.293186
vn 0.000000 -0.878884 0.477035
vn 0.000000 -0.878884 0.477035
vn 0.000000 -0.878884 0.477035
vn 0.000000 -0.878884 0.477035
vn -0.789171 -0.539895 0.292783
vn -0.789171 -0.539895 0.292783
vn -0.789171 -0.539895 0.292783
vn -0.789171 -0.539895 0.292783
vn 0.712031 0.702148 0.000002
vn 0.712031 0.702148 0.000002
vn 0.712031 0.702148 0.000002
vn 0.712031 0.702148 0.000002
vn 0.000000 0.000000 1.000000
vn 0.000000 0.000000 1.000000
vn 0.000000 0.000000 1.000000
vn 0.000000 0.000000 1.000000
vn -0.711862 -0.702319 -0.000002
vn -0.711862 -0.702319 -0.000002
vn -0.711862 -0.702319 -0.000002
vn -0.711862 -0.702319 -0.000002
vn -0.269581 -0.264601 -0.925912
vn -0.269581 -0.264601 -0.925912
vn -0.269581 -0.264601 -0.925912
vn -0.269581 -0.264601 -0.925912
vn 0.000000 0.000000 1.000000
vn 0.000000 0.000000 1.000000
vn 0.000000 0.000000 1.000000
vn 0.000000 0.000000 1.000000
vn 0.000003 0.000000 -1.000000
vn 0.000003 0.000000 -1.000000
vn 0.000003 0.000000 -1.000000
vn 0.000003 0.000000 -1.000000
vn 0.000000 0.000000 -1.000000
vn 0.000000 0.000000 -1.000000
vn 0.000000 0.000000 -1.000000
vn 0.000000 0.000000 -1.000000
vn -0.000003 0.000000 -1.000000
vn -0.000003 0.000000 -1.000000
vn -0.000003 0.000000 -1.000000
vn -0.000003 0.000000 -1.000000
vn -0.960580 0.278005 0.000001
vn -0.968130 0.250448 0.000002
vn 0.000000 0.329006 0.944328
vn 0.000000 0.320602 0.947214
vn 0.000000 0.320596 0.947216
vn 0.000000 0.329010 0.944326
vn 0.968130 0.250449 -0.000001
vn 0.960580 0.278005 -0.000001
vn 0.000000 0.000120 -1.000000
vn 0.000000 0.000120 -1.000000
vn -1.000000 0.000000 0.000004
vn -1.000000 0.000000 0.000004
vn 0.000000 0.000000 1.000000
vn 0.000000 0.000000 1.000000
vn 1.000000 0.000000 -0.000002
vn 1.000000 0.000000 -0.000002
vn 0.000000 0.000000 -1.000000
vn 0.000000 0.000000 -1.000000
vn 0.000000 0.000000 1.000000
vn 0.000000 0.000000 1.000000
vn 0.000000 0.000000 1.000000
vn 0.000000 0.000000 1.000000
vn 0.000000 0.000000 1.000000
vn 0.000000 0.000000 1.000000
vn 0.000000 -1.000000 0.000000
vn 0.000000 -1.000000 0.000000
vn 0.000000 -1.000000 0.000000
vn 0.000000 -1.000000 0.000000
vn -1.000000 0.000000 0.000000
vn -1.000000 0.000000 0.000000
vn -1.000000 0.000000 0.000000
vn -1.000000 0.000000 0.000000
vn 0.000000 1.000000 0.000000
vn 0.000000 1.000000 0.000000
vn 0.000000 1.000000 0.000000
vn 0.000000 1.000000 0.000000
vn 1.000000 0.000000 0.000000
vn 1.000000 0.000000 0.000000
vn 1.000000 0.000000 0.000000
vn 1.000000 0.000000 0.000000
vn -0.000004 0.000000 1.000000
vn -0.000004 0.000000 1.000000
vn 0.000000 0.000000 1.000000
vn 0.000000 0.000000 1.000000
vn 0.000000 0.000000 1.000000
vn 0.000000 0.000000 1.000000
vn -0.000004 0.000000 1.000000
vn -0.000004 0.000000 1.000000
vn 0.000000 1.000000 0.000005
vn 0.000000 1.000000 0.000005
vn 0.000000 1.000000 0.000005
vn 0.000000 1.000000 0.000005
vn 1.000000 0.000000 0.000070
vn 1.000000 0.000000 0.000070
vn 1.000000 0.000000 0.000070
vn 1.000000 0.000000 0.000070
vn 0.000000 -1.000000 0.000000
vn 0.000000 -1.000000 0.000000
vn 0.000000 -1.000000 0.000000
vn 0.000000 -1.000000 0.000000
vn -1.000000 0.000000 0.000070
vn -1.000000 0.000000 0.000070
vn -1.000000 0.000000 0.000070
vn -1.000000 0.000000 0.000070
s 1
g House pCube244
usemtl lambert14SG
f 1234/2675/2602 1236/2678/2603 1237/2677/2604 1235/2676/2605
s off
usemtl lambert8SG
f 1254/2575/2606 1257/2578/2607 1256/2577/2608 1255/2576/2609
s 2
usemtl lambert14SG
f 1238/2683/2610 1240/2686/2611 1241/2685/2612 1239/2684/2613
s off
f 1294/2671/2614 1297/2674/2615 1296/2673/2616 1295/2672/2617
usemtl lambert15SG
f 1311/2647/2618 1313/2650/2619 1312/2649/2620 1310/2648/2621
s 3
usemtl lambert14SG
f 1240/2651/2622 1238/2654/2623 1236/2653/2624 1234/2652/2625
s 4
usemtl lambert8SG
f 1236/2595/2626 1242/2598/2627 1243/2597/2628 1237/2596/2629
f 1237/2596/2629 1243/2597/2628 1244/2600/2630 1239/2599/2631
f 1239/2599/2631 1244/2600/2630 1245/2602/2632 1238/2601/2633
f 1238/2601/2633 1245/2602/2632 1242/2598/2627 1236/2595/2626
s off
f 1242/2623/2634 1246/2626/2635 1247/2625/2636 1243/2624/2637
f 1243/2521/2638 1247/2524/2639 1248/2523/2640 1244/2522/2641
f 1244/2627/2642 1248/2630/2643 1249/2629/2644 1245/2628/2645
f 1245/2525/2646 1249/2528/2647 1246/2527/2648 1242/2526/2649
s 5
f 1246/2591/2650 1250/2587/2651 1251/2583/2652 1247/2592/2653
f 1247/2592/2653 1251/2583/2652 1252/2585/2654 1248/2593/2655
f 1248/2593/2655 1252/2585/2654 1253/2589/2656 1249/2594/2657
f 1249/2603/2657 1253/2606/2656 1250/2605/2651 1246/2604/2650
s off
usemtl blinn3SG
f 1274/2731/2658 1277/2732/2659 1276/2733/2660 1275/2734/2661
f 1278/2529/2662 1281/2532/2663 1280/2531/2664 1279/2530/2665
f 1283/2735/2666 1285/2736/2667 1284/2737/2668 1282/2738/2669
usemtl lambert8SG
f 1287/2533/2670 1289/2536/2671 1288/2535/2672 1286/2534/2673
s 6
f 1250/2587/2674 1258/2588/2675 1259/2584/2676 1251/2583/2677
f 1251/2583/2677 1259/2584/2676 1260/2580/2678 1255/2576/2679
f 1255/2576/2679 1260/2580/2678 1261/2579/2680 1254/2575/2681
f 1254/2607/2681 1261/2610/2680 1258/2609/2675 1250/2608/2674
s 7
f 1251/2545/2682 1262/2548/2683 1263/2547/2684 1252/2546/2685
f 1252/2546/2685 1263/2547/2684 1264/2550/2686 1256/2549/2687
f 1256/2549/2687 1264/2550/2686 1265/2552/2688 1255/2551/2689
f 1255/2551/2689 1265/2552/2688 1262/2548/2683 1251/2545/2682
s 8
f 1252/2585/2690 1267/2586/2691 1266/2590/2692 1253/2589/2693
f 1253/2553/2693 1266/2556/2692 1268/2555/2694 1257/2554/2695
f 1257/2578/2695 1268/2582/2694 1269/2581/2696 1256/2577/2697
f 1256/2577/2697 1269/2581/2696 1267/2586/2691 1252/2585/2690
s 9
f 1253/2544/2698 1271/2540/2699 1270/2537/2700 1250/2541/2701
f 1250/2541/2701 1270/2537/2700 1272/2538/2702 1254/2542/2703
f 1254/2542/2703 1272/2538/2702 1273/2539/2704 1257/2543/2705
f 1257/2543/2705 1273/2539/2704 1271/2540/2699 1253/2544/2698
s off
f 1258/2633/2706 1274/2631/2707 1275/2632/2708 1259/2634/2709
f 1259/2559/2710 1275/2562/2711 1276/2561/2712 1260/2560/2713
f 1260/2643/2714 1276/2646/2715 1277/2645/2716 1261/2644/2717
f 1261/2563/2718 1277/2566/2719 1274/2565/2720 1258/2564/2721
f 1262/2611/2722 1278/2614/2723 1279/2613/2724 1263/2612/2725
f 1263/2621/2726 1279/2622/2727 1280/2618/2728 1264/2615/2729
f 1264/2615/2730 1280/2618/2731 1281/2617/2732 1265/2616/2733
f 1265/2616/2734 1281/2617/2735 1278/2620/2736 1262/2619/2737
f 1267/2639/2738 1283/2635/2739 1282/2636/2740 1266/2640/2741
f 1266/2556/2742 1282/2558/2743 1284/2557/2744 1268/2555/2745
f 1268/2641/2746 1284/2637/2747 1285/2638/2748 1269/2642/2749
f 1269/2567/2750 1285/2570/2751 1283/2569/2752 1267/2568/2753
f 1271/2571/2754 1287/2574/2755 1286/2573/2756 1270/2572/2757
f 1270/2537/2758 1286/2534/2759 1288/2535/2760 1272/2538/2761
f 1272/2538/2762 1288/2535/2763 1289/2536/2764 1273/2539/2765
f 1273/2539/2766 1289/2536/2767 1287/2533/2768 1271/2540/2769
s 2
usemtl lambert14SG
f 1240/2686/2611 1290/2688/2770 1291/2687/2771 1241/2685/2612
s 10
f 1241/2659/2772 1291/2662/2773 1292/2661/2774 1235/2660/2775
s 1
f 1235/2676/2605 1292/2680/2776 1293/2679/2777 1234/2675/2602
s 3
f 1234/2652/2625 1293/2656/2778 1290/2655/2779 1240/2651/2622
s 2
f 1290/2688/2770 1294/2690/2780 1295/2689/2781 1291/2687/2771
s 10
f 1291/2662/2773 1295/2666/2782 1296/2665/2783 1292/2661/2774
s 1
f 1292/2680/2776 1296/2682/2784 1297/2681/2785 1293/2679/2777
s 3
f 1293/2656/2778 1297/2658/2786 1294/2657/2787 1290/2655/2779
s 10
f 1235/2660/2775 1299/2664/2788 1298/2663/2789 1241/2659/2772
f 1241/2659/2772 1298/2663/2789 1300/2668/2790 1239/2667/2791
f 1239/2667/2791 1300/2668/2790 1301/2670/2792 1237/2669/2793
f 1237/2669/2793 1301/2670/2792 1299/2664/2788 1235/2660/2775
s off
usemtl lambert8SG
f 1299/2699/2794 1303/2702/2795 1302/2701/2796 1298/2700/2797
f 1298/2715/2798 1302/2718/2799 1304/2717/2800 1300/2716/2801
f 1300/2703/2802 1304/2706/2803 1305/2705/2804 1301/2704/2805
f 1301/2719/2806 1305/2722/2807 1303/2721/2808 1299/2720/2809
s 11
f 1303/2691/2810 1307/2694/2811 1306/2693/2812 1302/2692/2813
f 1302/2692/2813 1306/2693/2812 1308/2696/2814 1304/2695/2815
f 1304/2695/2815 1308/2696/2814 1309/2698/2816 1305/2697/2817
f 1305/2697/2817 1309/2698/2816 1307/2694/2811 1303/2691/2810
s off
f 1307/2707/2818 1311/2710/2819 1310/2709/2820 1306/2708/2821
f 1306/2723/2822 1310/2726/2823 1312/2725/2824 1308/2724/2825
f 1308/2711/2826 1312/2714/2827 1313/2713/2828 1309/2712/2829
f 1309/2727/2830 1313/2730/2831 1311/2729/2832 1307/2728/2833
g default
v -3.166514 1.892487 0.675670
v -3.166514 1.892487 0.492081
v -3.166514 2.798351 0.675670
v -3.166514 2.798351 0.492081
v -3.440024 2.798351 0.675670
v -3.440024 2.798351 0.492081
v -3.440024 1.892487 0.675670
v -3.440024 1.892487 0.492081
v -3.157398 2.806675 0.681790
v -3.157398 2.806675 0.485961
v -3.449141 2.806675 0.485961
v -3.449141 2.806675 0.681790
v -3.157398 2.838566 0.681790
v -3.157398 2.838566 0.485961
v -3.449141 2.838566 0.485961
v -3.449141 2.838566 0.681790
v -3.166514 1.904987 0.664293
v -3.166514 1.904987 0.503454
v -3.166514 2.785851 0.503454
v -3.166514 2.785851 0.664293
v -3.440024 2.785851 0.664293
v -3.440024 2.785851 0.503458
v -3.440024 1.904987 0.503458
v -3.440024 1.904987 0.664293
v -3.423077 1.904987 0.492081
v -3.183463 1.904987 0.492081
v -3.423077 2.785851 0.492081
v -3.183463 2.785851 0.492081
v -3.423077 1.904987 0.675670
v -3.183463 1.904987 0.675670
v -3.183463 2.785851 0.675670
v -3.423077 2.785851 0.675670
v -3.172808 1.904987 0.664293
v -3.172808 1.904987 0.503454
v -3.172808 2.785851 0.503454
v -3.172808 2.785851 0.664293
v -3.433731 2.785851 0.664293
v -3.433731 2.785851 0.503454
v -3.433731 1.904987 0.503454
v -3.433731 1.904987 0.664293
v -3.423077 1.904987 0.496305
v -3.183463 1.904987 0.496305
v -3.423077 2.785851 0.496305
v -3.183463 2.785851 0.496305
v -3.423077 1.904987 0.671446
v -3.183463 1.904987 0.671446
v -3.183463 2.785851 0.671446
v -3.423077 2.785851 0.671446
v -3.164691 2.838566 0.676898
v -3.164691 2.838566 0.490858
v -3.441848 2.838566 0.490858
v -3.441848 2.838566 0.676898
v -3.164691 2.871383 0.676898
v -3.164691 2.871383 0.490858
v -3.441848 2.871383 0.490858
v -3.441848 2.871383 0.676898
v -3.169022 2.882256 0.673988
v -3.169022 2.882256 0.493763
v -3.437518 2.882256 0.493763
v -3.437518 2.882256 0.673988
v -3.179523 2.893509 0.666938
v -3.179523 2.893509 0.500814
v -3.427017 2.893509 0.500814
v -3.427017 2.893509 0.666938
v -3.193961 2.893509 0.657247
v -3.193961 2.893509 0.510500
v -3.412580 2.893509 0.510505
v -3.412580 2.893509 0.657247
v -3.201248 2.893509 0.652358
v -3.201248 2.893509 0.515393
v -3.405293 2.893509 0.515393
v -3.405293 2.893509 0.652354
v -3.201248 2.848834 0.652358
v -3.201248 2.848834 0.515393
v -3.405293 2.848834 0.515393
v -3.405293 2.848834 0.652354
v -3.370125 3.084921 0.555387
v -3.377792 3.084921 0.559299
v -3.383878 3.084921 0.565383
v -3.387785 3.084921 0.573055
v -3.389131 3.084921 0.581550
v -3.387785 3.084921 0.590049
v -3.383878 3.084921 0.597717
v -3.377792 3.084921 0.603797
v -3.370125 3.084921 0.607713
v -3.361625 3.084921 0.609058
v -3.353125 3.084921 0.607713
v -3.345458 3.084921 0.603797
v -3.339374 3.084921 0.597717
v -3.335466 3.084921 0.590049
v -3.334120 3.084921 0.581550
v -3.335466 3.084921 0.573051
v -3.339374 3.084921 0.565383
v -3.345458 3.084921 0.559299
v -3.353125 3.084921 0.555387
v -3.361625 3.084921 0.554046
v -3.370924 3.090039 0.552937
v -3.379309 3.090039 0.557212
v -3.385964 3.090039 0.563871
v -3.390238 3.090039 0.572251
v -3.391710 3.090039 0.581550
v -3.390238 3.090039 0.590849
v -3.385964 3.090039 0.599233
v -3.379309 3.090039 0.605892
v -3.370924 3.090039 0.610163
v -3.361625 3.090039 0.611636
v -3.352329 3.090039 0.610167
v -3.343942 3.090039 0.605888
v -3.337287 3.090039 0.599233
v -3.333014 3.090039 0.590849
v -3.331542 3.090039 0.581550
v -3.333014 3.090039 0.572251
v -3.337287 3.090039 0.563871
v -3.343942 3.090039 0.557209
v -3.352329 3.090039 0.552937
v -3.361625 3.090039 0.551465
v -3.362882 3.102132 0.577686
v -3.364012 3.102132 0.578264
v -3.364910 3.102132 0.579163
v -3.365489 3.102132 0.580299
v -3.365686 3.102132 0.581550
v -3.365489 3.102132 0.582805
v -3.364910 3.102132 0.583937
v -3.364012 3.102132 0.584836
v -3.362882 3.102132 0.585413
v -3.361625 3.102132 0.585612
v -3.360371 3.102132 0.585410
v -3.359239 3.102132 0.584836
v -3.358340 3.102132 0.583937
v -3.357763 3.102132 0.582805
v -3.357565 3.102132 0.581550
v -3.357763 3.102132 0.580299
v -3.358340 3.102132 0.579163
v -3.359239 3.102132 0.578264
v -3.360371 3.102132 0.577686
v -3.361625 3.102132 0.577488
v -3.361625 3.102132 0.581550
v -3.355131 3.100286 0.586269
v -3.356906 3.100286 0.588046
v -3.359144 3.100286 0.589186
v -3.361625 3.100286 0.589578
v -3.364107 3.100286 0.589186
v -3.366344 3.100286 0.588042
v -3.368120 3.100286 0.586269
v -3.369261 3.100286 0.584032
v -3.369653 3.100286 0.581550
v -3.369261 3.100286 0.579068
v -3.368120 3.100286 0.576831
v -3.366344 3.100286 0.575054
v -3.364107 3.100286 0.573914
v -3.361625 3.100286 0.573522
v -3.359144 3.100286 0.573914
v -3.356906 3.100286 0.575058
v -3.355131 3.100286 0.576831
v -3.353991 3.100286 0.579068
v -3.353597 3.100286 0.581550
v -3.353991 3.100286 0.584032
v -3.339648 3.091397 0.597515
v -3.345657 3.091397 0.603528
v -3.353231 3.091397 0.607388
v -3.361625 3.091397 0.608718
v -3.370020 3.091397 0.607388
v -3.377594 3.091397 0.603528
v -3.383605 3.091397 0.597515
v -3.387463 3.091397 0.589946
v -3.388793 3.091397 0.581550
v -3.387463 3.091397 0.573154
v -3.383605 3.091397 0.565585
v -3.377594 3.091397 0.559572
v -3.370020 3.091397 0.555712
v -3.361625 3.091397 0.554382
v -3.353231 3.091397 0.555712
v -3.345657 3.091397 0.559572
v -3.339648 3.091397 0.565585
v -3.335788 3.091397 0.573154
v -3.334459 3.091397 0.581550
v -3.335788 3.091397 0.589946
v -3.368815 3.086469 0.560447
v -3.375302 3.086469 0.563601
v -3.380450 3.086469 0.568511
v -3.383755 3.086469 0.574694
v -3.384893 3.086469 0.581550
v -3.383755 3.086469 0.588407
v -3.380450 3.086469 0.594594
v -3.375302 3.086469 0.599498
v -3.368815 3.086469 0.602650
v -3.361625 3.086469 0.603738
v -3.354435 3.086469 0.602650
v -3.347949 3.086469 0.599498
v -3.342802 3.086469 0.594594
v -3.339496 3.086469 0.588407
v -3.338357 3.086469 0.581550
v -3.339496 3.086469 0.574694
v -3.342801 3.086469 0.568511
v -3.347948 3.086469 0.563601
v -3.354435 3.086469 0.560447
v -3.361625 3.086469 0.559362
v -3.364137 3.087031 0.574203
v -3.366375 3.087031 0.575335
v -3.361625 3.087029 0.581550
v -3.368114 3.087030 0.577073
v -3.369207 3.087029 0.579206
v -3.369578 3.087029 0.581550
v -3.369207 3.087029 0.583898
v -3.368114 3.087029 0.586031
v -3.366374 3.087029 0.587765
v -3.364137 3.087030 0.588905
v -3.361625 3.087031 0.589301
v -3.359113 3.087029 0.588901
v -3.356875 3.087029 0.587765
v -3.355135 3.087029 0.586035
v -3.354042 3.087031 0.583894
v -3.353671 3.087031 0.581550
v -3.354043 3.087029 0.579206
v -3.355136 3.087030 0.577069
v -3.356875 3.087029 0.575335
v -3.359112 3.087029 0.574199
v -3.361624 3.087029 0.573799
v -3.333822 3.085954 0.590584
v -3.337976 3.085954 0.598734
v -3.344442 3.085954 0.605195
v -3.352591 3.085954 0.609355
v -3.361625 3.085954 0.610785
v -3.370659 3.085954 0.609355
v -3.378808 3.085954 0.605195
v -3.385276 3.085954 0.598734
v -3.389428 3.085954 0.590584
v -3.390859 3.085954 0.581550
v -3.389428 3.085954 0.572516
v -3.385276 3.085954 0.564370
v -3.378808 3.085954 0.557901
v -3.370659 3.085954 0.553745
v -3.361625 3.085954 0.552316
v -3.352591 3.085954 0.553745
v -3.344442 3.085954 0.557901
v -3.337976 3.085954 0.564370
v -3.333822 3.085954 0.572516
v -3.332392 3.085954 0.581550
v -3.370617 2.837544 0.553879
v -3.378728 2.837544 0.558016
v -3.385163 2.837544 0.564453
v -3.389296 2.837544 0.572564
v -3.390720 2.837544 0.581554
v -3.389296 2.837544 0.590540
v -3.385163 2.837544 0.598651
v -3.378728 2.837544 0.605084
v -3.370617 2.837544 0.609221
v -3.361628 2.837544 0.610646
v -3.352637 2.837544 0.609221
v -3.344528 2.837544 0.605084
v -3.338092 2.837544 0.598651
v -3.333960 2.837544 0.590540
v -3.332535 2.837544 0.581554
v -3.333960 2.837544 0.572564
v -3.338092 2.837544 0.564453
v -3.344528 2.837544 0.558016
v -3.352637 2.837544 0.553879
v -3.361628 2.837544 0.552462
v -3.370617 3.019499 0.553879
v -3.378728 3.019499 0.558016
v -3.385163 3.019499 0.564453
v -3.389296 3.019499 0.572564
v -3.390720 3.019499 0.581554
v -3.389296 3.019499 0.590540
v -3.385163 3.019499 0.598651
v -3.378728 3.019499 0.605084
v -3.370617 3.019499 0.609221
v -3.361628 3.019499 0.610646
v -3.352637 3.019499 0.609221
v -3.344528 3.019499 0.605084
v -3.338092 3.019499 0.598651
v -3.333960 3.019499 0.590540
v -3.332535 3.019499 0.581554
v -3.333960 3.019499 0.572564
v -3.338092 3.019499 0.564453
v -3.344528 3.019499 0.558016
v -3.352637 3.019499 0.553879
v -3.361628 3.019499 0.552462
v -3.361628 2.837544 0.581554
v -3.373696 3.037510 0.544406
v -3.384583 3.037510 0.549956
v -3.393224 3.037510 0.558598
v -3.398771 3.037510 0.569480
v -3.400682 3.037510 0.581554
v -3.398771 3.037510 0.593624
v -3.393224 3.037510 0.604506
v -3.384583 3.037510 0.613148
v -3.373696 3.037510 0.618698
v -3.361628 3.037510 0.620610
v -3.349559 3.037510 0.618698
v -3.338672 3.037510 0.613148
v -3.330031 3.037510 0.604506
v -3.324485 3.037510 0.593620
v -3.322573 3.037510 0.581554
v -3.324485 3.037510 0.569480
v -3.330031 3.037510 0.558598
v -3.338672 3.037510 0.549956
v -3.349559 3.037510 0.544406
v -3.361628 3.037510 0.542494
v -3.369454 3.066034 0.557466
v -3.376515 3.066034 0.561064
v -3.382117 3.066034 0.566666
v -3.385714 3.066034 0.573724
v -3.386952 3.066034 0.581554
v -3.385714 3.066034 0.589376
v -3.382117 3.066034 0.596435
v -3.376513 3.066034 0.602040
v -3.369454 3.066034 0.605634
v -3.361628 3.066034 0.606877
v -3.353801 3.066034 0.605634
v -3.346742 3.066034 0.602040
v -3.341139 3.066034 0.596435
v -3.337542 3.066034 0.589376
v -3.336302 3.066034 0.581554
v -3.337541 3.066034 0.573724
v -3.341139 3.066034 0.566666
v -3.346741 3.066034 0.561064
v -3.353801 3.066034 0.557466
v -3.361628 3.066034 0.556227
v -3.367941 3.066034 0.562121
v -3.373636 3.066034 0.565027
v -3.378154 3.066034 0.569540
v -3.381056 3.066034 0.575240
v -3.382055 3.066034 0.581554
v -3.381056 3.066034 0.587864
v -3.378154 3.066034 0.593556
v -3.373635 3.066034 0.598077
v -3.367940 3.066034 0.600979
v -3.361628 3.066034 0.601981
v -3.355314 3.066034 0.600979
v -3.349620 3.066034 0.598077
v -3.345101 3.066034 0.593556
v -3.342199 3.066034 0.587864
v -3.341199 3.066034 0.581546
v -3.342199 3.066034 0.575240
v -3.345100 3.066034 0.569540
v -3.349620 3.066034 0.565027
v -3.355315 3.066034 0.562121
v -3.361628 3.066034 0.561123
v -3.367941 3.054752 0.562121
v -3.373636 3.054752 0.565027
v -3.361628 3.054752 0.581554
v -3.378154 3.054752 0.569540
v -3.381056 3.054752 0.575240
v -3.382055 3.054752 0.581554
v -3.381056 3.054752 0.587864
v -3.378154 3.054752 0.593556
v -3.373635 3.054752 0.598077
v -3.367940 3.054752 0.600979
v -3.361628 3.054752 0.601981
v -3.355313 3.054752 0.600983
v -3.349620 3.054752 0.598073
v -3.345100 3.054752 0.593556
v -3.342199 3.054752 0.587864
v -3.341199 3.054752 0.581546
v -3.342199 3.054752 0.575240
v -3.345100 3.054752 0.569540
v -3.349620 3.054752 0.565027
v -3.355315 3.054752 0.562121
v -3.361628 3.054752 0.561123
v -3.385013 3.066034 0.578969
v -3.385715 3.066034 0.581550
v -3.382940 3.066034 0.581550
v -3.382374 3.066034 0.579341
v -3.385013 3.066034 0.584135
v -3.382374 3.066034 0.583763
v -3.363822 3.066034 0.604938
v -3.361628 3.066034 0.605639
v -3.361628 3.066034 0.602867
v -3.363506 3.066034 0.602297
v -3.359434 3.066034 0.604938
v -3.359749 3.066034 0.602297
v -3.338243 3.066034 0.584131
v -3.337540 3.066034 0.581550
v -3.340315 3.066034 0.581550
v -3.340882 3.066034 0.583763
v -3.338242 3.066034 0.578969
v -3.340881 3.066034 0.579341
v -3.359434 3.066034 0.558167
v -3.361628 3.066034 0.557462
v -3.361628 3.066034 0.560241
v -3.359749 3.066034 0.560803
v -3.363822 3.066034 0.558167
v -3.363506 3.066034 0.560803
v -3.385015 3.087687 0.578969
v -3.385717 3.087687 0.581550
v -3.382942 3.087687 0.581550
v -3.382376 3.087687 0.579341
v -3.385016 3.087687 0.584131
v -3.382377 3.087687 0.583763
v -3.363822 3.087687 0.604938
v -3.361628 3.087687 0.605639
v -3.361628 3.087687 0.602867
v -3.363506 3.087687 0.602297
v -3.359434 3.087687 0.604938
v -3.359749 3.087687 0.602297
v -3.338245 3.087687 0.584131
v -3.337539 3.087687 0.581550
v -3.340315 3.087687 0.581550
v -3.340884 3.087687 0.583763
v -3.338239 3.087687 0.578969
v -3.340878 3.087687 0.579341
v -3.359434 3.087687 0.558167
v -3.361630 3.087687 0.557462
v -3.361630 3.087687 0.560241
v -3.359749 3.087687 0.560803
v -3.363825 3.087687 0.558167
v -3.363510 3.087687 0.560803
v -3.390720 2.943030 0.581554
v -3.389296 2.943030 0.572564
v -3.385163 2.943030 0.564453
v -3.378728 2.943030 0.558016
v -3.370617 2.943030 0.553879
v -3.361628 2.943030 0.552462
v -3.352637 2.943030 0.553879
v -3.344528 2.943030 0.558016
v -3.338092 2.943030 0.564453
v -3.333960 2.943030 0.572564
v -3.332535 2.943030 0.581554
v -3.333960 2.943030 0.590540
v -3.338092 2.943030 0.598651
v -3.344528 2.943030 0.605084
v -3.352637 2.943030 0.609221
v -3.361628 2.943030 0.610646
v -3.370617 2.943030 0.609221
v -3.378728 2.943030 0.605084
v -3.385163 2.943030 0.598651
v -3.389296 2.943030 0.590540
v -3.319381 2.935245 0.581554
v -3.321448 2.935245 0.594605
v -3.327448 2.935245 0.606382
v -3.336795 2.935245 0.615725
v -3.348572 2.935245 0.621734
v -3.361628 2.935245 0.623800
v -3.374683 2.935245 0.621734
v -3.386460 2.935245 0.615725
v -3.395806 2.935245 0.606382
v -3.401807 2.935245 0.594605
v -3.403875 2.935245 0.581554
v -3.401807 2.935245 0.568499
v -3.395806 2.935245 0.556722
v -3.386460 2.935245 0.547375
v -3.374683 2.935245 0.541366
v -3.361628 2.935245 0.539304
v -3.348572 2.935245 0.541366
v -3.336795 2.935245 0.547375
v -3.327448 2.935245 0.556722
v -3.321448 2.935245 0.568499
v -3.338852 2.921562 0.598097
v -3.345080 2.921562 0.604324
v -3.352928 2.921562 0.608326
v -3.361628 2.921562 0.609708
v -3.370327 2.921562 0.608326
v -3.378175 2.921562 0.604324
v -3.384402 2.921562 0.598097
v -3.388402 2.921562 0.590251
v -3.389780 2.921562 0.581554
v -3.388402 2.921562 0.572853
v -3.384402 2.921562 0.565007
v -3.378175 2.921562 0.558776
v -3.370327 2.921562 0.554774
v -3.361628 2.921562 0.553400
v -3.352928 2.921562 0.554774
v -3.345080 2.921562 0.558776
v -3.338852 2.921562 0.565007
v -3.334853 2.921562 0.572853
v -3.333476 2.921562 0.581554
v -3.334853 2.921562 0.590251
v -3.332535 2.946999 0.581554
v -3.333960 2.946999 0.590540
v -3.338092 2.946999 0.598651
v -3.344528 2.946999 0.605084
v -3.352637 2.946999 0.609221
v -3.361628 2.946999 0.610646
v -3.370617 2.946999 0.609221
v -3.378728 2.946999 0.605084
v -3.385163 2.946999 0.598651
v -3.389296 2.946999 0.590540
v -3.390720 2.946999 0.581554
v -3.389296 2.946999 0.572564
v -3.385163 2.946999 0.564453
v -3.378728 2.946999 0.558016
v -3.370617 2.946999 0.553879
v -3.361628 2.946999 0.552462
v -3.352637 2.946999 0.553879
v -3.344528 2.946999 0.558016
v -3.338092 2.946999 0.564453
v -3.333960 2.946999 0.572564
v -3.333456 2.918489 0.581554
v -3.334835 2.918489 0.590255
v -3.338836 2.918489 0.598113
v -3.345068 2.918489 0.604340
v -3.352922 2.918489 0.608346
v -3.361628 2.918489 0.609724
v -3.370333 2.918489 0.608346
v -3.378187 2.918489 0.604340
v -3.384419 2.918489 0.598113
v -3.388421 2.918489 0.590255
v -3.389800 2.918489 0.581554
v -3.388421 2.918489 0.572849
v -3.384419 2.918489 0.564995
v -3.378187 2.918489 0.558760
v -3.370333 2.918489 0.554754
v -3.361628 2.918489 0.553380
v -3.352922 2.918489 0.554754
v -3.345068 2.918489 0.558760
v -3.338836 2.918489 0.564995
v -3.334835 2.918489 0.572849
v -3.385163 2.971342 0.598651
v -3.389296 2.971342 0.590540
v -3.390720 2.971342 0.581554
v -3.389296 2.971342 0.572564
v -3.385163 2.971342 0.564453
v -3.378728 2.971342 0.558016
v -3.370617 2.971342 0.553879
v -3.361628 2.971342 0.552462
v -3.352637 2.971342 0.553879
v -3.344528 2.971342 0.558016
v -3.338092 2.971342 0.564453
v -3.333960 2.971342 0.572564
v -3.332535 2.971342 0.581554
v -3.333960 2.971342 0.590540
v -3.338092 2.971342 0.598651
v -3.344528 2.971342 0.605084
v -3.352637 2.971342 0.609221
v -3.361628 2.971342 0.610646
v -3.370617 2.971342 0.609221
v -3.378728 2.971342 0.605084
v -3.338092 3.016891 0.564453
v -3.333960 3.016891 0.572564
v -3.332535 3.016891 0.581554
v -3.333960 3.016891 0.590540
v -3.338092 3.016891 0.598651
v -3.344528 3.016891 0.605084
v -3.352637 3.016891 0.609221
v -3.361628 3.016891 0.610646
v -3.370617 3.016891 0.609221
v -3.378728 3.016891 0.605084
v -3.385163 3.016891 0.598651
v -3.389296 3.016891 0.590540
v -3.390720 3.016891 0.581554
v -3.389296 3.016891 0.572564
v -3.385163 3.016891 0.564453
v -3.378728 3.016891 0.558016
v -3.370617 3.016891 0.553879
v -3.361628 3.016891 0.552462
v -3.352637 3.016891 0.553879
v -3.344528 3.016891 0.558016
v -3.340042 3.063220 0.565870
v -3.336252 3.063220 0.573304
v -3.334947 3.063220 0.581554
v -3.336253 3.063220 0.589796
v -3.340043 3.063220 0.597234
v -3.345945 3.063220 0.603137
v -3.353382 3.063220 0.606925
v -3.361628 3.063220 0.608235
v -3.369873 3.063220 0.606925
v -3.377311 3.063220 0.603137
v -3.383213 3.063220 0.597234
v -3.387002 3.063220 0.589796
v -3.388308 3.063220 0.581554
v -3.387002 3.063220 0.573304
v -3.383213 3.063220 0.565870
v -3.377311 3.063220 0.559968
v -3.369873 3.063220 0.556179
v -3.361628 3.063220 0.554873
v -3.353382 3.063220 0.556179
v -3.345945 3.063220 0.559968
v -3.336761 3.022476 0.563487
v -3.332395 3.022476 0.572053
v -3.330890 3.022476 0.581554
v -3.332395 3.022476 0.591047
v -3.336761 3.022476 0.599621
v -3.343560 3.022476 0.606418
v -3.352129 3.022476 0.610788
v -3.361628 3.022476 0.612293
v -3.371126 3.022476 0.610788
v -3.379695 3.022476 0.606418
v -3.386495 3.022476 0.599621
v -3.390862 3.022476 0.591047
v -3.392365 3.022476 0.581554
v -3.390862 3.022476 0.572053
v -3.386495 3.022476 0.563487
v -3.379695 3.022476 0.556686
v -3.371126 3.022476 0.552316
v -3.361628 3.022476 0.550815
v -3.352129 3.022476 0.552316
v -3.343560 3.022476 0.556686
v -3.378672 2.852214 0.605005
v -3.385086 2.852214 0.598596
v -3.389205 2.852214 0.590512
v -3.390624 2.852214 0.581554
v -3.389205 2.852214 0.572592
v -3.385086 2.852214 0.564512
v -3.378672 2.852214 0.558095
v -3.370588 2.852214 0.553970
v -3.361628 2.852214 0.552557
v -3.352667 2.852214 0.553970
v -3.344584 2.852214 0.558095
v -3.338169 2.852214 0.564508
v -3.334050 2.852214 0.572592
v -3.332632 2.852214 0.581554
v -3.334050 2.852214 0.590512
v -3.338169 2.852214 0.598596
v -3.344584 2.852214 0.605005
v -3.352667 2.852214 0.609130
v -3.361628 2.852214 0.610551
v -3.370588 2.852214 0.609130
v -3.254187 3.084921 0.555387
v -3.261854 3.084921 0.559299
v -3.267940 3.084921 0.565383
v -3.271847 3.084921 0.573055
v -3.273192 3.084921 0.581550
v -3.271847 3.084921 0.590049
v -3.267940 3.084921 0.597717
v -3.261854 3.084921 0.603797
v -3.254187 3.084921 0.607713
v -3.245687 3.084921 0.609058
v -3.237186 3.084921 0.607713
v -3.229519 3.084921 0.603797
v -3.223434 3.084921 0.597717
v -3.219528 3.084921 0.590049
v -3.218182 3.084921 0.581550
v -3.219528 3.084921 0.573055
v -3.223434 3.084921 0.565383
v -3.229519 3.084921 0.559299
v -3.237186 3.084921 0.555387
v -3.245687 3.084921 0.554046
v -3.254985 3.090039 0.552937
v -3.263371 3.090039 0.557212
v -3.270026 3.090039 0.563871
v -3.274300 3.090039 0.572251
v -3.275772 3.090039 0.581550
v -3.274300 3.090039 0.590845
v -3.270026 3.090039 0.599233
v -3.263371 3.090039 0.605888
v -3.254985 3.090039 0.610167
v -3.245687 3.090039 0.611639
v -3.236391 3.090039 0.610163
v -3.228004 3.090039 0.605892
v -3.221349 3.090039 0.599229
v -3.217076 3.090039 0.590845
v -3.215604 3.090039 0.581550
v -3.217076 3.090039 0.572251
v -3.221349 3.090039 0.563871
v -3.228004 3.090039 0.557212
v -3.236391 3.090039 0.552937
v -3.245687 3.090039 0.551465
v -3.246943 3.102132 0.577686
v -3.248075 3.102132 0.578269
v -3.248972 3.102132 0.579163
v -3.249551 3.102132 0.580295
v -3.249748 3.102132 0.581550
v -3.249551 3.102132 0.582805
v -3.248972 3.102132 0.583937
v -3.248075 3.102132 0.584836
v -3.246943 3.102132 0.585410
v -3.245687 3.102132 0.585612
v -3.244432 3.102132 0.585413
v -3.243301 3.102132 0.584836
v -3.242402 3.102132 0.583937
v -3.241826 3.102132 0.582805
v -3.241626 3.102132 0.581550
v -3.241826 3.102132 0.580295
v -3.242402 3.102132 0.579163
v -3.243301 3.102132 0.578264
v -3.244432 3.102132 0.577686
v -3.245687 3.102132 0.577492
v -3.245687 3.102132 0.581550
v -3.239192 3.100286 0.586269
v -3.240968 3.100286 0.588046
v -3.243206 3.100286 0.589186
v -3.245687 3.100286 0.589578
v -3.248168 3.100286 0.589186
v -3.250406 3.100286 0.588046
v -3.252182 3.100286 0.586269
v -3.253323 3.100286 0.584032
v -3.253715 3.100286 0.581550
v -3.253323 3.100286 0.579068
v -3.252182 3.100286 0.576831
v -3.250406 3.100286 0.575058
v -3.248168 3.100286 0.573914
v -3.245687 3.100286 0.573522
v -3.243206 3.100286 0.573914
v -3.240968 3.100286 0.575054
v -3.239192 3.100286 0.576831
v -3.238052 3.100286 0.579068
v -3.237659 3.100286 0.581550
v -3.238052 3.100286 0.584032
v -3.223709 3.091397 0.597515
v -3.229719 3.091397 0.603528
v -3.237293 3.091397 0.607388
v -3.245687 3.091397 0.608718
v -3.254082 3.091397 0.607388
v -3.261656 3.091397 0.603528
v -3.267667 3.091397 0.597515
v -3.271525 3.091397 0.589946
v -3.272855 3.091397 0.581550
v -3.271525 3.091397 0.573154
v -3.267667 3.091397 0.565585
v -3.261656 3.091397 0.559572
v -3.254082 3.091397 0.555712
v -3.245687 3.091397 0.554382
v -3.237293 3.091397 0.555712
v -3.229719 3.091397 0.559572
v -3.223709 3.091397 0.565585
v -3.219850 3.091397 0.573154
v -3.218521 3.091397 0.581550
v -3.219850 3.091397 0.589946
v -3.252877 3.086469 0.560447
v -3.259364 3.086469 0.563601
v -3.264511 3.086469 0.568511
v -3.267817 3.086469 0.574694
v -3.268955 3.086469 0.581550
v -3.267817 3.086469 0.588407
v -3.264511 3.086469 0.594594
v -3.259364 3.086469 0.599498
v -3.252877 3.086469 0.602650
v -3.245687 3.086469 0.603738
v -3.238497 3.086469 0.602654
v -3.232010 3.086469 0.599498
v -3.226863 3.086469 0.594594
v -3.223557 3.086469 0.588407
v -3.222419 3.086469 0.581550
v -3.223557 3.086469 0.574694
v -3.226863 3.086469 0.568511
v -3.232010 3.086469 0.563601
v -3.238497 3.086469 0.560447
v -3.245687 3.086469 0.559366
v -3.248199 3.087031 0.574203
v -3.250437 3.087031 0.575335
v -3.245687 3.087029 0.581550
v -3.252176 3.087030 0.577069
v -3.253269 3.087029 0.579206
v -3.253640 3.087029 0.581550
v -3.253269 3.087029 0.583894
v -3.252176 3.087029 0.586031
v -3.250436 3.087029 0.587765
v -3.248199 3.087030 0.588905
v -3.245687 3.087031 0.589301
v -3.243175 3.087029 0.588901
v -3.240937 3.087029 0.587765
v -3.239197 3.087029 0.586035
v -3.238104 3.087031 0.583894
v -3.237732 3.087031 0.581550
v -3.238105 3.087029 0.579206
v -3.239197 3.087030 0.577069
v -3.240937 3.087029 0.575335
v -3.243174 3.087029 0.574199
v -3.245686 3.087029 0.573799
v -3.217885 3.085954 0.590584
v -3.222037 3.085954 0.598734
v -3.228503 3.085954 0.605199
v -3.236652 3.085954 0.609355
v -3.245687 3.085954 0.610785
v -3.254721 3.085954 0.609355
v -3.262870 3.085954 0.605199
v -3.269337 3.085954 0.598731
v -3.273490 3.085954 0.590584
v -3.274921 3.085954 0.581550
v -3.273490 3.085954 0.572516
v -3.269337 3.085954 0.564370
v -3.262870 3.085954 0.557901
v -3.254721 3.085954 0.553745
v -3.245687 3.085954 0.552316
v -3.236652 3.085954 0.553745
v -3.228503 3.085954 0.557901
v -3.222037 3.085954 0.564370
v -3.217885 3.085954 0.572516
v -3.216454 3.085954 0.581550
v -3.254679 2.837544 0.553879
v -3.262789 2.837544 0.558016
v -3.269225 2.837544 0.564453
v -3.273357 2.837544 0.572564
v -3.274782 2.837544 0.581554
v -3.273357 2.837544 0.590540
v -3.269225 2.837544 0.598651
v -3.262789 2.837544 0.605084
v -3.254679 2.837544 0.609221
v -3.245689 2.837544 0.610646
v -3.236699 2.837544 0.609221
v -3.228589 2.837544 0.605084
v -3.222153 2.837544 0.598651
v -3.218022 2.837544 0.590540
v -3.216597 2.837544 0.581554
v -3.218022 2.837544 0.572564
v -3.222153 2.837544 0.564453
v -3.228589 2.837544 0.558016
v -3.236699 2.837544 0.553879
v -3.245689 2.837544 0.552462
v -3.254679 3.019499 0.553879
v -3.262789 3.019499 0.558016
v -3.269225 3.019499 0.564453
v -3.273357 3.019499 0.572564
v -3.274782 3.019499 0.581554
v -3.273357 3.019499 0.590540
v -3.269225 3.019499 0.598651
v -3.262789 3.019499 0.605084
v -3.254679 3.019499 0.609221
v -3.245689 3.019499 0.610646
v -3.236699 3.019499 0.609221
v -3.228589 3.019499 0.605084
v -3.222153 3.019499 0.598651
v -3.218022 3.019499 0.590540
v -3.216597 3.019499 0.581554
v -3.218022 3.019499 0.572564
v -3.222153 3.019499 0.564453
v -3.228589 3.019499 0.558016
v -3.236699 3.019499 0.553879
v -3.245689 3.019499 0.552462
v -3.245689 2.837544 0.581554
v -3.257759 3.037510 0.544406
v -3.268645 3.037510 0.549956
v -3.277286 3.037510 0.558598
v -3.282833 3.037510 0.569480
v -3.284744 3.037510 0.581554
v -3.282833 3.037510 0.593620
v -3.277286 3.037510 0.604506
v -3.268645 3.037510 0.613148
v -3.257759 3.037510 0.618698
v -3.245689 3.037510 0.620606
v -3.233621 3.037510 0.618698
v -3.222734 3.037510 0.613148
v -3.214094 3.037510 0.604506
v -3.208546 3.037510 0.593620
v -3.206635 3.037510 0.581554
v -3.208546 3.037510 0.569480
v -3.214094 3.037510 0.558598
v -3.222734 3.037510 0.549956
v -3.233621 3.037510 0.544406
v -3.245689 3.037510 0.542494
v -3.253516 3.066034 0.557466
v -3.260576 3.066034 0.561064
v -3.266179 3.066034 0.566666
v -3.269775 3.066034 0.573724
v -3.271014 3.066034 0.581554
v -3.269775 3.066034 0.589376
v -3.266179 3.066034 0.596438
v -3.260575 3.066034 0.602040
v -3.253516 3.066034 0.605634
v -3.245689 3.066034 0.606877
v -3.237863 3.066034 0.605634
v -3.230803 3.066034 0.602040
v -3.225201 3.066034 0.596435
v -3.221604 3.066034 0.589376
v -3.220364 3.066034 0.581554
v -3.221603 3.066034 0.573724
v -3.225201 3.066034 0.566666
v -3.230803 3.066034 0.561064
v -3.237863 3.066034 0.557466
v -3.245689 3.066034 0.556227
v -3.252003 3.066034 0.562121
v -3.257698 3.066034 0.565027
v -3.262216 3.066034 0.569540
v -3.265118 3.066034 0.575240
v -3.266117 3.066034 0.581554
v -3.265118 3.066034 0.587860
v -3.262216 3.066034 0.593556
v -3.257697 3.066034 0.598077
v -3.252003 3.066034 0.600983
v -3.245689 3.066034 0.601981
v -3.239376 3.066034 0.600983
v -3.233682 3.066034 0.598073
v -3.229163 3.066034 0.593556
v -3.226261 3.066034 0.587860
v -3.225261 3.066034 0.581550
v -3.226260 3.066034 0.575240
v -3.229163 3.066034 0.569540
v -3.233682 3.066034 0.565027
v -3.239376 3.066034 0.562121
v -3.245689 3.066034 0.561123
v -3.252003 3.054752 0.562125
v -3.257698 3.054752 0.565027
v -3.245689 3.054752 0.581554
v -3.262216 3.054752 0.569540
v -3.265118 3.054752 0.575240
v -3.266117 3.054752 0.581554
v -3.265118 3.054752 0.587860
v -3.262216 3.054752 0.593556
v -3.257696 3.054752 0.598077
v -3.252003 3.054752 0.600983
v -3.245689 3.054752 0.601981
v -3.239376 3.054752 0.600983
v -3.233682 3.054752 0.598073
v -3.229163 3.054752 0.593556
v -3.226260 3.054752 0.587864
v -3.225261 3.054752 0.581550
v -3.226260 3.054752 0.575240
v -3.229163 3.054752 0.569540
v -3.233682 3.054752 0.565027
v -3.239376 3.054752 0.562121
v -3.245689 3.054752 0.561123
v -3.269074 3.066034 0.578969
v -3.269777 3.066034 0.581550
v -3.267002 3.066034 0.581550
v -3.266435 3.066034 0.579341
v -3.269074 3.066034 0.584131
v -3.266435 3.066034 0.583763
v -3.247883 3.066034 0.604938
v -3.245689 3.066034 0.605639
v -3.245689 3.066034 0.602867
v -3.247568 3.066034 0.602297
v -3.243496 3.066034 0.604938
v -3.243811 3.066034 0.602297
v -3.222304 3.066034 0.584131
v -3.221602 3.066034 0.581550
v -3.224377 3.066034 0.581550
v -3.224944 3.066034 0.583763
v -3.222304 3.066034 0.578969
v -3.224944 3.066034 0.579341
v -3.243496 3.066034 0.558167
v -3.245689 3.066034 0.557462
v -3.245689 3.066034 0.560241
v -3.243811 3.066034 0.560803
v -3.247883 3.066034 0.558167
v -3.247568 3.066034 0.560803
v -3.269077 3.087687 0.578969
v -3.269779 3.087687 0.581550
v -3.267004 3.087687 0.581550
v -3.266437 3.087687 0.579341
v -3.269078 3.087687 0.584135
v -3.266438 3.087687 0.583763
v -3.247883 3.087687 0.604938
v -3.245689 3.087687 0.605639
v -3.245689 3.087687 0.602867
v -3.247568 3.087687 0.602297
v -3.243496 3.087687 0.604938
v -3.243811 3.087687 0.602297
v -3.222306 3.087687 0.584131
v -3.221601 3.087687 0.581550
v -3.224377 3.087687 0.581550
v -3.224945 3.087687 0.583763
v -3.222301 3.087687 0.578969
v -3.224940 3.087687 0.579341
v -3.243496 3.087687 0.558167
v -3.245691 3.087687 0.557462
v -3.245691 3.087687 0.560241
v -3.243811 3.087687 0.560803
v -3.247887 3.087687 0.558167
v -3.247571 3.087687 0.560803
v -3.274782 2.943030 0.581554
v -3.273357 2.943030 0.572564
v -3.269225 2.943030 0.564453
v -3.262789 2.943030 0.558016
v -3.254679 2.943030 0.553879
v -3.245689 2.943030 0.552462
v -3.236699 2.943030 0.553879
v -3.228589 2.943030 0.558016
v -3.222153 2.943030 0.564453
v -3.218022 2.943030 0.572564
v -3.216597 2.943030 0.581554
v -3.218022 2.943030 0.590540
v -3.222153 2.943030 0.598651
v -3.228589 2.943030 0.605084
v -3.236699 2.943030 0.609221
v -3.245689 2.943030 0.610646
v -3.254679 2.943030 0.609221
v -3.262789 2.943030 0.605084
v -3.269225 2.943030 0.598651
v -3.273357 2.943030 0.590540
v -3.203443 2.935245 0.581554
v -3.205509 2.935245 0.594605
v -3.211511 2.935245 0.606382
v -3.220857 2.935245 0.615725
v -3.232634 2.935245 0.621734
v -3.245689 2.935245 0.623800
v -3.258745 2.935245 0.621734
v -3.270522 2.935245 0.615725
v -3.279868 2.935245 0.606382
v -3.285869 2.935245 0.594605
v -3.287937 2.935245 0.581554
v -3.285869 2.935245 0.568499
v -3.279868 2.935245 0.556722
v -3.270522 2.935245 0.547375
v -3.258745 2.935245 0.541366
v -3.245689 2.935245 0.539304
v -3.232634 2.935245 0.541366
v -3.220857 2.935245 0.547375
v -3.211511 2.935245 0.556722
v -3.205509 2.935245 0.568499
v -3.222914 2.921562 0.598097
v -3.229142 2.921562 0.604324
v -3.236989 2.921562 0.608326
v -3.245689 2.921562 0.609708
v -3.254389 2.921562 0.608326
v -3.262237 2.921562 0.604324
v -3.268464 2.921562 0.598097
v -3.272463 2.921562 0.590251
v -3.273842 2.921562 0.581554
v -3.272463 2.921562 0.572853
v -3.268464 2.921562 0.565007
v -3.262237 2.921562 0.558776
v -3.254389 2.921562 0.554774
v -3.245689 2.921562 0.553400
v -3.236989 2.921562 0.554774
v -3.229142 2.921562 0.558776
v -3.222914 2.921562 0.565007
v -3.218915 2.921562 0.572853
v -3.217537 2.921562 0.581554
v -3.218915 2.921562 0.590251
v -3.216597 2.946999 0.581554
v -3.218022 2.946999 0.590540
v -3.222153 2.946999 0.598651
v -3.228589 2.946999 0.605084
v -3.236699 2.946999 0.609221
v -3.245689 2.946999 0.610646
v -3.254679 2.946999 0.609221
v -3.262789 2.946999 0.605084
v -3.269225 2.946999 0.598651
v -3.273357 2.946999 0.590540
v -3.274782 2.946999 0.581554
v -3.273357 2.946999 0.572564
v -3.269225 2.946999 0.564453
v -3.262789 2.946999 0.558016
v -3.254679 2.946999 0.553879
v -3.245689 2.946999 0.552462
v -3.236699 2.946999 0.553879
v -3.228589 2.946999 0.558016
v -3.222153 2.946999 0.564453
v -3.218022 2.946999 0.572564
v -3.217518 2.918489 0.581554
v -3.218896 2.918489 0.590259
v -3.222898 2.918489 0.598109
v -3.229131 2.918489 0.604340
v -3.236984 2.918489 0.608346
v -3.245689 2.918489 0.609724
v -3.254395 2.918489 0.608346
v -3.262249 2.918489 0.604340
v -3.268481 2.918489 0.598113
v -3.272482 2.918489 0.590259
v -3.273861 2.918489 0.581554
v -3.272482 2.918489 0.572849
v -3.268481 2.918489 0.564995
v -3.262249 2.918489 0.558760
v -3.254395 2.918489 0.554754
v -3.245689 2.918489 0.553380
v -3.236984 2.918489 0.554754
v -3.229131 2.918489 0.558760
v -3.222898 2.918489 0.564991
v -3.218896 2.918489 0.572849
v -3.269225 2.971342 0.598651
v -3.273357 2.971342 0.590540
v -3.274782 2.971342 0.581554
v -3.273357 2.971342 0.572564
v -3.269225 2.971342 0.564453
v -3.262789 2.971342 0.558016
v -3.254679 2.971342 0.553879
v -3.245689 2.971342 0.552462
v -3.236699 2.971342 0.553879
v -3.228589 2.971342 0.558016
v -3.222153 2.971342 0.564453
v -3.218022 2.971342 0.572564
v -3.216597 2.971342 0.581554
v -3.218022 2.971342 0.590540
v -3.222153 2.971342 0.598651
v -3.228589 2.971342 0.605084
v -3.236699 2.971342 0.609221
v -3.245689 2.971342 0.610646
v -3.254679 2.971342 0.609221
v -3.262789 2.971342 0.605084
v -3.222153 3.016891 0.564453
v -3.218022 3.016891 0.572564
v -3.216597 3.016891 0.581554
v -3.218022 3.016891 0.590540
v -3.222153 3.016891 0.598651
v -3.228589 3.016891 0.605084
v -3.236699 3.016891 0.609221
v -3.245689 3.016891 0.610646
v -3.254679 3.016891 0.609221
v -3.262789 3.016891 0.605084
v -3.269225 3.016891 0.598651
v -3.273357 3.016891 0.590540
v -3.274782 3.016891 0.581554
v -3.273357 3.016891 0.572564
v -3.269225 3.016891 0.564453
v -3.262789 3.016891 0.558016
v -3.254679 3.016891 0.553879
v -3.245689 3.016891 0.552462
v -3.236699 3.016891 0.553879
v -3.228589 3.016891 0.558016
v -3.224104 3.063220 0.565870
v -3.220314 3.063220 0.573304
v -3.219009 3.063220 0.581554
v -3.220315 3.063220 0.589796
v -3.224105 3.063220 0.597234
v -3.230007 3.063220 0.603137
v -3.237443 3.063220 0.606925
v -3.245689 3.063220 0.608235
v -3.253934 3.063220 0.606925
v -3.261372 3.063220 0.603137
v -3.267275 3.063220 0.597234
v -3.271065 3.063220 0.589796
v -3.272370 3.063220 0.581554
v -3.271065 3.063220 0.573304
v -3.267275 3.063220 0.565870
v -3.261373 3.063220 0.559968
v -3.253934 3.063220 0.556179
v -3.245689 3.063220 0.554869
v -3.237443 3.063220 0.556179
v -3.230007 3.063220 0.559968
v -3.220822 3.022476 0.563487
v -3.216456 3.022476 0.572053
v -3.214952 3.022476 0.581554
v -3.216456 3.022476 0.591051
v -3.220822 3.022476 0.599621
v -3.227622 3.022476 0.606418
v -3.236190 3.022476 0.610788
v -3.245689 3.022476 0.612293
v -3.255188 3.022476 0.610788
v -3.263757 3.022476 0.606418
v -3.270556 3.022476 0.599621
v -3.274923 3.022476 0.591051
v -3.276427 3.022476 0.581554
v -3.274923 3.022476 0.572053
v -3.270556 3.022476 0.563487
v -3.263757 3.022476 0.556686
v -3.255188 3.022476 0.552316
v -3.245689 3.022476 0.550815
v -3.236190 3.022476 0.552316
v -3.227622 3.022476 0.556686
v -3.262733 2.852214 0.605005
v -3.269147 2.852214 0.598596
v -3.273267 2.852214 0.590512
v -3.274685 2.852214 0.581554
v -3.273267 2.852214 0.572592
v -3.269147 2.852214 0.564508
v -3.262733 2.852214 0.558095
v -3.254650 2.852214 0.553970
v -3.245689 2.852214 0.552557
v -3.236728 2.852214 0.553970
v -3.228646 2.852214 0.558095
v -3.222231 2.852214 0.564508
v -3.218112 2.852214 0.572592
v -3.216693 2.852214 0.581554
v -3.218112 2.852214 0.590512
v -3.222231 2.852214 0.598596
v -3.228646 2.852214 0.605009
v -3.236728 2.852214 0.609134
v -3.245689 2.852214 0.610551
v -3.254650 2.852214 0.609130
vt 1.013088 -1.474092
vt 1.341329 -1.474092
vt 1.341329 0.323584
vt 1.013088 0.323584
vt 1.699188 0.323584
vt 1.370944 0.323584
vt 1.370944 -1.474092
vt 1.699188 -1.474092
vt -1.846257 0.407822
vt -1.339710 0.407822
vt -1.339710 0.490312
vt -1.846257 0.490312
vt -1.830428 0.386291
vt -1.355542 0.386291
vt -1.801005 0.353957
vt -1.384970 0.353957
vt -1.830428 -1.956871
vt -1.801005 -1.924538
vt -1.355542 -1.956871
vt -1.384970 -1.924538
vt -0.520915 0.407822
vt -0.014371 0.407822
vt -0.014371 0.490312
vt -0.520915 0.490312
vt -0.505083 0.386291
vt -0.030198 0.386291
vt -0.475658 0.353957
vt -0.059622 0.353957
vt -0.505083 -1.956871
vt -0.475658 -1.924538
vt -0.030198 -1.956871
vt -0.059622 -1.924538
vt 1.962034 0.340202
vt 1.962034 2.618697
vt 1.951108 2.618697
vt 1.951108 0.340202
vt 1.911622 2.618697
vt 1.911622 0.340202
vt 1.922551 0.340202
vt 1.922551 2.618697
vt 1.883060 0.340202
vt 1.883060 2.618697
vt 1.872134 2.618697
vt 1.872134 0.340202
vt 1.832651 2.618697
vt 1.832651 0.340202
vt 1.843577 0.340202
vt 1.843577 2.618697
vt -0.983442 0.990107
vt -0.983442 0.508891
vt -0.898555 0.508891
vt -0.898555 0.990107
vt -0.870432 0.516407
vt -0.870432 0.982583
vt -0.841324 0.534636
vt -0.841324 0.964351
vt -1.154121 0.990110
vt -1.154121 0.508891
vt -1.069233 0.508891
vt -1.069233 0.990110
vt -1.041110 0.516415
vt -1.041110 0.982592
vt -1.012002 0.534647
vt -1.012002 0.964359
vt -1.362020 0.508891
vt -1.362020 0.863167
vt -1.477578 0.863167
vt -1.477578 0.508891
vt -1.506138 0.508891
vt -1.506138 0.863167
vt -1.621696 0.863167
vt -1.621696 0.508891
vt -0.812767 0.508891
vt -0.458488 0.508891
vt -0.458488 1.036683
vt -0.812764 1.036683
vt 0.985856 1.216370
vt 0.510971 1.216370
vt 0.510971 0.508891
vt 0.985853 0.508891
vt -1.182678 0.508891
vt -1.182678 0.924927
vt -1.198956 0.924927
vt -1.198956 0.508891
vt -1.227513 0.508891
vt -1.227513 0.924930
vt -1.243791 0.924930
vt -1.243791 0.508891
vt -1.288627 0.924930
vt -1.288627 0.508894
vt -1.272349 0.508891
vt -1.272349 0.924930
vt -1.333462 0.924927
vt -1.333462 0.508891
vt -1.317184 0.508891
vt -1.317184 0.924927
vt -0.012321 0.508891
vt -0.012321 1.128693
vt -0.023246 1.128693
vt -0.023246 0.508891
vt -0.062732 1.128690
vt -0.062732 0.508891
vt -0.051803 0.508891
vt -0.051803 1.128690
vt -0.102215 1.128690
vt -0.102215 0.508891
vt -0.091289 0.508891
vt -0.091289 1.128690
vt -0.130772 0.508891
vt -0.130772 1.128690
vt -0.141698 1.128690
vt -0.141698 0.508891
vt 1.297547 0.340202
vt 1.804094 0.340202
vt 1.791422 0.359069
vt 1.310206 0.359069
vt 1.804094 1.094840
vt 1.791422 1.075976
vt 1.297547 1.094840
vt 1.310206 1.075976
vt 0.034469 0.536055
vt 0.464184 0.536055
vt 0.439117 0.573399
vt 0.059538 0.573399
vt 0.464184 1.176237
vt 0.439117 1.138893
vt 0.426467 0.592249
vt 0.072188 0.592249
vt 0.034469 1.176237
vt 0.059533 1.138893
vt 0.482413 0.508891
vt 0.482413 1.203400
vt 0.426467 1.120040
vt 0.072191 1.120040
vt 0.016237 1.203400
vt 0.016237 0.508891
vt 2.217809 0.323584
vt 1.728802 0.323584
vt 1.728802 -1.474092
vt 2.217809 -1.474092
vt 2.091155 0.338242
vt 2.580161 0.338242
vt 2.580161 2.135918
vt 2.091155 2.135918
vt -0.555494 -1.874381
vt -1.310134 -1.874381
vt -1.310134 -1.956871
vt -0.555494 -1.956871
vt -0.579076 -1.852849
vt -1.286552 -1.852849
vt -0.622915 -1.820516
vt -1.242714 -1.820516
vt -0.579076 0.490312
vt -0.622915 0.457979
vt -1.286552 0.490312
vt -1.242714 0.457979
vt 0.014299 0.407822
vt 0.768940 0.407822
vt 0.768940 0.490312
vt 0.014299 0.490312
vt 0.037881 0.386291
vt 0.745358 0.386291
vt 0.081720 0.353957
vt 0.701519 0.353957
vt 0.037881 -1.956871
vt 0.081720 -1.924538
vt 0.745358 -1.956871
vt 0.701519 -1.924538
vt 2.141375 0.340202
vt 2.141375 2.618697
vt 2.125096 2.618697
vt 2.125096 0.340202
vt 2.096539 0.340202
vt 2.096539 2.618697
vt 2.080261 2.618697
vt 2.080261 0.340202
vt 2.035426 2.618697
vt 2.035426 0.340202
vt 2.051704 0.340202
vt 2.051704 2.618697
vt 1.990591 2.618697
vt 1.990591 0.340202
vt 2.006869 0.340202
vt 2.006869 2.618697
vt 1.268991 0.340202
vt 1.268991 1.057113
vt 1.184102 1.057113
vt 1.184102 0.340202
vt 1.155981 1.045911
vt 1.155981 0.351404
vt 1.014413 1.057113
vt 1.014413 0.340202
vt 1.099302 0.340202
vt 1.099302 1.057113
vt 1.127424 0.351404
vt 1.127424 1.045911
vt -0.170255 0.508891
vt -0.170255 1.036686
vt -0.285814 1.036686
vt -0.285814 0.508891
vt -0.429930 1.036686
vt -0.429930 0.508891
vt -0.314371 0.508891
vt -0.314371 1.036686
vt 1.374556 1.387258
vt 1.374556 1.312383
vt 1.412100 1.314817
vt 1.412100 1.391838
vt 1.374556 1.229397
vt 1.412100 1.229397
vt 1.374556 1.446604
vt 1.412100 1.452973
vt 1.365079 1.307476
vt 1.365079 1.229397
vt 1.374556 1.146411
vt 1.412100 1.143986
vt 1.365079 1.151318
vt 1.374556 1.071574
vt 1.412100 1.066994
vt 1.374556 1.012151
vt 1.412100 1.005801
vt 1.445789 1.146420
vt 1.445789 1.071545
vt 1.483333 1.066965
vt 1.483333 1.143986
vt 1.445789 1.012199
vt 1.483333 1.005801
vt 1.445789 1.229406
vt 1.483333 1.229406
vt 1.436312 1.229406
vt 1.436312 1.151327
vt 1.445789 1.312383
vt 1.483333 1.314826
vt 1.436312 1.307437
vt 1.445789 1.387219
vt 1.483333 1.391809
vt 1.445789 1.446642
vt 1.483333 1.452973
vt -1.335353 -1.477689
vt -1.260839 -1.477689
vt -1.260584 -1.342929
vt -1.334805 -1.342929
vt -1.178257 -1.477689
vt -1.178257 -1.342929
vt -1.258222 -0.734124
vt -1.330369 -0.734124
vt -1.394478 -1.477689
vt -1.393751 -1.342929
vt -1.095709 -1.477689
vt -1.095964 -1.342929
vt -1.178257 -0.734124
vt -1.258183 -0.705895
vt -1.330258 -0.705895
vt -1.387641 -0.734124
vt -1.021199 -1.477689
vt -1.021709 -1.342929
vt -1.098326 -0.734124
vt -1.178257 -0.705895
vt -1.298185 -0.580208
vt -1.406370 -0.580208
vt -1.387497 -0.705895
vt -0.962108 -1.477689
vt -0.962835 -1.342929
vt -1.026145 -0.734124
vt -1.098364 -0.705895
vt -1.178257 -0.580208
vt -0.968944 -0.734124
vt -1.026289 -0.705895
vt -1.058362 -0.580208
vt -1.178257 -0.508691
vt -1.260839 -0.508691
vt -0.969089 -0.705895
vt -0.950178 -0.580208
vt -1.095709 -0.508691
vt -1.178257 -0.472235
vt -1.260839 -0.472235
vt -1.095709 -0.472235
vt -1.178257 -0.248611
vt -1.260839 -0.248611
vt -1.335353 -0.508691
vt -1.335353 -0.472235
vt -1.021199 -0.508691
vt -1.021199 -0.472235
vt -1.095709 -0.248611
vt -1.178257 0.169812
vt -1.260839 0.169812
vt -1.335353 -0.248611
vt -1.394478 -0.508691
vt -1.394478 -0.472235
vt -0.962108 -0.508691
vt -0.962108 -0.472235
vt -1.021199 -0.248611
vt -1.095709 0.169812
vt -1.178257 0.193760
vt -1.260839 0.193760
vt -1.335353 0.169812
vt -1.394478 -0.248611
vt -0.962108 -0.248611
vt -1.021199 0.169812
vt -1.095709 0.193760
vt -1.178257 0.221114
vt -1.265529 0.221114
vt -1.335353 0.193760
vt -1.394478 0.169812
vt -0.962108 0.169812
vt -1.021199 0.193760
vt -1.091057 0.221114
vt -1.178257 0.359213
vt -1.289169 0.359213
vt -1.344224 0.221114
vt -1.394478 0.193760
vt -0.962108 0.193760
vt -1.012290 0.221114
vt -1.067383 0.359213
vt -1.178257 0.595393
vt -1.254041 0.595393
vt -1.389133 0.359213
vt -1.406697 0.221114
vt -0.949850 0.221114
vt -0.967415 0.359213
vt -1.102545 0.595393
vt -1.178257 0.621246
vt -1.250188 0.621246
vt -1.322330 0.595393
vt -1.468515 0.359213
vt -0.888032 0.359213
vt -1.034217 0.595393
vt -1.106403 0.621246
vt -1.315023 0.621246
vt -1.376553 0.595393
vt -0.980000 0.595393
vt -1.041563 0.621246
vt -1.366479 0.621246
vt -0.990069 0.621246
vt -0.726938 -1.477689
vt -0.652429 -1.477689
vt -0.652174 -1.342929
vt -0.726428 -1.342929
vt -0.569880 -1.477689
vt -0.569880 -1.342929
vt -0.649812 -0.734124
vt -0.721993 -0.734124
vt -0.786029 -1.477689
vt -0.785303 -1.342929
vt -0.487299 -1.477689
vt -0.487554 -1.342929
vt -0.569880 -0.734124
vt -0.649773 -0.705895
vt -0.721848 -0.705895
vt -0.779193 -0.734124
vt -0.412784 -1.477689
vt -0.413294 -1.342929
vt -0.489916 -0.734124
vt -0.569880 -0.705895
vt -0.689775 -0.580208
vt -0.797960 -0.580208
vt -0.779048 -0.705895
vt -0.353660 -1.477689
vt -0.354386 -1.342929
vt -0.417768 -0.734124
vt -0.489954 -0.705895
vt -0.569880 -0.580208
vt -0.360496 -0.734124
vt -0.417879 -0.705895
vt -0.449952 -0.580208
vt -0.569880 -0.508691
vt -0.652429 -0.508691
vt -0.360640 -0.705895
vt -0.341768 -0.580208
vt -0.487299 -0.508691
vt -0.569880 -0.472235
vt -0.652429 -0.472235
vt -0.487299 -0.472235
vt -0.569880 -0.248611
vt -0.652429 -0.248611
vt -0.726938 -0.508691
vt -0.726938 -0.472235
vt -0.412784 -0.508691
vt -0.412784 -0.472235
vt -0.487299 -0.248611
vt -0.569880 0.169812
vt -0.652429 0.169812
vt -0.726938 -0.248611
vt -0.786029 -0.508691
vt -0.786029 -0.472235
vt -0.353660 -0.508691
vt -0.353660 -0.472235
vt -0.412784 -0.248611
vt -0.487299 0.169812
vt -0.569880 0.193760
vt -0.652429 0.193760
vt -0.726938 0.169812
vt -0.786029 -0.248611
vt -0.353660 -0.248611
vt -0.412784 0.169812
vt -0.487299 0.193760
vt -0.569880 0.221114
vt -0.657081 0.221114
vt -0.726938 0.193760
vt -0.786029 0.169812
vt -0.353660 0.169812
vt -0.412784 0.193760
vt -0.482608 0.221114
vt -0.569880 0.359213
vt -0.680721 0.359213
vt -0.735848 0.221114
vt -0.786029 0.193760
vt -0.353660 0.193760
vt -0.403913 0.221114
vt -0.458968 0.359213
vt -0.569880 0.595393
vt -0.645593 0.595393
vt -0.780723 0.359213
vt -0.798287 0.221114
vt -0.341440 0.221114
vt -0.359005 0.359213
vt -0.494096 0.595393
vt -0.569880 0.621246
vt -0.641734 0.621246
vt -0.713920 0.595393
vt -0.860105 0.359213
vt -0.279622 0.359213
vt -0.425807 0.595393
vt -0.497950 0.621246
vt -0.706574 0.621246
vt -0.768138 0.595393
vt -0.371585 0.595393
vt -0.433115 0.621246
vt -0.758069 0.621246
vt -0.381659 0.621246
vt 0.024501 2.000883
vt 0.024501 2.053253
vt -0.079142 2.053253
vt -0.079142 2.000883
vt 0.024501 2.111252
vt -0.079142 2.111252
vt 0.024501 1.959433
vt -0.079142 1.959433
vt 0.024501 2.169221
vt -0.079142 2.169221
vt 0.024501 2.221505
vt -0.079142 2.221505
vt 0.024501 2.263032
vt -0.079142 2.263032
vt 0.152358 1.985334
vt 0.152358 2.037637
vt 0.048714 2.037637
vt 0.048714 1.985334
vt 0.152358 2.095674
vt 0.048714 2.095674
vt 0.152358 1.943808
vt 0.048714 1.943846
vt 0.152358 2.153596
vt 0.048714 2.153596
vt 0.152358 2.205957
vt 0.048714 2.205957
vt 0.152358 2.247416
vt 0.048714 2.247416
vt -0.917936 1.959471
vt -0.894228 1.959471
vt -0.894228 2.158368
vt -0.917936 2.158368
vt -0.870482 1.959471
vt -0.870516 2.158368
vt -0.962435 1.959471
vt -0.942148 1.959471
vt -0.942148 2.158368
vt -0.962435 2.158368
vt -0.982766 1.959471
vt -0.982766 2.158368
vt -1.251424 1.924372
vt -1.227168 1.924372
vt -1.227168 2.123269
vt -1.251424 2.123269
vt -1.299893 1.924372
vt -1.275637 1.924372
vt -1.275637 2.123269
vt -1.299893 2.123269
vt -1.371525 1.924372
vt -1.347813 1.924372
vt -1.347813 2.123269
vt -1.371525 2.123269
vt -1.324105 1.924372
vt -1.324105 2.123269
vt -1.416068 1.924372
vt -1.395738 1.924372
vt -1.395738 2.123269
vt -1.416068 2.123269
vt -1.436355 1.924372
vt -1.436355 2.123269
vt -1.229304 2.174129
vt -1.205087 2.174129
vt -1.205087 2.373025
vt -1.229304 2.373025
vt -1.175467 2.174129
vt -1.151249 2.174129
vt -1.151249 2.373025
vt -1.175467 2.373025
vt 1.303323 1.387239
vt 1.303323 1.312363
vt 1.340866 1.314769
vt 1.340866 1.391780
vt 1.303323 1.229377
vt 1.340866 1.229377
vt 1.303323 1.446623
vt 1.340866 1.452982
vt 1.293846 1.307456
vt 1.293846 1.229377
vt 1.303323 1.146391
vt 1.340866 1.143967
vt 1.293846 1.151337
vt 1.303323 1.071555
vt 1.340866 1.066975
vt 1.303323 1.012132
vt 1.340866 1.005811
vt 1.232094 1.146382
vt 1.232094 1.071545
vt 1.269638 1.066927
vt 1.269638 1.143986
vt 1.232094 1.012122
vt 1.269638 1.005801
vt 1.232094 1.229368
vt 1.269638 1.229368
vt 1.222617 1.229368
vt 1.222617 1.151289
vt 1.232094 1.312344
vt 1.269638 1.314788
vt 1.222617 1.307399
vt 1.232094 1.387181
vt 1.269638 1.391770
vt 1.232094 1.446604
vt 1.269638 1.452934
vt -0.119307 -1.477689
vt -0.044793 -1.477689
vt -0.044538 -1.342929
vt -0.118797 -1.342929
vt 0.037789 -1.477689
vt 0.037789 -1.342929
vt -0.042176 -0.734124
vt -0.114323 -0.734124
vt -0.178432 -1.477689
vt -0.177705 -1.342929
vt 0.120337 -1.477689
vt 0.120082 -1.342929
vt 0.037789 -0.734124
vt -0.042138 -0.705895
vt -0.114213 -0.705895
vt -0.171596 -0.734124
vt 0.194846 -1.477689
vt 0.194337 -1.342929
vt 0.117754 -0.734124
vt 0.037789 -0.705895
vt -0.082139 -0.580208
vt -0.190324 -0.580208
vt -0.171451 -0.705895
vt 0.253937 -1.477689
vt 0.253211 -1.342929
vt 0.189901 -0.734124
vt 0.117681 -0.705895
vt 0.037789 -0.580208
vt 0.247101 -0.734124
vt 0.189757 -0.705895
vt 0.157683 -0.580208
vt 0.037789 -0.508691
vt -0.044793 -0.508691
vt 0.246957 -0.705895
vt 0.265868 -0.580208
vt 0.120337 -0.508691
vt 0.037789 -0.472235
vt -0.044793 -0.472235
vt 0.120337 -0.472235
vt 0.037789 -0.248611
vt -0.044793 -0.248611
vt -0.119307 -0.508691
vt -0.119307 -0.472235
vt 0.194846 -0.508691
vt 0.194846 -0.472235
vt 0.120337 -0.248611
vt 0.037789 0.169812
vt -0.044793 0.169812
vt -0.119307 -0.248611
vt -0.178432 -0.508691
vt -0.178432 -0.472235
vt 0.253937 -0.508691
vt 0.253937 -0.472235
vt 0.194846 -0.248611
vt 0.120337 0.169812
vt 0.037789 0.193760
vt -0.044793 0.193760
vt -0.119307 0.169812
vt -0.178432 -0.248611
vt 0.253937 -0.248611
vt 0.194846 0.169812
vt 0.120337 0.193760
vt 0.037789 0.221114
vt -0.049484 0.221114
vt -0.119307 0.193760
vt -0.178432 0.169812
vt 0.253937 0.169812
vt 0.194846 0.193760
vt 0.125028 0.221114
vt 0.037789 0.359213
vt -0.073124 0.359213
vt -0.128178 0.221114
vt -0.178432 0.193760
vt 0.253937 0.193760
vt 0.203756 0.221114
vt 0.148629 0.359213
vt 0.037789 0.595393
vt -0.037995 0.595393
vt -0.173087 0.359213
vt -0.190651 0.221114
vt 0.266195 0.221114
vt 0.248631 0.359213
vt 0.113501 0.595393
vt 0.037789 0.621246
vt -0.034142 0.621246
vt -0.106285 0.595393
vt -0.252470 0.359213
vt 0.328014 0.359213
vt 0.181828 0.595393
vt 0.109643 0.621246
vt -0.098977 0.621246
vt -0.160507 0.595393
vt 0.236046 0.595393
vt 0.174521 0.621246
vt -0.150433 0.621246
vt 0.225977 0.621246
vt 0.488338 -1.477689
vt 0.562847 -1.477689
vt 0.563102 -1.342929
vt 0.488848 -1.342929
vt 0.645395 -1.477689
vt 0.645395 -1.342929
vt 0.565431 -0.734124
vt 0.493317 -0.734124
vt 0.429247 -1.477689
vt 0.429935 -1.342929
vt 0.727977 -1.477689
vt 0.727722 -1.342929
vt 0.645395 -0.734124
vt 0.565503 -0.705895
vt 0.493428 -0.705895
vt 0.436083 -0.734124
vt 0.802492 -1.477689
vt 0.801982 -1.342929
vt 0.725360 -0.734124
vt 0.645395 -0.705895
vt 0.525501 -0.580208
vt 0.417316 -0.580208
vt 0.436227 -0.705895
vt 0.861616 -1.477689
vt 0.860890 -1.342929
vt 0.797546 -0.734124
vt 0.725322 -0.705895
vt 0.645395 -0.580208
vt 0.854780 -0.734124
vt 0.797397 -0.705895
vt 0.765324 -0.580208
vt 0.645395 -0.508691
vt 0.562847 -0.508691
vt 0.854636 -0.705895
vt 0.873508 -0.580208
vt 0.727977 -0.508691
vt 0.645395 -0.472235
vt 0.562847 -0.472235
vt 0.727977 -0.472235
vt 0.645395 -0.248611
vt 0.562847 -0.248611
vt 0.488338 -0.508691
vt 0.488338 -0.472235
vt 0.802492 -0.508691
vt 0.802492 -0.472235
vt 0.727977 -0.248611
vt 0.645395 0.169812
vt 0.562847 0.169812
vt 0.488338 -0.248611
vt 0.429247 -0.508691
vt 0.429247 -0.472235
vt 0.861616 -0.508691
vt 0.861616 -0.472235
vt 0.802492 -0.248611
vt 0.727977 0.169812
vt 0.645395 0.193760
vt 0.562847 0.193760
vt 0.488338 0.169812
vt 0.429247 -0.248611
vt 0.861616 -0.248611
vt 0.802492 0.169812
vt 0.727977 0.193760
vt 0.645395 0.221114
vt 0.558157 0.221114
vt 0.488338 0.193760
vt 0.429247 0.169812
vt 0.861616 0.169812
vt 0.802492 0.193760
vt 0.732668 0.221114
vt 0.645395 0.359213
vt 0.534555 0.359213
vt 0.479428 0.221114
vt 0.429247 0.193760
vt 0.861616 0.193760
vt 0.811363 0.221114
vt 0.756308 0.359213
vt 0.645395 0.595393
vt 0.569683 0.595393
vt 0.434553 0.359213
vt 0.416989 0.221114
vt 0.873835 0.221114
vt 0.856271 0.359213
vt 0.721180 0.595393
vt 0.645395 0.621246
vt 0.573542 0.621246
vt 0.501356 0.595393
vt 0.355171 0.359213
vt 0.935654 0.359213
vt 0.789469 0.595393
vt 0.717326 0.621246
vt 0.508702 0.621246
vt 0.447138 0.595393
vt 0.843691 0.595393
vt 0.782161 0.621246
vt 0.457207 0.621246
vt 0.833617 0.621246
vt -0.103355 2.000883
vt -0.103355 2.053253
vt -0.206998 2.053253
vt -0.206998 2.000883
vt -0.103355 2.111252
vt -0.206998 2.111252
vt -0.103355 1.959433
vt -0.206998 1.959433
vt -0.103355 2.169183
vt -0.206998 2.169183
vt -0.103355 2.221505
vt -0.206998 2.221505
vt -0.103355 2.263032
vt -0.206998 2.263032
vt -0.231211 2.000921
vt -0.231211 2.053262
vt -0.334855 2.053224
vt -0.334855 2.000921
vt -0.231211 2.111223
vt -0.334855 2.111223
vt -0.231211 1.959433
vt -0.334855 1.959433
vt -0.231211 2.169183
vt -0.334855 2.169183
vt -0.231211 2.221544
vt -0.334855 2.221544
vt -0.231211 2.263003
vt -0.334855 2.263003
vt -1.121624 2.174129
vt -1.097917 2.174129
vt -1.097917 2.373025
vt -1.121624 2.373025
vt -1.074205 2.174129
vt -1.074171 2.373025
vt -1.024374 2.174129
vt -1.004087 2.174129
vt -1.004087 2.373025
vt -1.024374 2.373025
vt -1.044705 2.174129
vt -1.044705 2.373025
vt -0.737041 2.195835
vt -0.712785 2.195835
vt -0.712785 2.394732
vt -0.737041 2.394732
vt -0.683198 2.195835
vt -0.658942 2.195835
vt -0.658942 2.394732
vt -0.683198 2.394732
vt -0.629361 2.195835
vt -0.605649 2.195835
vt -0.605649 2.394732
vt -0.629361 2.394732
vt -0.581941 2.195835
vt -0.581941 2.394732
vt -0.532154 2.195806
vt -0.511824 2.195806
vt -0.511824 2.394703
vt -0.532154 2.394703
vt -0.552441 2.195806
vt -0.552441 2.394703
vt -0.244777 2.278792
vt -0.220560 2.278792
vt -0.220560 2.477689
vt -0.244777 2.477689
vt -0.190935 2.278792
vt -0.166717 2.278792
vt -0.166717 2.477689
vt -0.190935 2.477689
vt 0.140218 1.419167
vt 0.069788 1.455095
vt 0.060455 1.442254
vt 0.135311 1.404076
vt 0.152249 1.465640
vt 0.092658 1.494620
vt 0.013886 1.510986
vt 0.001042 1.501677
vt 0.218301 1.406837
vt 0.218301 1.390948
vt 0.218301 1.455677
vt 0.195224 1.592005
vt 0.174663 1.602405
vt 0.045378 1.539711
vt -0.022012 1.581459
vt -0.037103 1.576514
vt 0.296385 1.419167
vt 0.301283 1.404076
vt 0.284349 1.465640
vt 0.218311 1.588295
vt 0.218301 1.659495
vt 0.158691 1.618368
vt 0.015012 1.596512
vt 0.366815 1.455095
vt 0.376148 1.442254
vt 0.343935 1.494620
vt 0.241384 1.591971
vt 0.148651 1.637972
vt -0.034368 1.659495
vt 0.004553 1.659495
vt 0.422707 1.510986
vt 0.435547 1.501677
vt 0.391215 1.539711
vt 0.261930 1.602405
vt 0.145240 1.659495
vt -0.022012 1.737574
vt 0.015012 1.722483
vt 0.458595 1.581421
vt 0.473701 1.576514
vt 0.421581 1.596512
vt 0.277912 1.618334
vt 0.148651 1.681062
vt 0.013886 1.808009
vt 0.045378 1.779317
vt 0.470969 1.659495
vt 0.432040 1.659495
vt 0.287947 1.637972
vt 0.158691 1.700661
vt 0.001042 1.817356
vt -0.037103 1.742481
vt 0.069788 1.863867
vt 0.092658 1.824375
vt 0.458595 1.737574
vt 0.421581 1.722483
vt 0.291372 1.659495
vt 0.174677 1.716589
vt 0.060455 1.876702
vt 0.140218 1.899827
vt 0.152249 1.853322
vt 0.422707 1.808009
vt 0.391215 1.779317
vt 0.287957 1.681023
vt 0.195224 1.727062
vt 0.135311 1.914919
vt 0.218301 1.912196
vt 0.218301 1.863318
vt 0.473701 1.742481
vt 0.435547 1.817356
vt 0.366815 1.863867
vt 0.343935 1.824375
vt 0.277917 1.700699
vt 0.218297 1.730699
vt 0.218301 1.928047
vt 0.296385 1.899827
vt 0.284349 1.853322
vt 0.376148 1.876702
vt 0.261930 1.716589
vt 0.241379 1.727024
vt 0.301283 1.914919
vt -0.430724 1.930150
vt -0.507749 1.890879
vt -0.491999 1.869207
vt -0.422425 1.904662
vt -0.568889 1.829715
vt -0.547217 1.813969
vt -0.388653 1.726985
vt -0.368102 1.737459
vt -0.345304 1.943678
vt -0.345304 1.916877
vt -0.608150 1.752728
vt -0.582658 1.744439
vt -0.404972 1.710658
vt -0.367236 1.697490
vt -0.356849 1.702802
vt -0.345304 1.741057
vt -0.259907 1.930150
vt -0.268201 1.904662
vt -0.621668 1.667312
vt -0.594872 1.667312
vt -0.415450 1.690111
vt -0.375482 1.689240
vt -0.345304 1.667312
vt -0.345304 1.704620
vt -0.322515 1.737459
vt -0.182867 1.890913
vt -0.198618 1.869207
vt -0.608150 1.581892
vt -0.582658 1.590181
vt -0.419048 1.667312
vt -0.380793 1.678801
vt -0.333782 1.702802
vt -0.301954 1.726947
vt -0.121732 1.829715
vt -0.143419 1.813969
vt -0.568889 1.504872
vt -0.547217 1.520651
vt -0.415450 1.644510
vt -0.382611 1.667312
vt -0.323390 1.697490
vt -0.285645 1.710658
vt -0.082481 1.752728
vt -0.107963 1.744439
vt -0.507749 1.443707
vt -0.491999 1.465414
vt -0.404972 1.623963
vt -0.380793 1.655781
vt -0.315130 1.689240
vt -0.275177 1.690111
vt -0.068958 1.667312
vt -0.095754 1.667312
vt -0.430724 1.404471
vt -0.422425 1.429958
vt -0.388653 1.607673
vt -0.375482 1.645380
vt -0.309829 1.678801
vt -0.271559 1.667312
vt -0.082481 1.581892
vt -0.107963 1.590181
vt -0.345304 1.390943
vt -0.345304 1.417744
vt -0.368102 1.597162
vt -0.367236 1.637130
vt -0.308006 1.667312
vt -0.275177 1.644510
vt -0.121732 1.504872
vt -0.143419 1.520651
vt -0.259907 1.404432
vt -0.268201 1.429958
vt -0.345304 1.593563
vt -0.356849 1.631819
vt -0.309829 1.655781
vt -0.285645 1.623963
vt -0.182867 1.443741
vt -0.198618 1.465414
vt -0.322515 1.597162
vt -0.345304 1.630000
vt -0.315130 1.645380
vt -0.301954 1.607635
vt -0.333782 1.631857
vt -0.323390 1.637130
vt 1.711366 0.864725
vt 1.785876 0.826724
vt 1.868458 1.080945
vt 1.868458 0.813702
vt 1.652254 0.923849
vt 1.951040 0.826724
vt 1.614290 0.998363
vt 2.025539 0.864725
vt 1.601214 1.080945
vt 2.084659 0.923849
vt 1.614290 1.163494
vt 2.122621 0.998363
vt 1.652254 1.238003
vt 2.135701 1.080945
vt 1.711366 1.297094
vt 2.122621 1.163494
vt 1.785876 1.335094
vt 2.084659 1.238003
vt 1.868458 1.348189
vt 2.025539 1.297094
vt 1.951040 1.335094
vt 0.952756 2.343560
vt 0.900439 2.316864
vt 1.010751 2.165046
vt 0.858941 2.275410
vt 1.010751 2.352724
vt 0.832275 2.223044
vt 1.068740 2.343560
vt 0.823101 2.165046
vt 1.121052 2.316864
vt 0.832275 2.107081
vt 1.162569 2.275410
vt 0.858941 2.054788
vt 1.189221 2.223044
vt 0.900449 2.013261
vt 1.198405 2.165118
vt 0.952761 1.986604
vt 1.189221 2.107081
vt 1.010751 1.977406
vt 1.162569 2.054788
vt 1.068754 1.986570
vt 1.121052 2.013299
vt 2.157776 1.817842
vt 2.092912 1.784787
vt 2.119357 1.748384
vt 2.171674 1.775079
vt 2.041451 1.733331
vt 2.077859 1.706929
vt 2.212407 1.787187
vt 2.209511 1.811405
vt 2.008411 1.668496
vt 2.051193 1.654564
vt 2.229668 1.784243
vt 2.229668 1.792349
vt 2.229668 1.829224
vt 2.229668 1.817880
vt 2.014852 1.620311
vt 2.039089 1.616891
vt 2.287657 1.775079
vt 2.246924 1.787187
vt 2.301570 1.817842
vt 2.249815 1.811405
vt 1.997033 1.596565
vt 2.008396 1.596604
vt 2.042019 1.596565
vt 2.033893 1.596604
vt 2.008411 1.524711
vt 2.014852 1.572858
vt 2.051193 1.538600
vt 2.039089 1.576273
vt 2.366410 1.784787
vt 2.339970 1.748384
vt 2.417876 1.733331
vt 2.381487 1.706929
vt 2.041451 1.459872
vt 2.077859 1.486307
vt 2.450926 1.668496
vt 2.408139 1.654564
vt 2.092927 1.408377
vt 2.119366 1.444780
vt 2.420247 1.616891
vt 2.444489 1.620311
vt 2.157776 1.375360
vt 2.171679 1.418123
vt 2.417322 1.596637
vt 2.425443 1.596604
vt 2.462308 1.596565
vt 2.450945 1.596604
vt 2.209511 1.381759
vt 2.212407 1.406015
vt 2.408139 1.538600
vt 2.420242 1.576273
vt 2.450926 1.524711
vt 2.444484 1.572891
vt 2.229668 1.363940
vt 2.229668 1.375322
vt 2.229668 1.408925
vt 2.229668 1.400781
vt 2.301570 1.375360
vt 2.249815 1.381759
vt 2.287662 1.418123
vt 2.246924 1.406015
vt 2.417876 1.459872
vt 2.381477 1.486307
vt 2.366410 1.408377
vt 2.339970 1.444780
vt 0.069340 2.310586
vt 0.062887 2.286879
vt 0.088377 2.286879
vt 0.093577 2.307166
vt 0.069326 2.263166
vt 0.093572 2.266548
vt 0.376990 2.408779
vt 0.370553 2.388622
vt 0.396012 2.388622
vt 0.401246 2.405883
vt 0.376990 2.368474
vt 0.401246 2.371366
vt 0.148663 2.284440
vt 0.155143 2.308152
vt 0.129646 2.308152
vt 0.124421 2.287822
vt 0.148716 2.331860
vt 0.124469 2.328439
vt 0.271703 2.284450
vt 0.278179 2.304616
vt 0.252648 2.304616
vt 0.247486 2.287341
vt 0.271703 2.324783
vt 0.247486 2.321892
vt -0.142187 0.692124
vt -0.034003 0.637002
vt 0.003344 0.751931
vt -0.071166 0.789893
vt -0.228007 0.777977
vt -0.130257 0.849013
vt -0.283206 0.886171
vt -0.168257 0.923512
vt -0.302189 1.006094
vt -0.181352 1.006094
vt -0.283206 1.126023
vt -0.168257 1.088676
vt -0.228007 1.234212
vt -0.130257 1.163186
vt -0.142187 1.320056
vt -0.071166 1.222301
vt -0.034003 1.375192
vt 0.003344 1.260262
vt -0.486401 1.320056
vt -0.594586 1.375192
vt -0.631932 1.260262
vt -0.557418 1.222301
vt -0.400543 1.234212
vt -0.498294 1.163186
vt -0.345345 1.126023
vt -0.460293 1.088676
vt -0.326400 1.006094
vt -0.447270 1.006094
vt -0.345345 0.886171
vt -0.460293 0.923512
vt -0.400543 0.777977
vt -0.498294 0.849013
vt -0.486401 0.692124
vt -0.557418 0.789893
vt -0.594586 0.637002
vt -0.631932 0.751931
vt -1.411315 1.442659
vt -1.468515 1.385449
vt -1.392404 1.280689
vt -1.306585 1.366542
vt -1.374551 1.514743
vt -1.251386 1.474737
vt -1.361860 1.594660
vt -1.232402 1.594660
vt -1.374551 1.674577
vt -1.251386 1.714588
vt -1.411315 1.746667
vt -1.306585 1.822778
vt -1.468515 1.803871
vt -1.392404 1.908622
vt -0.713384 1.102979
vt -0.656145 1.160184
vt -0.732256 1.264939
vt -0.818115 1.179090
vt -0.750148 1.030889
vt -0.873313 1.070901
vt -0.762766 0.950972
vt -0.892258 0.950972
vt -0.750148 0.871056
vt -0.873313 0.831049
vt -0.713384 0.798971
vt -0.818115 0.722855
vt -0.656145 0.741761
vt -0.732256 0.637002
vt 0.678631 1.452776
vt 0.608201 1.488703
vt 0.598868 1.475863
vt 0.673724 1.437684
vt 0.690667 1.499248
vt 0.631071 1.528228
vt 0.552290 1.544594
vt 0.539455 1.535285
vt 0.756715 1.440446
vt 0.756715 1.424556
vt 0.756715 1.489318
vt 0.733632 1.625613
vt 0.713076 1.636014
vt 0.583791 1.573320
vt 0.516402 1.615067
vt 0.501310 1.610122
vt 0.834798 1.452776
vt 0.839705 1.437684
vt 0.822762 1.499248
vt 0.756719 1.621904
vt 0.756715 1.693103
vt 0.697104 1.651942
vt 0.553430 1.630120
vt 0.905233 1.488703
vt 0.914566 1.475863
vt 0.882348 1.528228
vt 0.779797 1.625579
vt 0.687064 1.671580
vt 0.504043 1.693103
vt 0.542971 1.693103
vt 0.961125 1.544594
vt 0.973965 1.535285
vt 0.929633 1.573320
vt 0.800344 1.636014
vt 0.683653 1.693103
vt 0.516402 1.771182
vt 0.553430 1.756091
vt 0.997013 1.615067
vt 1.012109 1.610122
vt 0.959999 1.630120
vt 0.816325 1.651942
vt 0.687064 1.714631
vt 0.552290 1.841617
vt 0.583791 1.812925
vt 1.009377 1.693103
vt 0.970458 1.693103
vt 0.826365 1.671580
vt 0.697104 1.734269
vt 0.539455 1.850926
vt 0.501310 1.776089
vt 0.608201 1.897475
vt 0.631071 1.857983
vt 0.997013 1.771182
vt 0.959999 1.756091
vt 0.829790 1.693103
vt 0.713086 1.750197
vt 0.598868 1.910348
vt 0.678631 1.933435
vt 0.690667 1.886930
vt 0.961125 1.841617
vt 0.929628 1.812925
vt 0.826365 1.714631
vt 0.733632 1.760671
vt 0.673724 1.948527
vt 0.756715 1.945804
vt 0.756715 1.896926
vt 1.012109 1.776089
vt 0.973965 1.850964
vt 0.905233 1.897475
vt 0.882348 1.857983
vt 0.816330 1.734308
vt 0.756710 1.764307
vt 0.756715 1.961655
vt 0.834798 1.933435
vt 0.822762 1.886963
vt 0.914566 1.910348
vt 0.800344 1.750197
vt 0.779787 1.760632
vt 0.839705 1.948527
vt -1.015282 1.930188
vt -1.092312 1.890918
vt -1.076562 1.869245
vt -1.006988 1.904701
vt -1.153452 1.829753
vt -1.131780 1.814008
vt -0.973216 1.726985
vt -0.952660 1.737497
vt -0.929867 1.943716
vt -0.929867 1.916915
vt -1.192704 1.752766
vt -1.167221 1.744478
vt -0.989535 1.710696
vt -0.951799 1.697495
vt -0.941408 1.702840
vt -0.929867 1.741096
vt -0.844470 1.930188
vt -0.852764 1.904701
vt -1.206232 1.667351
vt -1.179435 1.667351
vt -1.000013 1.690149
vt -0.960045 1.689279
vt -0.929867 1.667351
vt -0.929867 1.704620
vt -0.907073 1.737497
vt -0.767426 1.890918
vt -0.783181 1.869245
vt -1.192704 1.581964
vt -1.167221 1.590220
vt -1.003616 1.667351
vt -0.965361 1.678878
vt -0.918340 1.702840
vt -0.886517 1.727024
vt -0.706295 1.829753
vt -0.727977 1.814008
vt -1.153452 1.504910
vt -1.131780 1.520690
vt -1.000013 1.644548
vt -0.967174 1.667351
vt -0.907953 1.697529
vt -0.870208 1.710696
vt -0.667044 1.752766
vt -0.692527 1.744478
vt -1.092312 1.443779
vt -1.076562 1.465452
vt -0.989535 1.624001
vt -0.965361 1.655820
vt -0.899693 1.689279
vt -0.859735 1.690149
vt -0.653525 1.667351
vt -0.680317 1.667351
vt -1.015282 1.404471
vt -1.006988 1.429996
vt -0.973216 1.607673
vt -0.960045 1.645419
vt -0.894397 1.678878
vt -0.856117 1.667351
vt -0.667044 1.581964
vt -0.692527 1.590220
vt -0.929867 1.390943
vt -0.929867 1.417782
vt -0.952660 1.597200
vt -0.951799 1.637168
vt -0.892564 1.667351
vt -0.859735 1.644548
vt -0.706295 1.504944
vt -0.727977 1.520690
vt -0.844470 1.404509
vt -0.852764 1.429996
vt -0.929867 1.593602
vt -0.941408 1.631895
vt -0.894397 1.655820
vt -0.870208 1.624001
vt -0.767426 1.443746
vt -0.783181 1.465452
vt -0.907073 1.597200
vt -0.929867 1.630038
vt -0.899693 1.645419
vt -0.886517 1.607673
vt -0.918340 1.631857
vt -0.907953 1.637168
vt 1.090747 0.879884
vt 1.052746 0.805384
vt 1.306967 0.722797
vt 1.039723 0.722797
vt 1.149871 0.939003
vt 1.052746 0.640215
vt 1.224385 0.976965
vt 1.090747 0.565720
vt 1.306967 0.990051
vt 1.149871 0.506596
vt 1.389515 0.976965
vt 1.224385 0.468643
vt 1.464025 0.939003
vt 1.306967 0.455558
vt 1.523116 0.879884
vt 1.389515 0.468643
vt 1.561116 0.805384
vt 1.464025 0.506596
vt 1.574211 0.722797
vt 1.523116 0.565720
vt 1.561116 0.640215
vt 0.553235 2.343521
vt 0.500923 2.316864
vt 0.611239 2.165046
vt 0.459420 2.275410
vt 0.611239 2.352724
vt 0.432764 2.223044
vt 0.669228 2.343560
vt 0.423585 2.165046
vt 0.721541 2.316864
vt 0.432764 2.107119
vt 0.763048 2.275410
vt 0.459420 2.054788
vt 0.789714 2.223044
vt 0.500942 2.013261
vt 0.798888 2.165084
vt 0.553240 1.986570
vt 0.789714 2.107081
vt 0.611239 1.977406
vt 0.763048 2.054788
vt 0.669233 1.986570
vt 0.721541 2.013299
vt 1.668291 1.817842
vt 1.603432 1.784787
vt 1.629872 1.748384
vt 1.682184 1.775079
vt 1.551966 1.733331
vt 1.588369 1.706929
vt 1.722927 1.787187
vt 1.720031 1.811405
vt 1.518925 1.668496
vt 1.561713 1.654564
vt 1.740188 1.784243
vt 1.740188 1.792349
vt 1.740188 1.829224
vt 1.740188 1.817880
vt 1.525362 1.620311
vt 1.549608 1.616891
vt 1.798177 1.775079
vt 1.757439 1.787187
vt 1.812080 1.817842
vt 1.760330 1.811405
vt 1.507543 1.596565
vt 1.518916 1.596604
vt 1.552534 1.596565
vt 1.544403 1.596604
vt 1.518925 1.524711
vt 1.525362 1.572891
vt 1.561713 1.538638
vt 1.549608 1.576273
vt 1.876929 1.784787
vt 1.850489 1.748384
vt 1.928395 1.733331
vt 1.891997 1.706929
vt 1.551966 1.459833
vt 1.588369 1.486307
vt 1.961445 1.668496
vt 1.918663 1.654564
vt 1.603436 1.408377
vt 1.629881 1.444780
vt 1.930757 1.616891
vt 1.955004 1.620311
vt 1.668291 1.375360
vt 1.682189 1.418090
vt 1.927837 1.596604
vt 1.935963 1.596604
vt 1.972823 1.596565
vt 1.961455 1.596604
vt 1.720031 1.381759
vt 1.722927 1.406015
vt 1.918658 1.538638
vt 1.930753 1.576273
vt 1.961436 1.524711
vt 1.954999 1.572891
vt 1.740188 1.363940
vt 1.740183 1.375322
vt 1.740188 1.408925
vt 1.740183 1.400781
vt 1.812080 1.375360
vt 1.760330 1.381759
vt 1.798177 1.418090
vt 1.757439 1.406015
vt 1.928391 1.459872
vt 1.891992 1.486307
vt 1.876925 1.408377
vt 1.850485 1.444818
vt 0.007801 2.326241
vt 0.001354 2.302533
vt 0.026842 2.302533
vt 0.032047 2.322820
vt 0.007791 2.278787
vt 0.032037 2.282203
vt 0.438522 2.408774
vt 0.432085 2.388622
vt 0.457544 2.388622
vt 0.462778 2.405879
vt 0.438522 2.368474
vt 0.462778 2.371366
vt 0.210190 2.284440
vt 0.216675 2.308152
vt 0.191173 2.308152
vt 0.185954 2.287822
vt 0.210243 2.331860
vt 0.186002 2.328439
vt 0.333238 2.284450
vt 0.339714 2.304611
vt 0.314183 2.304611
vt 0.309021 2.287341
vt 0.333238 2.324783
vt 0.309021 2.321887
vt 0.517301 0.692138
vt 0.625486 0.637002
vt 0.662832 0.751946
vt 0.588323 0.789898
vt 0.431482 0.777987
vt 0.529232 0.849022
vt 0.376283 0.886171
vt 0.491232 0.923517
vt 0.357299 1.006104
vt 0.478137 1.006099
vt 0.376283 1.126032
vt 0.491232 1.088686
vt 0.431482 1.234222
vt 0.529232 1.163186
vt 0.517301 1.320075
vt 0.588323 1.222306
vt 0.625486 1.375197
vt 0.662832 1.260267
vt 0.173087 1.320075
vt 0.064902 1.375197
vt 0.027556 1.260267
vt 0.102070 1.222306
vt 0.258945 1.234222
vt 0.161195 1.163186
vt 0.314144 1.126032
vt 0.199195 1.088686
vt 0.333089 1.006104
vt 0.212218 1.006099
vt 0.314144 0.886171
vt 0.199195 0.923517
vt 0.258945 0.777987
vt 0.161195 0.849022
vt 0.173087 0.692138
vt 0.102070 0.789898
vt 0.064902 0.637002
vt 0.027556 0.751946
vt -1.095381 0.798961
vt -1.152582 0.741747
vt -1.076470 0.637002
vt -0.990651 0.722850
vt -1.058618 0.871051
vt -0.935452 0.831035
vt -1.045927 0.950963
vt -0.916468 0.950968
vt -1.058618 1.030880
vt -0.935452 1.070896
vt -1.095381 1.102979
vt -0.990651 1.179085
vt -1.152582 1.160179
vt -1.076470 1.264939
vt -1.234033 1.102979
vt -1.176794 1.160179
vt -1.252906 1.264939
vt -1.338764 1.179085
vt -1.270797 1.030880
vt -1.393963 1.070896
vt -1.283416 0.950963
vt -1.412908 0.950968
vt -1.270797 0.871051
vt -1.393963 0.831035
vt -1.234033 0.798961
vt -1.338764 0.722850
vt -1.176794 0.741747
vt -1.252906 0.637002
vt 0.238321 2.023253
vt 0.238321 1.948387
vt 0.275865 1.943798
vt 0.275865 2.020838
vt 0.238321 2.106239
vt 0.275865 2.106239
vt 0.238321 2.189225
vt 0.275865 2.191659
vt 0.238321 2.264081
vt 0.275865 2.268680
vt 0.214109 2.189225
vt 0.214109 2.264081
vt 0.176565 2.268680
vt 0.176565 2.191659
vt 0.214109 2.106239
vt 0.176565 2.106239
vt 0.214109 2.023253
vt 0.176565 2.020838
vt 0.214109 1.948387
vt 0.176565 1.943798
vt 1.776687 0.439803
vt 1.702178 0.439803
vt 1.702697 0.305043
vt 1.776957 0.305043
vt 1.707152 -0.303761
vt 1.779295 -0.303761
vt 1.859269 0.439803
vt 1.859269 0.305043
vt 1.707263 -0.331991
vt 1.779352 -0.331991
vt 1.859269 -0.303761
vt 1.941851 0.439803
vt 1.941582 0.305043
vt 1.859269 -0.331991
vt 1.939244 -0.303761
vt 2.016351 0.439803
vt 2.015841 0.305043
vt 1.939186 -0.331991
vt 2.011386 -0.303761
vt 2.011271 -0.331991
vt 1.363792 -0.331991
vt 1.438302 -0.331991
vt 1.438571 -0.197231
vt 1.364312 -0.197231
vt 1.520883 -0.331991
vt 1.520883 -0.197231
vt 1.440909 0.411573
vt 1.368766 0.411573
vt 1.603465 -0.331991
vt 1.603196 -0.197231
vt 1.520883 0.411573
vt 1.440967 0.439803
vt 1.368877 0.439803
vt 1.677965 -0.331991
vt 1.677455 -0.197231
vt 1.600858 0.411573
vt 1.520883 0.439803
vt 1.673000 0.411573
vt 1.600800 0.439803
vt 1.672885 0.439803
vt 1.091102 -1.050202
vt 1.016593 -1.050202
vt 1.007712 -1.077557
vt 1.086426 -1.077557
vt 1.091102 -1.026254
vt 1.016593 -1.026254
vt 0.962809 -1.215655
vt 1.062820 -1.215655
vt 1.173684 -1.050202
vt 1.173684 -1.077557
vt 1.091102 -0.607832
vt 1.016593 -0.607832
vt 1.173684 -1.026254
vt 1.029611 -1.451836
vt 1.097943 -1.451836
vt 1.173684 -1.215655
vt 1.256266 -1.050202
vt 1.260942 -1.077557
vt 1.091102 -0.384207
vt 1.016593 -0.384207
vt 1.173684 -0.607832
vt 1.256266 -1.026254
vt 1.036928 -1.477689
vt 1.101792 -1.477689
vt 1.173684 -1.451836
vt 1.284544 -1.215655
vt 1.330766 -1.050202
vt 1.339656 -1.077557
vt 1.091102 -0.347751
vt 1.016593 -0.347751
vt 1.173684 -0.384207
vt 1.256266 -0.607832
vt 1.330766 -1.026254
vt 1.173684 -1.477689
vt 1.249435 -1.451836
vt 1.384560 -1.215655
vt 1.173684 -0.347751
vt 1.256266 -0.384207
vt 1.330766 -0.607832
vt 1.245587 -1.477689
vt 1.317748 -1.451836
vt 1.256266 -0.347751
vt 1.330766 -0.384207
vt 1.310426 -1.477689
vt 1.330766 -0.347751
vt 1.462707 -0.775237
vt 1.537216 -0.775237
vt 1.532540 -0.747883
vt 1.453826 -0.747883
vt 1.462707 -0.799185
vt 1.537216 -0.799185
vt 1.619798 -0.775237
vt 1.619798 -0.747883
vt 1.508933 -0.609785
vt 1.408922 -0.609785
vt 1.462707 -1.217608
vt 1.537216 -1.217608
vt 1.619798 -0.799185
vt 1.702380 -0.775237
vt 1.707056 -0.747883
vt 1.619798 -0.609785
vt 1.544057 -0.373604
vt 1.475729 -0.373604
vt 1.462707 -1.441233
vt 1.537216 -1.441233
vt 1.619798 -1.217608
vt 1.702380 -0.799185
vt 1.776880 -0.775237
vt 1.785770 -0.747883
vt 1.619798 -0.373604
vt 1.547906 -0.347751
vt 1.483056 -0.347751
vt 1.462707 -1.477689
vt 1.537216 -1.477689
vt 1.619798 -1.441233
vt 1.702380 -1.217608
vt 1.776880 -0.799185
vt 1.830674 -0.609785
vt 1.730658 -0.609785
vt 1.695549 -0.373604
vt 1.619798 -0.347751
vt 1.619798 -1.477689
vt 1.702380 -1.441233
vt 1.776880 -1.217608
vt 1.763857 -0.373604
vt 1.691700 -0.347751
vt 1.702380 -1.477689
vt 1.776880 -1.441233
vt 1.756540 -0.347751
vt 1.776880 -1.477689
vt -0.359065 2.127733
vt -0.359065 2.180046
vt -0.462708 2.180046
vt -0.462708 2.127733
vt -0.359065 2.069735
vt -0.462708 2.069735
vt -0.359065 2.011745
vt -0.462708 2.011745
vt -0.359065 1.959433
vt -0.462708 1.959433
vt -0.718418 2.180075
vt -0.718418 2.127762
vt -0.614775 2.127762
vt -0.614775 2.180075
vt -0.718418 2.069773
vt -0.614775 2.069773
vt -0.718418 2.011774
vt -0.614775 2.011774
vt -0.718418 1.959471
vt -0.614775 1.959471
vt -1.006976 2.158368
vt -1.031213 2.158368
vt -1.031232 1.959471
vt -1.006995 1.959471
vt -1.079682 1.959471
vt -1.055445 1.959471
vt -1.055469 2.158368
vt -1.079715 2.158368
vt -1.144230 1.959471
vt -1.124073 1.959471
vt -1.124073 2.158368
vt -1.144230 2.158368
vt -1.103925 1.959471
vt -1.103925 2.158368
vt -1.185699 2.158368
vt -1.202960 2.158368
vt -1.202960 1.959471
vt -1.185699 1.959471
vt -1.168443 2.158368
vt -1.168443 1.959471
vt -1.468496 2.139029
vt -1.444255 2.139029
vt -1.444274 2.337926
vt -1.468515 2.337926
vt -1.389662 2.337926
vt -1.413903 2.337926
vt -1.413879 2.139029
vt -1.389633 2.139029
vt -1.319728 2.337926
vt -1.339875 2.337926
vt -1.339894 2.139029
vt -1.319728 2.139029
vt -1.360032 2.337926
vt -1.360061 2.139029
vt -1.273544 2.139029
vt -1.256288 2.139029
vt -1.256288 2.337926
vt -1.273563 2.337926
vt -1.290805 2.139029
vt -1.290839 2.337926
vt -0.137095 2.278792
vt -0.049837 2.278792
vt -0.026236 2.416890
vt -0.137095 2.416890
vt 0.361831 2.023263
vt 0.361831 1.948406
vt 0.399374 1.943808
vt 0.399374 2.020857
vt 0.361831 2.106258
vt 0.399374 2.106258
vt 0.361831 2.189244
vt 0.399374 2.191669
vt 0.361831 2.264100
vt 0.399374 2.268699
vt 0.337618 2.189244
vt 0.337618 2.264100
vt 0.300075 2.268699
vt 0.300075 2.191669
vt 0.337618 2.106258
vt 0.300075 2.106258
vt 0.337618 2.023263
vt 0.300075 2.020857
vt 0.337618 1.948406
vt 0.300075 1.943808
vt 1.099918 0.439803
vt 1.025418 0.439803
vt 1.025938 0.305043
vt 1.100188 0.305043
vt 1.030383 -0.303761
vt 1.102526 -0.303761
vt 1.182505 0.439803
vt 1.182505 0.305043
vt 1.030489 -0.331991
vt 1.102588 -0.331991
vt 1.182505 -0.303761
vt 1.265087 0.439803
vt 1.264818 0.305043
vt 1.182505 -0.331991
vt 1.262475 -0.303761
vt 1.339582 0.439803
vt 1.339067 0.305043
vt 1.262417 -0.331991
vt 1.334612 -0.303761
vt 1.334506 -0.331991
vt 0.687042 0.637006
vt 0.761542 0.637006
vt 0.761812 0.771766
vt 0.687562 0.771766
vt 0.844129 0.637006
vt 0.844129 0.771766
vt 0.764150 1.380571
vt 0.692007 1.380571
vt 0.926711 0.637006
vt 0.926442 0.771766
vt 0.844129 1.380571
vt 0.764212 1.408800
vt 0.692113 1.408800
vt 1.001206 0.637006
vt 1.000691 0.771766
vt 0.924099 1.380571
vt 0.844129 1.408800
vt 0.996236 1.380571
vt 0.924041 1.408800
vt 0.996130 1.408800
vt 1.983332 -1.050202
vt 1.908832 -1.050202
vt 1.899942 -1.077557
vt 1.978656 -1.077557
vt 1.983332 -1.026254
vt 1.908832 -1.026254
vt 1.855038 -1.215655
vt 1.955045 -1.215655
vt 2.065918 -1.050202
vt 2.065918 -1.077557
vt 1.983332 -0.607832
vt 1.908832 -0.607832
vt 2.065918 -1.026254
vt 1.921840 -1.451836
vt 1.990173 -1.451836
vt 2.065918 -1.215655
vt 2.148500 -1.050202
vt 2.153172 -1.077557
vt 1.983332 -0.384207
vt 1.908832 -0.384207
vt 2.065918 -0.607832
vt 2.148500 -1.026254
vt 1.929163 -1.477689
vt 1.994022 -1.477689
vt 2.065918 -1.451836
vt 2.176778 -1.215655
vt 2.222996 -1.050202
vt 2.231886 -1.077557
vt 1.983332 -0.347751
vt 1.908832 -0.347751
vt 2.065918 -0.384207
vt 2.148500 -0.607832
vt 2.222996 -1.026254
vt 2.065918 -1.477689
vt 2.141664 -1.451836
vt 2.276785 -1.215655
vt 2.065918 -0.347751
vt 2.148500 -0.384207
vt 2.222996 -0.607832
vt 2.137811 -1.477689
vt 2.209977 -1.451836
vt 2.148500 -0.347751
vt 2.222996 -0.384207
vt 2.202660 -1.477689
vt 2.222996 -0.347751
vt 2.094355 0.370460
vt 2.168855 0.370460
vt 2.164179 0.397814
vt 2.085465 0.397814
vt 2.094355 0.346512
vt 2.168855 0.346512
vt 2.251442 0.370460
vt 2.251442 0.397814
vt 2.140567 0.535913
vt 2.040561 0.535913
vt 2.094355 -0.071911
vt 2.168855 -0.071911
vt 2.251442 0.346512
vt 2.334024 0.370460
vt 2.338695 0.397814
vt 2.251442 0.535913
vt 2.175696 0.772093
vt 2.107378 0.772093
vt 2.094355 -0.295535
vt 2.168855 -0.295535
vt 2.251442 -0.071911
vt 2.334024 0.346512
vt 2.408519 0.370460
vt 2.417409 0.397814
vt 2.362301 0.535913
vt 2.251442 0.772093
vt 2.179544 0.797946
vt 2.114690 0.797946
vt 2.094355 -0.331991
vt 2.168855 -0.331991
vt 2.251442 -0.295535
vt 2.334024 -0.071911
vt 2.408519 0.346512
vt 2.462308 0.535913
vt 2.327188 0.772093
vt 2.251442 0.797946
vt 2.251442 -0.331991
vt 2.334024 -0.295535
vt 2.408519 -0.071911
vt 2.395496 0.772093
vt 2.323334 0.797946
vt 2.334024 -0.331991
vt 2.408519 -0.295535
vt 2.388178 0.797946
vt 2.408519 -0.331991
vt -0.486919 2.127733
vt -0.486919 2.180046
vt -0.590562 2.180046
vt -0.590562 2.127733
vt -0.486919 2.069735
vt -0.590562 2.069735
vt -0.486919 2.011736
vt -0.590562 2.011736
vt -0.486919 1.959433
vt -0.590562 1.959433
vt -0.846270 2.180075
vt -0.846270 2.127772
vt -0.742626 2.127772
vt -0.742626 2.180065
vt -0.846270 2.069773
vt -0.742626 2.069773
vt -0.846270 2.011774
vt -0.742626 2.011774
vt -0.846270 1.959471
vt -0.742626 1.959471
vt -0.951217 2.373025
vt -0.975463 2.373025
vt -0.975482 2.174129
vt -0.951236 2.174129
vt -0.921611 2.174129
vt -0.897365 2.174129
vt -0.897394 2.373025
vt -0.921640 2.373025
vt -0.867798 2.195835
vt -0.847645 2.195835
vt -0.847645 2.394732
vt -0.867798 2.394732
vt -0.827498 2.195835
vt -0.827498 2.394732
vt -0.781319 2.394732
vt -0.798575 2.394732
vt -0.798575 2.195835
vt -0.781319 2.195835
vt -0.764063 2.394732
vt -0.764063 2.195835
vt -0.483210 2.195806
vt -0.458963 2.195806
vt -0.458982 2.394703
vt -0.483219 2.394703
vt -0.405130 2.394703
vt -0.429377 2.394703
vt -0.429343 2.195806
vt -0.405102 2.195806
vt -0.335201 2.477660
vt -0.355344 2.477660
vt -0.355363 2.278763
vt -0.335201 2.278763
vt -0.375501 2.477660
vt -0.375535 2.278763
vt -0.289017 2.278763
vt -0.271766 2.278763
vt -0.271766 2.477660
vt -0.289037 2.477660
vt -0.306279 2.278763
vt -0.306312 2.477660
vn 1.000000 0.000000 0.000000
vn 1.000000 0.000000 0.000000
vn 1.000000 0.000000 0.000000
vn 1.000000 0.000000 0.000000
vn 0.000000 1.000000 0.000000
vn 0.000000 1.000000 0.000000
vn 0.000000 1.000000 0.000000
vn 0.000000 1.000000 0.000000
vn -1.000000 0.000000 0.000000
vn -1.000000 0.000000 0.000000
vn -1.000000 0.000000 0.000000
vn -1.000000 0.000000 0.000000
vn 0.000000 -1.000000 0.000000
vn 0.000000 -1.000000 0.000000
vn 0.000000 -1.000000 0.000000
vn 0.000000 -1.000000 0.000000
vn 0.000000 0.000000 -1.000000
vn 0.000000 0.000000 -1.000000
vn 0.000000 0.000000 -1.000000
vn 0.000000 0.000000 -1.000000
vn 0.000000 0.000000 1.000000
vn 0.000000 0.000000 1.000000
vn 0.000000 0.000000 1.000000
vn 0.000000 0.000000 1.000000
vn 0.674256 -0.738498 0.000000
vn 0.674256 -0.738498 0.000000
vn 0.674256 -0.738498 0.000000
vn 0.674256 -0.738498 0.000000
vn 0.000000 -0.592374 -0.805663
vn 0.000000 -0.592374 -0.805663
vn 0.000000 -0.592374 -0.805663
vn 0.000000 -0.592374 -0.805663
vn -0.674261 -0.738493 0.000000
vn -0.674261 -0.738493 0.000000
vn -0.674261 -0.738493 0.000000
vn -0.674261 -0.738493 0.000000
vn 0.000000 -0.592374 0.805663
vn 0.000000 -0.592374 0.805663
vn 0.000000 -0.592374 0.805663
vn 0.000000 -0.592374 0.805663
vn 1.000000 0.000000 0.000000
vn 1.000000 0.000000 0.000000
vn 1.000000 0.000000 0.000000
vn 1.000000 0.000000 0.000000
vn 0.000000 0.000000 -1.000000
vn 0.000000 0.000000 -1.000000
vn 0.000000 0.000000 -1.000000
vn 0.000000 0.000000 -1.000000
vn -1.000000 0.000000 0.000000
vn -1.000000 0.000000 0.000000
vn -1.000000 0.000000 0.000000
vn -1.000000 0.000000 0.000000
vn 0.000000 0.000000 1.000000
vn 0.000000 0.000000 1.000000
vn 0.000000 0.000000 1.000000
vn 0.000000 0.000000 1.000000
vn 1.000000 -0.000000 0.000000
vn 1.000000 -0.000000 0.000000
vn 1.000000 -0.000000 0.000000
vn 1.000000 -0.000000 0.000000
vn 1.000000 -0.000001 0.000000
vn 1.000000 -0.000001 0.000000
vn 1.000000 -0.000001 0.000000
vn 1.000000 -0.000001 0.000000
vn -1.000000 0.000002 0.000000
vn -1.000000 0.000002 0.000000
vn -1.000000 0.000001 0.000000
vn -1.000000 0.000001 0.000000
vn -1.000000 -0.000002 0.000000
vn -1.000000 -0.000001 0.000000
vn -1.000000 -0.000002 0.000000
vn -1.000000 -0.000001 0.000000
vn 0.000001 0.000000 -1.000000
vn -0.000001 0.000000 -1.000000
vn -0.000001 0.000000 -1.000000
vn 0.000001 0.000000 -1.000000
vn -0.000001 0.000000 -1.000000
vn -0.000001 0.000000 -1.000000
vn 0.000001 0.000000 -1.000000
vn 0.000001 0.000000 -1.000000
vn 0.000000 0.000000 1.000000
vn -0.000000 0.000000 1.000000
vn -0.000000 0.000000 1.000000
vn 0.000000 0.000000 1.000000
vn -0.000000 0.000000 1.000000
vn -0.000000 0.000000 1.000000
vn 0.000000 0.000000 1.000000
vn 0.000000 0.000000 1.000000
vn 0.000000 1.000000 0.000000
vn 0.000000 1.000000 0.000000
vn 0.000000 1.000000 0.000000
vn 0.000000 1.000000 0.000000
vn 0.000000 0.000000 1.000000
vn 0.000000 0.000000 1.000000
vn 0.000000 0.000000 1.000000
vn 0.000000 0.000000 1.000000
vn 0.000000 -1.000000 0.000000
vn 0.000000 -1.000000 0.000000
vn 0.000000 -1.000000 0.000000
vn 0.000000 -1.000000 0.000000
vn 0.000000 0.000000 -1.000000
vn 0.000000 0.000000 -1.000000
vn 0.000000 0.000000 -1.000000
vn 0.000000 0.000000 -1.000000
vn 0.000000 -1.000000 0.000000
vn 0.000000 -1.000000 0.000000
vn 0.000000 -1.000000 0.000000
vn 0.000000 -1.000000 0.000000
vn 0.000602 0.000000 1.000000
vn 0.000602 0.000000 1.000000
vn 0.000602 0.000000 1.000000
vn 0.000602 0.000000 1.000000
vn 0.000000 1.000000 0.000000
vn 0.000000 1.000000 0.000000
vn 0.000000 1.000000 0.000000
vn 0.000000 1.000000 0.000000
vn 0.000000 0.000000 -1.000000
vn 0.000000 0.000000 -1.000000
vn 0.000000 0.000000 -1.000000
vn 0.000000 0.000000 -1.000000
vn 0.000000 1.000000 0.000000
vn 0.000000 1.000000 0.000000
vn 0.000000 1.000000 0.000000
vn 0.000000 1.000000 0.000000
vn 1.000000 0.000000 0.000000
vn 1.000000 0.000000 0.000000
vn 1.000000 0.000000 0.000000
vn 1.000000 0.000000 0.000000
vn 0.000000 -1.000000 0.000000
vn 0.000000 -1.000000 0.000000
vn 0.000000 -1.000000 0.000000
vn 0.000000 -1.000000 0.000000
vn -1.000000 0.000000 0.000000
vn -1.000000 0.000000 0.000000
vn -1.000000 0.000000 0.000000
vn -1.000000 0.000000 0.000000
vn 0.000000 1.000000 0.000000
vn 0.000000 1.000000 0.000000
vn 0.000000 1.000000 0.000000
vn 0.000000 1.000000 0.000000
vn -1.000000 0.000000 0.000000
vn -1.000000 0.000000 0.000000
vn -1.000000 0.000000 0.000000
vn -1.000000 0.000000 0.000000
vn 0.000000 -1.000000 0.000000
vn 0.000000 -1.000000 0.000000
vn 0.000000 -1.000000 0.000000
vn 0.000000 -1.000000 0.000000
vn 1.000000 0.000000 0.000000
vn 1.000000 0.000000 0.000000
vn 1.000000 0.000000 0.000000
vn 1.000000 0.000000 0.000000
vn 0.000000 1.000000 0.000004
vn 0.000000 1.000000 0.000002
vn 0.000000 1.000000 0.000002
vn 0.000000 1.000000 0.000005
vn 0.000000 1.000000 0.000002
vn 0.000000 1.000000 0.000002
vn 0.000000 1.000000 0.000004
vn 0.000000 1.000000 0.000005
vn 1.000000 0.000000 0.000000
vn 1.000000 0.000000 0.000000
vn 0.996317 0.085753 0.000000
vn 0.996318 0.085735 0.000000
vn 0.000000 0.000000 -1.000000
vn 0.000000 0.000000 -1.000000
vn 0.000000 0.053345 -0.998576
vn 0.000000 0.053344 -0.998576
vn -1.000000 0.000000 0.000000
vn -1.000000 0.000000 0.000000
vn -0.996319 0.085721 0.000000
vn -0.996318 0.085739 0.000000
vn 0.000000 0.000000 1.000000
vn 0.000000 0.000000 1.000000
vn 0.000000 0.053423 0.998572
vn 0.000000 0.053425 0.998572
vn 0.856683 0.515843 0.000000
vn 0.856691 0.515830 0.000000
vn 0.000000 0.354922 -0.934896
vn 0.000000 0.354921 -0.934896
vn -0.856711 0.515797 0.000000
vn -0.856703 0.515811 0.000000
vn 0.000000 0.355132 0.934816
vn 0.000000 0.355133 0.934816
vn 0.731129 0.682239 0.000000
vn 0.731129 0.682239 0.000000
vn 0.000000 0.530919 -0.847422
vn 0.000000 0.530919 -0.847422
vn -0.731140 0.682227 0.000000
vn -0.731140 0.682227 0.000000
vn 0.000000 0.530893 0.847439
vn 0.000000 0.530893 0.847439
vn 0.000000 1.000000 -0.000009
vn 0.000000 1.000000 0.000007
vn 0.000000 1.000000 0.000006
vn 0.000000 1.000000 -0.000009
vn 0.000000 1.000000 0.000007
vn 0.000000 1.000000 0.000006
vn 0.000000 1.000000 -0.000009
vn 0.000000 1.000000 -0.000009
vn 0.000000 1.000000 -0.000025
vn 0.000000 1.000000 0.000025
vn 0.000000 1.000000 -0.000025
vn 0.000000 1.000000 0.000025
vn -1.000000 0.000000 0.000000
vn -1.000000 0.000000 0.000000
vn -1.000000 0.000000 0.000000
vn -1.000000 0.000000 0.000000
vn 0.000000 0.000000 1.000000
vn 0.000000 0.000000 1.000000
vn 0.000000 0.000000 1.000000
vn 0.000000 0.000000 1.000000
vn 1.000000 0.000000 0.000000
vn 1.000000 0.000000 0.000000
vn 1.000000 0.000000 0.000000
vn 1.000000 0.000000 0.000000
vn 0.000019 0.000000 -1.000000
vn 0.000019 0.000000 -1.000000
vn 0.000019 0.000000 -1.000000
vn 0.000019 0.000000 -1.000000
vn -0.158533 -0.858365 -0.487931
vn -0.301751 -0.858266 -0.415121
vn -0.532356 -0.424621 -0.732321
vn -0.279834 -0.424663 -0.861019
vn -0.415101 -0.858335 -0.301583
vn -0.732366 -0.424756 -0.532186
vn -0.487946 -0.858378 -0.158415
vn -0.860955 -0.424832 -0.279775
vn -0.513099 -0.858330 0.000013
vn -0.905316 -0.424739 0.000007
vn -0.487954 -0.858355 0.158518
vn -0.860995 -0.424795 0.279708
vn -0.414944 -0.858423 0.301549
vn -0.732253 -0.424955 0.532183
vn -0.301623 -0.858370 0.415000
vn -0.532139 -0.425222 0.732130
vn -0.158761 -0.858287 0.487994
vn -0.279862 -0.424834 0.860926
vn -0.000000 -0.858194 0.513325
vn -0.000076 -0.424632 0.905366
vn 0.158800 -0.858276 0.488001
vn 0.279982 -0.424885 0.860861
vn 0.301643 -0.858364 0.414996
vn 0.532238 -0.425013 0.732180
vn 0.414903 -0.858467 0.301480
vn 0.732316 -0.424811 0.532211
vn 0.487826 -0.858430 0.158504
vn 0.861048 -0.424683 0.279717
vn 0.512988 -0.858396 0.000000
vn 0.905386 -0.424589 -0.000000
vn 0.487900 -0.858381 -0.158545
vn 0.861053 -0.424635 -0.279773
vn 0.415122 -0.858299 -0.301655
vn 0.732435 -0.424706 -0.532131
vn 0.301761 -0.858259 -0.415128
vn 0.532371 -0.424758 -0.732231
vn 0.158568 -0.858376 -0.487901
vn 0.279793 -0.424743 -0.860993
vn 0.000000 -0.858420 -0.512948
vn -0.000000 -0.424710 -0.905329
vn -0.293360 0.315549 -0.902424
vn -0.557944 0.315472 -0.767578
vn -0.247768 0.906865 -0.340891
vn -0.130219 0.906875 -0.400775
vn -0.767670 0.315431 -0.557841
vn -0.340946 0.906849 -0.247752
vn -0.902504 0.315356 -0.293320
vn -0.400782 0.906870 -0.130232
vn -0.948948 0.315432 0.000011
vn -0.421415 0.906868 0.000004
vn -0.902501 0.315405 0.293278
vn -0.400770 0.906876 0.130230
vn -0.767652 0.315476 0.557840
vn -0.340881 0.906876 0.247741
vn -0.557783 0.315346 0.767747
vn -0.247721 0.906892 0.340855
vn -0.293355 0.315429 0.902467
vn -0.130241 0.906895 0.400724
vn -0.000092 0.315687 0.948863
vn -0.000011 0.906888 0.421373
vn 0.293396 0.315386 0.902469
vn 0.130216 0.906892 0.400737
vn 0.557850 0.315516 0.767629
vn 0.247757 0.906875 0.340872
vn 0.767606 0.315620 0.557822
vn 0.340950 0.906862 0.247699
vn 0.902447 0.315579 0.293257
vn 0.400786 0.906866 0.130250
vn 0.948884 0.315625 -0.000008
vn 0.421437 0.906858 -0.000004
vn 0.902449 0.315520 -0.293314
vn 0.400792 0.906861 -0.130267
vn 0.767688 0.315574 -0.557735
vn 0.340927 0.906859 -0.247742
vn 0.557889 0.315524 -0.767596
vn 0.247751 0.906878 -0.340870
vn 0.293255 0.315609 -0.902437
vn 0.130267 0.906882 -0.400743
vn -0.000001 0.315645 -0.948878
vn -0.000000 0.906872 -0.421407
vn 0.000000 1.000000 0.000046
vn 0.000000 1.000000 0.000137
vn 0.000000 1.000000 -0.000000
vn 0.000000 1.000000 0.000091
vn 0.000000 1.000000 0.000000
vn 0.000000 1.000000 0.000000
vn 0.000000 1.000000 0.000000
vn 0.000000 1.000000 0.000000
vn 0.000000 1.000000 -0.000091
vn 0.000000 1.000000 -0.000091
vn 0.000000 1.000000 0.000000
vn 0.000000 1.000000 0.000046
vn 0.000000 1.000000 0.000046
vn 0.000000 1.000000 0.000000
vn 0.000000 1.000000 0.000000
vn 0.000000 1.000000 0.000000
vn 0.000000 1.000000 0.000000
vn 0.000000 1.000000 0.000000
vn 0.000000 1.000000 -0.000091
vn 0.000000 1.000000 -0.000091
vn 0.000000 1.000000 0.000000
vn 0.019656 -0.999412 0.028083
vn 0.010217 -0.999398 0.033159
vn 0.000016 -1.000000 -0.000025
vn 0.026943 -0.999432 0.020256
vn 0.031505 -0.999447 0.010625
vn 0.033045 -0.999454 0.000000
vn 0.031468 -0.999448 -0.010665
vn 0.026831 -0.999433 -0.020324
vn 0.019624 -0.999414 -0.028033
vn 0.010454 -0.999398 -0.033086
vn -0.000070 -0.999393 -0.034848
vn -0.010452 -0.999398 -0.033083
vn -0.019553 -0.999415 -0.028078
vn -0.026801 -0.999431 -0.020481
vn -0.031475 -0.999446 -0.010809
vn -0.033097 -0.999452 0.000125
vn -0.031507 -0.999446 0.010723
vn -0.026840 -0.999433 0.020323
vn -0.019533 -0.999414 0.028120
vn -0.010323 -0.999399 0.033077
vn -0.000110 -0.999392 0.034880
vn 0.247686 0.906935 0.340765
vn 0.340847 0.906921 0.247626
vn 0.341144 0.906731 0.247911
vn 0.247708 0.906800 0.341106
vn 0.130182 0.906936 0.400650
vn 0.130316 0.906771 0.400978
vn 0.000013 0.906935 0.421270
vn 0.000274 0.906721 0.421732
vn -0.130246 0.906948 0.400602
vn -0.130526 0.906684 0.401108
vn -0.247687 0.906931 0.340774
vn -0.248141 0.906650 0.341191
vn -0.340752 0.906927 0.247734
vn -0.341079 0.906684 0.248172
vn -0.400636 0.906941 0.130186
vn -0.401093 0.906716 0.130350
vn -0.421266 0.906937 -0.000000
vn -0.421815 0.906682 -0.000008
vn -0.400637 0.906941 -0.130186
vn -0.401070 0.906743 -0.130234
vn -0.340810 0.906923 -0.247668
vn -0.341202 0.906728 -0.247842
vn -0.247682 0.906939 -0.340758
vn -0.248090 0.906708 -0.341076
vn -0.130165 0.906939 -0.400648
vn -0.130290 0.906682 -0.401189
vn 0.000001 0.906928 -0.421285
vn 0.000005 0.906660 -0.421863
vn 0.130278 0.906937 -0.400617
vn 0.130519 0.906694 -0.401088
vn 0.247707 0.906927 -0.340772
vn 0.248081 0.906642 -0.341257
vn 0.340798 0.906924 -0.247681
vn 0.341212 0.906701 -0.247929
vn 0.400639 0.906932 -0.130244
vn 0.401088 0.906726 -0.130295
vn 0.421271 0.906935 -0.000000
vn 0.421706 0.906732 -0.000008
vn 0.400644 0.906931 0.130231
vn 0.401085 0.906721 0.130339
vn 0.170258 -0.954457 0.244999
vn 0.084756 -0.958407 0.272529
vn 0.044057 -0.989572 0.137133
vn 0.085610 -0.989213 0.118866
vn 0.252011 -0.948535 0.191760
vn 0.120780 -0.988732 0.088434
vn 0.315992 -0.942638 0.107619
vn 0.144796 -0.988326 0.047395
vn 0.340998 -0.940064 -0.000002
vn 0.153307 -0.988179 -0.000000
vn 0.315981 -0.942643 -0.107613
vn 0.144752 -0.988333 -0.047377
vn 0.252060 -0.948512 -0.191810
vn 0.120719 -0.988735 -0.088481
vn 0.170271 -0.954439 -0.245060
vn 0.085573 -0.989217 -0.118860
vn 0.084786 -0.958442 -0.272396
vn 0.044185 -0.989579 -0.137042
vn 0.000000 -0.959814 -0.280637
vn -0.000031 -0.989711 -0.143083
vn -0.084792 -0.958445 -0.272385
vn -0.044178 -0.989581 -0.137032
vn -0.170272 -0.954437 -0.245066
vn -0.085546 -0.989215 -0.118892
vn -0.252074 -0.948503 -0.191833
vn -0.120707 -0.988730 -0.088563
vn -0.316025 -0.942623 -0.107657
vn -0.144792 -0.988323 -0.047471
vn -0.341040 -0.940049 -0.000000
vn -0.153392 -0.988165 0.000066
vn -0.315990 -0.942636 0.107646
vn -0.144807 -0.988322 0.047434
vn -0.252011 -0.948537 0.191753
vn -0.120715 -0.988740 0.088436
vn -0.170265 -0.954459 0.244986
vn -0.085551 -0.989217 0.118869
vn -0.084765 -0.958418 0.272490
vn -0.044099 -0.989580 0.137065
vn 0.000000 -0.959751 0.280851
vn -0.000047 -0.989712 0.143072
vn -0.308949 0.006534 -0.951056
vn -0.588024 0.006607 -0.808816
vn -0.588042 0.011353 -0.808751
vn -0.308978 0.011345 -0.951001
vn -0.809005 0.006605 -0.587764
vn -0.808985 0.011358 -0.587720
vn -0.951034 0.006553 -0.309018
vn -0.950981 0.011354 -0.309041
vn -0.999979 0.006533 -0.000000
vn -0.999936 0.011349 -0.000000
vn -0.951024 0.006505 0.309048
vn -0.950982 0.011345 0.309039
vn -0.808934 0.006518 0.587864
vn -0.808902 0.011340 0.587834
vn -0.587809 0.006560 0.808973
vn -0.587757 0.011341 0.808958
vn -0.309362 0.006535 0.950922
vn -0.309301 0.011355 0.950897
vn -0.000000 0.006499 0.999979
vn -0.000000 0.011363 0.999935
vn 0.309353 0.006537 0.950925
vn 0.309289 0.011356 0.950900
vn 0.587803 0.006550 0.808977
vn 0.587752 0.011342 0.808962
vn 0.808931 0.006497 0.587868
vn 0.808903 0.011341 0.587833
vn 0.951031 0.006504 0.309027
vn 0.950996 0.011350 0.308994
vn 0.999979 0.006532 0.000001
vn 0.999936 0.011355 -0.000000
vn 0.951052 0.006491 -0.308961
vn 0.951007 0.011355 -0.308961
vn 0.809017 0.006490 -0.587749
vn 0.808980 0.011356 -0.587726
vn 0.587942 0.006547 -0.808877
vn 0.587957 0.011353 -0.808812
vn 0.308941 0.006536 -0.951059
vn 0.308967 0.011347 -0.951005
vn 0.000000 0.006496 -0.999979
vn 0.000000 0.011338 -0.999936
vn 0.000000 -1.000000 0.000000
vn 0.000000 -1.000000 0.000000
vn 0.000000 -1.000000 -0.000004
vn 0.000000 -1.000000 -0.000028
vn 0.000000 -1.000000 -0.000000
vn 0.000000 -1.000000 0.000000
vn 0.000000 -1.000000 -0.000000
vn 0.000000 -1.000000 0.000014
vn 0.000000 -1.000000 -0.000014
vn 0.000000 -1.000000 0.000000
vn 0.000000 -1.000000 0.000000
vn 0.000000 -1.000000 0.000000
vn 0.000000 -1.000000 -0.000028
vn 0.000000 -1.000000 -0.000028
vn 0.000000 -1.000000 0.000000
vn 0.000000 -1.000000 0.000000
vn 0.000000 -1.000000 0.000000
vn 0.000000 -1.000000 0.000014
vn 0.000000 -1.000000 0.000007
vn 0.000000 -1.000000 -0.000007
vn 0.000000 -1.000000 0.000000
vn 0.000000 1.000000 0.000000
vn 0.000000 1.000000 0.000000
vn 0.000000 1.000000 0.000000
vn 0.000000 1.000000 0.000029
vn 0.000000 1.000000 0.000000
vn 0.000000 1.000000 -0.000000
vn 0.000000 1.000000 0.000029
vn 0.000000 1.000000 0.000000
vn 0.000000 1.000000 0.000000
vn 0.000000 1.000000 0.000000
vn 0.000000 1.000000 0.000000
vn 0.000000 1.000000 0.000000
vn 0.000000 1.000000 0.000000
vn 0.000000 1.000000 -0.000029
vn 0.000000 1.000000 0.000000
vn 0.000000 1.000000 -0.000000
vn 0.000000 1.000000 -0.000029
vn 0.000000 1.000000 0.000000
vn 0.000000 1.000000 0.000000
vn 0.000000 1.000000 0.000000
vn 0.000000 1.000000 0.000000
vn -0.295498 -0.291621 -0.909746
vn -0.562437 -0.291502 -0.773752
vn -0.514481 -0.484012 -0.707843
vn -0.270461 -0.484063 -0.832186
vn -0.773864 -0.291638 -0.562212
vn -0.707889 -0.484056 -0.514377
vn -0.909689 -0.291752 -0.295544
vn -0.832203 -0.484078 -0.270382
vn -0.956498 -0.291740 0.000005
vn -0.875039 -0.484052 0.000003
vn -0.909657 -0.291760 0.295636
vn -0.832212 -0.484070 0.270370
vn -0.773780 -0.291955 0.562162
vn -0.707885 -0.484084 0.514355
vn -0.562232 -0.292044 0.773696
vn -0.514379 -0.484081 0.707870
vn -0.295811 -0.292043 0.909509
vn -0.270546 -0.484100 0.832137
vn -0.000000 -0.291998 0.956419
vn -0.000000 -0.484080 0.875024
vn 0.295802 -0.292060 0.909507
vn 0.270534 -0.484107 0.832137
vn 0.562233 -0.292039 0.773697
vn 0.514395 -0.484079 0.707860
vn 0.773794 -0.291897 0.562173
vn 0.707935 -0.484056 0.514313
vn 0.909679 -0.291685 0.295643
vn 0.832225 -0.484024 0.270413
vn 0.956512 -0.291692 -0.000004
vn 0.875053 -0.484027 0.000000
vn 0.909705 -0.291681 -0.295565
vn 0.832210 -0.484055 -0.270403
vn 0.773876 -0.291586 -0.562223
vn 0.707909 -0.484047 -0.514357
vn 0.562441 -0.291488 -0.773754
vn 0.514495 -0.484010 -0.707834
vn 0.295488 -0.291625 -0.909749
vn 0.270447 -0.484063 -0.832190
vn -0.000001 -0.291635 -0.956530
vn -0.000001 -0.484083 -0.875022
vn -0.307925 0.086054 -0.947511
vn -0.585674 0.085994 -0.805972
vn -0.529659 0.433691 -0.728953
vn -0.278479 0.433743 -0.856923
vn -0.805978 0.085961 -0.585670
vn -0.728935 0.433673 -0.529699
vn -0.947542 0.086015 -0.307841
vn -0.856965 0.433712 -0.278396
vn -0.996291 0.086050 -0.000001
vn -0.901053 0.433709 0.000002
vn -0.947525 0.086000 0.307896
vn -0.856947 0.433724 0.278433
vn -0.806011 0.085991 0.585621
vn -0.728944 0.433718 0.529651
vn -0.585647 0.086036 0.805987
vn -0.529646 0.433740 0.728934
vn -0.308013 0.086057 0.947482
vn -0.278569 0.433778 0.856876
vn 0.000001 0.086090 0.996287
vn -0.000000 0.433814 0.901003
vn 0.308002 0.086048 0.947486
vn 0.278569 0.433777 0.856876
vn 0.585666 0.086035 0.805974
vn 0.529666 0.433735 0.728923
vn 0.806042 0.085998 0.585577
vn 0.728971 0.433701 0.529627
vn 0.947524 0.085988 0.307904
vn 0.856954 0.433685 0.278471
vn 0.996292 0.086035 0.000002
vn 0.901072 0.433669 0.000011
vn 0.947539 0.085992 -0.307855
vn 0.856978 0.433676 -0.278413
vn 0.805980 0.085961 -0.585668
vn 0.728926 0.433672 -0.529712
vn 0.585688 0.085992 -0.805963
vn 0.529671 0.433697 -0.728942
vn 0.307911 0.086045 -0.947516
vn 0.278476 0.433743 -0.856923
vn -0.000000 0.086089 -0.996287
vn -0.000001 0.433772 -0.901023
vn 0.000000 1.000000 -0.000029
vn 0.000000 1.000000 -0.000013
vn 0.000000 1.000000 -0.000013
vn 0.000000 1.000000 -0.000032
vn 0.000000 1.000000 -0.000013
vn 0.000000 1.000000 -0.000013
vn 0.000000 1.000000 0.000000
vn 0.000000 1.000000 0.000000
vn 0.000000 1.000000 0.000000
vn 0.000000 1.000000 -0.000071
vn 0.000000 1.000000 -0.000071
vn 0.000000 1.000000 0.000000
vn 0.000000 1.000000 -0.000141
vn 0.000000 1.000000 -0.000141
vn 0.000000 1.000000 0.000019
vn 0.000000 1.000000 0.000013
vn 0.000000 1.000000 0.000013
vn 0.000000 1.000000 0.000018
vn 0.000000 1.000000 0.000000
vn 0.000000 1.000000 0.000000
vn 0.000000 1.000000 0.000015
vn 0.000000 1.000000 0.000018
vn 0.000000 1.000000 0.000052
vn 0.000000 1.000000 0.000026
vn 0.000000 1.000000 0.000026
vn 0.000000 1.000000 0.000052
vn 0.000000 1.000000 0.000000
vn 0.000000 1.000000 0.000000
vn 0.000000 1.000000 0.000009
vn 0.000000 1.000000 0.000020
vn 0.000000 1.000000 0.000020
vn 0.000000 1.000000 0.000008
vn 0.000000 1.000000 0.000013
vn 0.000000 1.000000 0.000013
vn 0.000000 1.000000 0.000000
vn 0.000000 1.000000 0.000000
vn 0.000000 1.000000 0.000000
vn 0.000000 1.000000 0.000071
vn 0.000000 1.000000 0.000070
vn 0.000000 1.000000 0.000000
vn 0.000000 1.000000 0.000141
vn 0.000000 1.000000 0.000141
vn 0.000000 1.000000 0.000013
vn 0.000000 1.000000 0.000000
vn 0.000000 1.000000 -0.000000
vn 0.000000 1.000000 0.000014
vn 0.000000 1.000000 -0.000013
vn 0.000000 1.000000 -0.000013
vn 0.000000 1.000000 -0.000015
vn 0.000000 1.000000 -0.000016
vn 0.000000 1.000000 -0.000010
vn 0.000000 1.000000 -0.000005
vn 0.000000 1.000000 -0.000005
vn 0.000000 1.000000 -0.000010
vn 0.000000 1.000000 0.000000
vn 0.000000 1.000000 0.000000
vn 0.309140 0.000000 0.951017
vn 0.587706 0.000000 0.809075
vn 0.587706 0.000000 0.809075
vn 0.309140 0.000000 0.951017
vn 0.809032 0.000000 0.587765
vn 0.809032 0.000000 0.587765
vn 0.951108 0.000000 0.308859
vn 0.951108 0.000000 0.308859
vn 1.000000 0.000000 0.000000
vn 1.000000 0.000000 0.000000
vn 0.951018 0.000000 -0.309136
vn 0.951018 0.000000 -0.309136
vn 0.808979 0.000000 -0.587838
vn 0.808979 0.000000 -0.587838
vn 0.587887 0.000000 -0.808943
vn 0.587887 0.000000 -0.808943
vn 0.309170 0.000000 -0.951007
vn 0.309170 0.000000 -0.951007
vn 0.000170 -0.000098 -1.000000
vn 0.000170 -0.000098 -1.000000
vn -0.309286 -0.000120 -0.950969
vn -0.309279 -0.000120 -0.950971
vn -0.588001 0.000018 -0.808861
vn -0.588038 0.000018 -0.808833
vn -0.808933 0.000013 -0.587901
vn -0.808938 0.000013 -0.587893
vn -0.951076 -0.000026 -0.308958
vn -0.951076 -0.000026 -0.308958
vn -1.000000 0.000000 -0.000000
vn -1.000000 0.000000 -0.000000
vn -0.951062 0.000000 0.308999
vn -0.951062 0.000000 0.308999
vn -0.808998 0.000000 0.587812
vn -0.808998 0.000000 0.587812
vn -0.587653 0.000000 0.809113
vn -0.587653 0.000000 0.809113
vn -0.309140 0.000000 0.951017
vn -0.309140 0.000000 0.951017
vn -0.000000 0.000000 1.000000
vn -0.000000 0.000000 1.000000
vn 0.000000 1.000000 0.000000
vn 0.000000 1.000000 0.000000
vn 0.000000 1.000000 0.000000
vn 0.000000 1.000000 0.000038
vn 0.000000 1.000000 0.000018
vn 0.000000 1.000000 0.000038
vn 0.000000 1.000000 0.000000
vn 0.000000 1.000000 0.000000
vn 0.000000 1.000000 0.000000
vn 0.000000 1.000000 0.000000
vn 0.000000 1.000000 0.000031
vn 0.000000 1.000000 0.000000
vn 0.000000 1.000000 0.000110
vn 0.000000 1.000000 -0.000000
vn 0.000000 1.000000 0.000000
vn 0.000000 1.000000 -0.000071
vn 0.000000 1.000000 -0.000031
vn 0.000000 1.000000 -0.000031
vn 0.000000 1.000000 0.000000
vn 0.000000 1.000000 0.000000
vn 0.000000 1.000000 0.000000
vn 0.000000 1.000000 0.000000
vn 0.000000 1.000000 -0.000032
vn 0.000000 1.000000 -0.000010
vn 0.000000 1.000000 0.000000
vn 0.000000 1.000000 0.000000
vn 0.000000 1.000000 -0.000031
vn 0.000000 1.000000 0.000251
vn 0.000000 1.000000 -0.000004
vn 0.000000 1.000000 0.000251
vn 0.000000 1.000000 -0.000062
vn 0.000000 1.000000 -0.000008
vn -0.964912 -0.000080 -0.262572
vn -0.964912 -0.000080 -0.262572
vn -0.964912 -0.000080 -0.262572
vn -0.964912 -0.000080 -0.262572
vn 1.000000 0.000122 0.000053
vn 0.968712 0.000113 0.248190
vn 0.968712 0.000113 0.248190
vn 1.000000 0.000122 0.000053
vn 0.139578 0.000014 -0.990211
vn 0.139578 0.000014 -0.990211
vn 0.139578 0.000014 -0.990211
vn 0.139578 0.000014 -0.990211
vn -0.965029 -0.000096 0.262145
vn -0.965028 -0.000096 0.262145
vn -0.965028 -0.000096 0.262145
vn -0.965028 -0.000096 0.262145
vn 0.138857 0.000107 0.990312
vn 0.138857 0.000107 0.990312
vn 0.138857 0.000107 0.990312
vn 0.138857 0.000107 0.990312
vn 0.968840 0.000122 -0.247689
vn 0.968840 0.000122 -0.247689
vn -0.304354 0.000000 0.952559
vn -0.304354 0.000000 0.952559
vn -0.304354 0.000000 0.952559
vn -0.304354 0.000000 0.952559
vn 0.290317 0.000000 -0.956931
vn 0.290317 0.000000 -0.956931
vn 0.290317 0.000000 -0.956931
vn 0.290317 0.000000 -0.956931
vn -0.992929 0.000000 -0.118713
vn -0.992929 0.000000 -0.118713
vn -0.992929 0.000000 -0.118713
vn -0.992929 0.000000 -0.118713
vn 0.304354 0.000000 0.952559
vn 0.304354 0.000000 0.952559
vn 0.304354 0.000000 0.952559
vn 0.304354 0.000000 0.952559
vn 0.992971 0.000000 -0.118360
vn 0.992971 0.000000 -0.118360
vn 0.992971 0.000000 -0.118360
vn 0.992971 0.000000 -0.118360
vn -0.290183 0.000000 -0.956971
vn -0.290183 0.000000 -0.956971
vn -0.290183 0.000000 -0.956971
vn -0.290183 0.000000 -0.956971
vn 0.964731 0.000048 0.263240
vn 0.964731 0.000048 0.263240
vn 0.964731 0.000048 0.263240
vn 0.964731 0.000048 0.263240
vn -1.000000 0.000019 -0.000648
vn -0.968639 -0.000038 -0.248474
vn -0.968639 -0.000038 -0.248474
vn -1.000000 0.000019 -0.000648
vn -0.138145 -0.000012 0.990412
vn -0.138145 -0.000012 0.990412
vn -0.138145 -0.000012 0.990412
vn -0.138145 -0.000012 0.990412
vn 0.965048 -0.000064 -0.262074
vn 0.965048 -0.000064 -0.262074
vn 0.965048 -0.000064 -0.262074
vn 0.965048 -0.000064 -0.262074
vn -0.139530 0.000016 -0.990218
vn -0.139530 0.000016 -0.990218
vn -0.139530 0.000016 -0.990218
vn -0.139530 0.000016 -0.990218
vn -0.968837 0.000075 0.247698
vn -0.968837 0.000075 0.247698
vn 0.305721 0.000014 -0.952121
vn 0.305721 0.000014 -0.952121
vn 0.305721 0.000014 -0.952121
vn 0.305721 0.000014 -0.952121
vn -0.286471 -0.000011 0.958089
vn -0.286471 -0.000011 0.958089
vn -0.286471 -0.000011 0.958089
vn -0.286471 -0.000011 0.958089
vn 0.992950 0.000000 0.118530
vn 0.992950 0.000000 0.118530
vn 0.992950 0.000000 0.118530
vn 0.992950 0.000000 0.118530
vn -0.305782 -0.000037 -0.952102
vn -0.305782 -0.000037 -0.952102
vn -0.305782 -0.000037 -0.952102
vn -0.305782 -0.000037 -0.952102
vn -0.992929 -0.000146 0.118707
vn -0.992929 -0.000146 0.118707
vn -0.992929 -0.000146 0.118707
vn -0.992929 -0.000146 0.118707
vn 0.286605 0.000036 0.958049
vn 0.286605 0.000036 0.958049
vn 0.286605 0.000036 0.958049
vn 0.286605 0.000036 0.958049
vn -0.602340 0.773871 -0.195731
vn -0.633324 0.773887 0.000001
vn -1.000000 0.000000 -0.000000
vn -0.951056 0.000000 -0.309019
vn -0.512421 0.773856 -0.372252
vn -0.809064 0.000000 -0.587721
vn -0.372419 0.773847 -0.512314
vn -0.587972 0.000000 -0.808881
vn -0.195658 0.773958 -0.602252
vn -0.308898 0.000000 -0.951095
vn 0.000000 0.773876 -0.633337
vn 0.000000 0.000000 -1.000000
vn 0.195654 0.773954 -0.602258
vn 0.308891 0.000000 -0.951098
vn 0.372418 0.773847 -0.512314
vn 0.587988 0.000000 -0.808870
vn 0.512404 0.773863 -0.372261
vn 0.809066 0.000000 -0.587718
vn 0.602346 0.773871 -0.195713
vn 0.951056 0.000000 -0.309019
vn 0.633331 0.773881 0.000001
vn 1.000000 0.000000 0.000000
vn 0.602335 0.773871 0.195748
vn 0.951036 0.000000 0.309081
vn 0.512338 0.773885 0.372307
vn 0.808984 0.000000 0.587831
vn 0.372342 0.773843 0.512375
vn 0.587848 0.000000 0.808971
vn 0.195871 0.773903 0.602253
vn 0.309297 0.000000 0.950966
vn -0.000000 0.773890 0.633320
vn 0.000000 0.000000 1.000000
vn -0.195878 0.773903 0.602251
vn -0.309304 0.000000 0.950963
vn -0.372347 0.773835 0.512384
vn -0.587833 0.000000 0.808982
vn -0.512360 0.773870 0.372306
vn -0.808982 0.000000 0.587833
vn -0.602327 0.773872 0.195766
vn -0.951036 0.000000 0.309081
vn 0.950071 -0.045175 0.308746
vn 0.998977 -0.045223 -0.000002
vn 0.808139 -0.045203 0.587254
vn 0.587282 -0.045201 0.808119
vn 0.308950 -0.045195 0.950004
vn 0.000001 -0.045167 0.998980
vn -0.308964 -0.045198 0.949999
vn -0.587287 -0.045200 0.808116
vn -0.808145 -0.045210 0.587246
vn -0.950058 -0.045193 0.308783
vn -0.998976 -0.045251 -0.000002
vn -0.950074 -0.045196 -0.308733
vn -0.808204 -0.045202 -0.587165
vn -0.587395 -0.045209 -0.808036
vn -0.308729 -0.045209 -0.950075
vn 0.000002 -0.045139 -0.998981
vn 0.308715 -0.045214 -0.950079
vn 0.587390 -0.045214 -0.808040
vn 0.808198 -0.045197 -0.587174
vn 0.950087 -0.045178 -0.308696
vn 0.441091 -0.661095 0.606953
vn 0.606953 -0.661111 0.441067
vn 0.232074 -0.661159 0.713450
vn -0.000001 -0.661185 0.750223
vn -0.232080 -0.661163 0.713444
vn -0.441103 -0.661089 0.606951
vn -0.606969 -0.661092 0.441073
vn -0.713526 -0.661127 0.231928
vn -0.750263 -0.661139 0.000001
vn -0.713527 -0.661142 -0.231886
vn -0.607003 -0.661111 -0.440999
vn -0.441192 -0.661111 -0.606863
vn -0.231861 -0.661191 -0.713489
vn -0.000000 -0.661140 -0.750262
vn 0.231854 -0.661188 -0.713494
vn 0.441183 -0.661113 -0.606866
vn 0.606990 -0.661127 -0.440992
vn 0.713532 -0.661149 -0.231848
vn 0.750268 -0.661135 0.000001
vn 0.713536 -0.661130 0.231892
vn 1.000000 0.000000 -0.000000
vn 0.951036 0.000000 0.309081
vn 0.808983 0.000000 0.587832
vn 0.587847 0.000000 0.808972
vn 0.309299 0.000000 0.950965
vn 0.000000 0.000000 1.000000
vn -0.309306 0.000000 0.950963
vn -0.587834 0.000000 0.808982
vn -0.808982 0.000000 0.587833
vn -0.951036 0.000000 0.309081
vn -1.000000 0.000000 -0.000000
vn -0.951056 0.000000 -0.309018
vn -0.809065 0.000000 -0.587720
vn -0.587972 0.000000 -0.808881
vn -0.308898 0.000000 -0.951095
vn 0.000000 0.000000 -1.000000
vn 0.308890 0.000000 -0.951098
vn 0.587986 0.000000 -0.808871
vn 0.809065 0.000000 -0.587719
vn 0.951056 0.000000 -0.309019
vn 0.950992 0.012182 0.308976
vn 0.999926 0.012173 -0.000000
vn 0.808892 0.012188 0.587830
vn 0.587735 0.012175 0.808962
vn 0.309272 0.012171 0.950896
vn -0.000000 0.012173 0.999926
vn -0.309284 0.012172 0.950892
vn -0.587742 0.012175 0.808957
vn -0.808893 0.012187 0.587830
vn -0.950976 0.012185 0.309025
vn -0.999926 0.012177 -0.000000
vn -0.950973 0.012176 -0.309033
vn -0.808975 0.012170 -0.587717
vn -0.588041 0.012167 -0.808739
vn -0.308981 0.012172 -0.950990
vn -0.000000 0.012172 -0.999926
vn 0.308969 0.012173 -0.950994
vn 0.587956 0.012178 -0.808801
vn 0.808977 0.012188 -0.587714
vn 0.951000 0.012182 -0.308950
vn -0.808983 0.000000 0.587833
vn -0.951036 0.000000 0.309082
vn -1.000000 0.000000 -0.000000
vn -0.951056 0.000000 -0.309019
vn -0.809066 0.000000 -0.587718
vn -0.587973 0.000000 -0.808880
vn -0.308897 0.000000 -0.951096
vn 0.000000 0.000000 -1.000000
vn 0.308890 0.000000 -0.951098
vn 0.587985 0.000000 -0.808872
vn 0.809065 0.000000 -0.587719
vn 0.951056 0.000000 -0.309019
vn 1.000000 0.000000 -0.000000
vn 0.951036 0.000000 0.309082
vn 0.808982 0.000000 0.587833
vn 0.587846 0.000000 0.808973
vn 0.309299 0.000000 0.950965
vn 0.000000 0.000000 1.000000
vn -0.309307 0.000000 0.950962
vn -0.587835 0.000000 0.808981
vn 0.728793 0.433926 -0.529688
vn 0.856886 0.433889 -0.278365
vn 0.901016 0.433786 0.000031
vn 0.856811 0.433977 0.278459
vn 0.728838 0.434165 0.529431
vn 0.529534 0.434174 0.728757
vn 0.278474 0.434306 0.856639
vn -0.000001 0.434519 0.900663
vn -0.278482 0.434306 0.856637
vn -0.529429 0.434229 0.728800
vn -0.728841 0.434182 0.529412
vn -0.856822 0.434011 0.278372
vn -0.900943 0.433938 0.000003
vn -0.856886 0.433937 -0.278291
vn -0.728877 0.433815 -0.529663
vn -0.529617 0.433656 -0.729005
vn -0.278450 0.433456 -0.857077
vn 0.000000 0.433359 -0.901222
vn 0.278434 0.433520 -0.857050
vn 0.529644 0.433768 -0.728919
vn -0.158551 -0.858349 -0.487954
vn -0.301787 -0.858201 -0.415230
vn -0.532344 -0.424593 -0.732346
vn -0.279836 -0.424652 -0.861024
vn -0.415189 -0.858252 -0.301698
vn -0.732376 -0.424701 -0.532216
vn -0.487980 -0.858349 -0.158466
vn -0.860972 -0.424775 -0.279809
vn -0.513054 -0.858356 -0.000000
vn -0.905326 -0.424717 0.000003
vn -0.488055 -0.858289 0.158567
vn -0.861011 -0.424685 0.279825
vn -0.415075 -0.858306 0.301701
vn -0.732386 -0.424808 0.532118
vn -0.301620 -0.858415 0.414909
vn -0.532208 -0.425029 0.732192
vn -0.158673 -0.858333 0.487943
vn -0.279910 -0.425053 0.860803
vn 0.000000 -0.858177 0.513354
vn 0.000075 -0.424894 0.905243
vn 0.158678 -0.858372 0.487872
vn 0.279878 -0.424876 0.860900
vn 0.301485 -0.858547 0.414734
vn 0.532228 -0.424940 0.732229
vn 0.414878 -0.858495 0.301433
vn 0.732453 -0.424618 0.532178
vn 0.487906 -0.858380 0.158531
vn 0.861076 -0.424562 0.279812
vn 0.512978 -0.858402 0.000013
vn 0.905356 -0.424654 0.000002
vn 0.487875 -0.858419 -0.158413
vn 0.861005 -0.424730 -0.279776
vn 0.415157 -0.858304 -0.301596
vn 0.732449 -0.424659 -0.532150
vn 0.301789 -0.858223 -0.415182
vn 0.532400 -0.424509 -0.732354
vn 0.158547 -0.858367 -0.487923
vn 0.279889 -0.424595 -0.861035
vn -0.000003 -0.858424 -0.512941
vn 0.000000 -0.424711 -0.905329
vn -0.293344 0.315545 -0.902430
vn -0.557948 0.315475 -0.767573
vn -0.247755 0.906867 -0.340896
vn -0.130272 0.906878 -0.400751
vn -0.767688 0.315407 -0.557829
vn -0.340916 0.906859 -0.247756
vn -0.902505 0.315333 -0.293344
vn -0.400792 0.906863 -0.130247
vn -0.948958 0.315403 0.000002
vn -0.421428 0.906862 0.000000
vn -0.902536 0.315346 0.293233
vn -0.400793 0.906862 0.130256
vn -0.767698 0.315331 0.557859
vn -0.340940 0.906858 0.247727
vn -0.557952 0.315479 0.767569
vn -0.247741 0.906880 0.340871
vn -0.293416 0.315502 0.902422
vn -0.130204 0.906913 0.400695
vn 0.000088 0.315607 0.948890
vn 0.000009 0.906913 0.421317
vn 0.293311 0.315662 0.902400
vn 0.130212 0.906889 0.400747
vn 0.557805 0.315692 0.767589
vn 0.247755 0.906881 0.340859
vn 0.767725 0.315749 0.557585
vn 0.340974 0.906854 0.247693
vn 0.902480 0.315541 0.293196
vn 0.400804 0.906855 0.130274
vn 0.948921 0.315514 -0.000004
vn 0.421436 0.906858 -0.000000
vn 0.902461 0.315495 -0.293304
vn 0.400791 0.906861 -0.130268
vn 0.767679 0.315561 -0.557755
vn 0.340969 0.906849 -0.247719
vn 0.557919 0.315597 -0.767545
vn 0.247775 0.906860 -0.340901
vn 0.293326 0.315619 -0.902410
vn 0.130233 0.906868 -0.400786
vn 0.000001 0.315628 -0.948883
vn -0.000000 0.906877 -0.421396
vn 0.000000 1.000000 -0.000046
vn 0.000000 1.000000 0.000046
vn 0.000000 1.000000 -0.000000
vn 0.000000 1.000000 0.000091
vn 0.000000 1.000000 -0.000183
vn 0.000000 1.000000 0.000000
vn 0.000000 1.000000 0.000183
vn 0.000000 1.000000 0.000000
vn 0.000000 1.000000 0.000000
vn 0.000000 1.000000 0.000000
vn 0.000000 1.000000 0.000000
vn 0.000000 1.000000 -0.000046
vn 0.000000 1.000000 -0.000046
vn 0.000000 1.000000 0.000000
vn 0.000000 1.000000 0.000000
vn 0.000000 1.000000 0.000000
vn 0.000000 1.000000 0.000000
vn 0.000000 1.000000 0.000000
vn 0.000000 1.000000 0.000000
vn 0.000000 1.000000 0.000000
vn 0.000000 1.000000 0.000000
vn 0.019652 -0.999412 0.028089
vn 0.010213 -0.999398 0.033158
vn 0.000016 -1.000000 -0.000018
vn 0.026945 -0.999433 0.020213
vn 0.031504 -0.999448 0.010573
vn 0.033048 -0.999454 0.000000
vn 0.031466 -0.999448 -0.010663
vn 0.026834 -0.999433 -0.020320
vn 0.019626 -0.999414 -0.028038
vn 0.010454 -0.999398 -0.033085
vn -0.000064 -0.999393 -0.034851
vn -0.010450 -0.999398 -0.033094
vn -0.019556 -0.999414 -0.028085
vn -0.026801 -0.999431 -0.020481
vn -0.031473 -0.999446 -0.010799
vn -0.033098 -0.999452 0.000135
vn -0.031506 -0.999446 0.010722
vn -0.026840 -0.999433 0.020318
vn -0.019532 -0.999414 0.028114
vn -0.010317 -0.999399 0.033080
vn -0.000110 -0.999391 0.034881
vn 0.247702 0.906932 0.340760
vn 0.340855 0.906922 0.247609
vn 0.341174 0.906746 0.247813
vn 0.247978 0.906754 0.341033
vn 0.130179 0.906931 0.400662
vn 0.130338 0.906741 0.401040
vn -0.000012 0.906936 0.421268
vn -0.000263 0.906735 0.421700
vn -0.130155 0.906943 0.400641
vn -0.130279 0.906749 0.401040
vn -0.247664 0.906935 0.340780
vn -0.247805 0.906772 0.341112
vn -0.340808 0.906923 0.247671
vn -0.341177 0.906699 0.247982
vn -0.400634 0.906939 0.130205
vn -0.401095 0.906716 0.130345
vn -0.421266 0.906937 0.000000
vn -0.421817 0.906681 0.000000
vn -0.400638 0.906937 -0.130206
vn -0.401095 0.906716 -0.130345
vn -0.340750 0.906936 -0.247703
vn -0.340987 0.906703 -0.248228
vn -0.247679 0.906937 -0.340765
vn -0.248150 0.906658 -0.341164
vn -0.130255 0.906949 -0.400596
vn -0.130446 0.906775 -0.400928
vn 0.000001 0.906940 -0.421260
vn 0.000002 0.906725 -0.421722
vn 0.130173 0.906936 -0.400653
vn 0.130055 0.906770 -0.401066
vn 0.247704 0.906931 -0.340762
vn 0.248022 0.906729 -0.341068
vn 0.340852 0.906920 -0.247623
vn 0.341188 0.906736 -0.247831
vn 0.400641 0.906931 -0.130246
vn 0.401069 0.906719 -0.130401
vn 0.421266 0.906937 -0.000000
vn 0.421686 0.906742 0.000000
vn 0.400641 0.906932 0.130233
vn 0.401078 0.906714 0.130408
vn 0.170249 -0.954464 0.244976
vn 0.084709 -0.958420 0.272497
vn 0.044041 -0.989570 0.137158
vn 0.085618 -0.989210 0.118880
vn 0.251991 -0.948545 0.191735
vn 0.120769 -0.988737 0.088396
vn 0.315969 -0.942645 0.107624
vn 0.144786 -0.988329 0.047362
vn 0.340998 -0.940064 -0.000002
vn 0.153321 -0.988177 -0.000000
vn 0.315963 -0.942648 -0.107623
vn 0.144753 -0.988333 -0.047384
vn 0.252045 -0.948515 -0.191812
vn 0.120701 -0.988738 -0.088476
vn 0.170261 -0.954440 -0.245063
vn 0.085575 -0.989215 -0.118875
vn 0.084789 -0.958437 -0.272416
vn 0.044182 -0.989578 -0.137051
vn 0.000035 -0.959793 -0.280709
vn -0.000010 -0.989711 -0.143085
vn -0.084816 -0.958418 -0.272471
vn -0.044186 -0.989574 -0.137083
vn -0.170320 -0.954422 -0.245092
vn -0.085549 -0.989217 -0.118878
vn -0.252068 -0.948510 -0.191811
vn -0.120699 -0.988732 -0.088554
vn -0.316024 -0.942622 -0.107671
vn -0.144787 -0.988323 -0.047475
vn -0.341088 -0.940031 -0.000002
vn -0.153395 -0.988165 0.000066
vn -0.316056 -0.942615 0.107640
vn -0.144810 -0.988321 0.047445
vn -0.252026 -0.948538 0.191727
vn -0.120726 -0.988739 0.088429
vn -0.170253 -0.954469 0.244956
vn -0.085545 -0.989219 0.118862
vn -0.084710 -0.958439 0.272433
vn -0.044081 -0.989579 0.137079
vn 0.000001 -0.959771 0.280785
vn -0.000047 -0.989717 0.143037
vn -0.308941 0.006534 -0.951059
vn -0.587946 0.006568 -0.808874
vn -0.587967 0.011353 -0.808805
vn -0.308971 0.011344 -0.951004
vn -0.809011 0.006521 -0.587757
vn -0.808973 0.011358 -0.587736
vn -0.951041 0.006515 -0.308997
vn -0.950998 0.011357 -0.308987
vn -0.999979 0.006543 -0.000001
vn -0.999936 0.011356 -0.000000
vn -0.951020 0.006509 0.309060
vn -0.950989 0.011344 0.309017
vn -0.808926 0.006522 0.587874
vn -0.808865 0.011335 0.587885
vn -0.587809 0.006565 0.808973
vn -0.587762 0.011339 0.808954
vn -0.309354 0.006532 0.950924
vn -0.309293 0.011354 0.950899
vn -0.000106 0.006433 0.999979
vn -0.000105 0.011363 0.999935
vn 0.309267 0.006349 0.950954
vn 0.309201 0.011357 0.950929
vn 0.587900 0.006395 0.808909
vn 0.587887 0.011355 0.808863
vn 0.808988 0.006465 0.587789
vn 0.808908 0.011352 0.587826
vn 0.951032 0.006495 0.309025
vn 0.950985 0.011347 0.309030
vn 0.999979 0.006529 0.000000
vn 0.999936 0.011352 0.000000
vn 0.951052 0.006501 -0.308961
vn 0.951013 0.011347 -0.308942
vn 0.809029 0.006514 -0.587733
vn 0.808979 0.011343 -0.587728
vn 0.587950 0.006570 -0.808871
vn 0.587897 0.011348 -0.808856
vn 0.308956 0.006540 -0.951054
vn 0.308990 0.011348 -0.950998
vn 0.000000 0.006495 -0.999979
vn 0.000000 0.011339 -0.999936
vn 0.000000 -1.000000 0.000028
vn 0.000000 -1.000000 0.000000
vn 0.000000 -1.000000 0.000003
vn 0.000000 -1.000000 0.000028
vn 0.000000 -1.000000 0.000000
vn 0.000000 -1.000000 0.000000
vn 0.000000 -1.000000 0.000000
vn 0.000000 -1.000000 -0.000014
vn 0.000000 -1.000000 -0.000007
vn 0.000000 -1.000000 0.000007
vn 0.000000 -1.000000 0.000000
vn 0.000000 -1.000000 0.000014
vn 0.000000 -1.000000 0.000014
vn 0.000000 -1.000000 0.000000
vn 0.000000 -1.000000 -0.000028
vn 0.000000 -1.000000 0.000000
vn 0.000000 -1.000000 0.000028
vn 0.000000 -1.000000 0.000000
vn 0.000000 -1.000000 -0.000007
vn 0.000000 -1.000000 -0.000007
vn 0.000000 -1.000000 0.000000
vn 0.000000 1.000000 0.000000
vn 0.000000 1.000000 0.000000
vn 0.000000 1.000000 0.000006
vn 0.000000 1.000000 0.000029
vn 0.000000 1.000000 0.000000
vn 0.000000 1.000000 -0.000000
vn 0.000000 1.000000 0.000029
vn 0.000000 1.000000 0.000000
vn 0.000000 1.000000 0.000000
vn 0.000000 1.000000 0.000000
vn 0.000000 1.000000 0.000000
vn 0.000000 1.000000 0.000000
vn 0.000000 1.000000 0.000000
vn 0.000000 1.000000 0.000000
vn 0.000000 1.000000 0.000029
vn 0.000000 1.000000 -0.000000
vn 0.000000 1.000000 0.000000
vn 0.000000 1.000000 0.000029
vn 0.000000 1.000000 0.000000
vn 0.000000 1.000000 0.000000
vn 0.000000 1.000000 0.000000
vn -0.295476 -0.291652 -0.909743
vn -0.562426 -0.291506 -0.773758
vn -0.514504 -0.484012 -0.707827
vn -0.270443 -0.484062 -0.832192
vn -0.773874 -0.291616 -0.562209
vn -0.707901 -0.484049 -0.514367
vn -0.909691 -0.291717 -0.295573
vn -0.832197 -0.484078 -0.270402
vn -0.956504 -0.291720 0.000001
vn -0.875040 -0.484051 0.000001
vn -0.909654 -0.291796 0.295611
vn -0.832200 -0.484052 0.270437
vn -0.773750 -0.291978 0.562192
vn -0.707899 -0.484060 0.514359
vn -0.562216 -0.292050 0.773706
vn -0.514405 -0.484076 0.707854
vn -0.295791 -0.292074 0.909506
vn -0.270478 -0.484068 0.832178
vn -0.000000 -0.292004 0.956417
vn -0.000001 -0.483994 0.875071
vn 0.295810 -0.292040 0.909510
vn 0.270501 -0.484068 0.832170
vn 0.562233 -0.291983 0.773718
vn 0.514407 -0.484061 0.707864
vn 0.773771 -0.291947 0.562180
vn 0.707895 -0.484041 0.514382
vn 0.909662 -0.291810 0.295570
vn 0.832201 -0.484049 0.270440
vn 0.956497 -0.291742 0.000001
vn 0.875032 -0.484065 0.000001
vn 0.909702 -0.291725 -0.295533
vn 0.832191 -0.484093 -0.270395
vn 0.773892 -0.291595 -0.562196
vn 0.707897 -0.484043 -0.514378
vn 0.562442 -0.291445 -0.773769
vn 0.514506 -0.483993 -0.707838
vn 0.295492 -0.291601 -0.909755
vn 0.270463 -0.484058 -0.832188
vn -0.000000 -0.291637 -0.956529
vn 0.000001 -0.484077 -0.875025
vn -0.307968 0.086035 -0.947499
vn -0.585687 0.086002 -0.805962
vn -0.529666 0.433698 -0.728944
vn -0.278560 0.433735 -0.856900
vn -0.805978 0.085959 -0.585671
vn -0.728931 0.433667 -0.529710
vn -0.947536 0.086003 -0.307863
vn -0.856962 0.433704 -0.278418
vn -0.996294 0.086018 -0.000002
vn -0.901055 0.433705 0.000001
vn -0.947526 0.085995 0.307897
vn -0.856949 0.433699 0.278468
vn -0.806018 0.086027 0.585607
vn -0.728968 0.433680 0.529648
vn -0.585662 0.086044 0.805975
vn -0.529651 0.433719 0.728943
vn -0.307929 0.086053 0.947510
vn -0.278494 0.433756 0.856911
vn -0.000001 0.086079 0.996288
vn -0.000000 0.433746 0.901035
vn 0.307943 0.086047 0.947506
vn 0.278515 0.433745 0.856910
vn 0.585674 0.086029 0.805968
vn 0.529679 0.433727 0.728918
vn 0.806014 0.086033 0.585611
vn 0.728960 0.433704 0.529640
vn 0.947518 0.086007 0.307917
vn 0.856933 0.433710 0.278499
vn 0.996294 0.086009 0.000015
vn 0.901058 0.433699 0.000033
vn 0.947533 0.085995 -0.307874
vn 0.856958 0.433701 -0.278435
vn 0.805959 0.085963 -0.585696
vn 0.728907 0.433667 -0.529742
vn 0.585695 0.085990 -0.805958
vn 0.529682 0.433686 -0.728940
vn 0.307986 0.086027 -0.947493
vn 0.278588 0.433731 -0.856893
vn -0.000001 0.086052 -0.996291
vn -0.000000 0.433771 -0.901023
vn 0.000000 1.000000 -0.000046
vn 0.000000 1.000000 -0.000013
vn 0.000000 1.000000 -0.000013
vn 0.000000 1.000000 -0.000050
vn 0.000000 1.000000 0.000000
vn 0.000000 1.000000 0.000000
vn 0.000000 1.000000 0.000000
vn 0.000000 1.000000 0.000000
vn 0.000000 1.000000 0.000000
vn 0.000000 1.000000 -0.000071
vn 0.000000 1.000000 -0.000070
vn 0.000000 1.000000 0.000000
vn 0.000000 1.000000 -0.000141
vn 0.000000 1.000000 -0.000141
vn 0.000000 1.000000 0.000020
vn 0.000000 1.000000 0.000013
vn 0.000000 1.000000 0.000013
vn 0.000000 1.000000 0.000018
vn 0.000000 1.000000 0.000000
vn 0.000000 1.000000 0.000000
vn 0.000000 1.000000 0.000015
vn 0.000000 1.000000 0.000016
vn 0.000000 1.000000 0.000073
vn 0.000000 1.000000 0.000036
vn 0.000000 1.000000 0.000036
vn 0.000000 1.000000 0.000073
vn 0.000000 1.000000 0.000000
vn 0.000000 1.000000 0.000000
vn 0.000000 1.000000 0.000010
vn 0.000000 1.000000 0.000020
vn 0.000000 1.000000 0.000020
vn 0.000000 1.000000 0.000008
vn 0.000000 1.000000 0.000013
vn 0.000000 1.000000 0.000013
vn 0.000000 1.000000 0.000000
vn 0.000000 1.000000 0.000000
vn 0.000000 1.000000 0.000000
vn 0.000000 1.000000 -0.000071
vn 0.000000 1.000000 -0.000070
vn 0.000000 1.000000 0.000000
vn 0.000000 1.000000 -0.000141
vn 0.000000 1.000000 -0.000141
vn 0.000000 1.000000 -0.000021
vn 0.000000 1.000000 -0.000027
vn 0.000000 1.000000 -0.000027
vn 0.000000 1.000000 -0.000019
vn 0.000000 1.000000 -0.000013
vn 0.000000 1.000000 -0.000013
vn 0.000000 1.000000 -0.000015
vn 0.000000 1.000000 -0.000015
vn 0.000000 1.000000 -0.000010
vn 0.000000 1.000000 -0.000047
vn 0.000000 1.000000 -0.000047
vn 0.000000 1.000000 -0.000010
vn 0.000000 1.000000 -0.000083
vn 0.000000 1.000000 -0.000083
vn 0.309105 0.000185 0.951028
vn 0.587613 0.000090 0.809142
vn 0.587613 0.000090 0.809142
vn 0.309128 0.000185 0.951021
vn 0.809032 0.000000 0.587765
vn 0.809032 0.000000 0.587765
vn 0.951108 0.000000 0.308859
vn 0.951108 0.000000 0.308859
vn 1.000000 0.000000 0.000000
vn 1.000000 0.000000 0.000000
vn 0.951018 0.000000 -0.309136
vn 0.951018 0.000000 -0.309136
vn 0.809074 0.000007 -0.587708
vn 0.809074 0.000007 -0.587708
vn 0.588130 0.000013 -0.808767
vn 0.588124 0.000013 -0.808771
vn 0.309158 0.000007 -0.951011
vn 0.309158 0.000007 -0.951011
vn 0.000000 -0.000002 -1.000000
vn 0.000000 -0.000002 -1.000000
vn -0.309441 -0.000015 -0.950919
vn -0.309449 -0.000015 -0.950916
vn -0.588127 -0.000033 -0.808769
vn -0.588133 -0.000033 -0.808764
vn -0.808925 -0.000085 -0.587912
vn -0.808928 -0.000085 -0.587908
vn -0.951051 -0.000097 -0.309035
vn -0.951032 -0.000097 -0.309093
vn -1.000000 -0.000031 -0.000018
vn -1.000000 -0.000031 -0.000018
vn -0.951079 0.000000 0.308948
vn -0.951079 0.000000 0.308948
vn -0.808979 0.000000 0.587838
vn -0.808979 0.000000 0.587838
vn -0.587690 0.000000 0.809086
vn -0.587690 0.000000 0.809086
vn -0.309163 0.000000 0.951009
vn -0.309163 0.000000 0.951009
vn 0.000170 0.000095 1.000000
vn 0.000170 0.000095 1.000000
vn 0.000000 1.000000 0.000015
vn 0.000000 1.000000 0.000015
vn 0.000000 1.000000 0.000000
vn 0.000000 1.000000 0.000000
vn 0.000000 1.000000 0.000000
vn 0.000000 1.000000 0.000000
vn 0.000000 1.000000 0.000012
vn 0.000000 1.000000 0.000000
vn 0.000000 1.000000 0.000012
vn 0.000000 1.000000 0.000012
vn 0.000000 1.000000 0.000031
vn 0.000000 1.000000 -0.000220
vn 0.000000 1.000000 0.000017
vn 0.000000 1.000000 -0.000220
vn 0.000000 1.000000 0.000009
vn 0.000000 1.000000 -0.000071
vn 0.000000 1.000000 -0.000031
vn 0.000000 1.000000 -0.000031
vn 0.000000 1.000000 0.000000
vn 0.000000 1.000000 -0.000038
vn 0.000000 1.000000 0.000018
vn 0.000000 1.000000 -0.000038
vn 0.000000 1.000000 -0.000024
vn 0.000000 1.000000 -0.000036
vn 0.000000 1.000000 0.000031
vn 0.000000 1.000000 0.000031
vn 0.000000 1.000000 -0.000031
vn 0.000000 1.000000 0.000335
vn 0.000000 1.000000 0.000032
vn 0.000000 1.000000 0.000335
vn 0.000000 1.000000 -0.000039
vn 0.000000 1.000000 -0.000008
vn -0.964934 -0.000096 -0.262492
vn -0.964934 -0.000096 -0.262492
vn -0.964934 -0.000096 -0.262492
vn -0.964934 -0.000096 -0.262492
vn 1.000000 0.000131 0.000161
vn 0.968611 0.000113 0.248581
vn 0.968611 0.000113 0.248581
vn 1.000000 0.000131 0.000161
vn 0.139529 0.000014 -0.990218
vn 0.139529 0.000014 -0.990218
vn 0.139529 0.000014 -0.990218
vn 0.139529 0.000014 -0.990218
vn -0.965029 -0.000145 0.262145
vn -0.965029 -0.000145 0.262145
vn -0.965028 -0.000145 0.262145
vn -0.965028 -0.000145 0.262145
vn 0.138846 -0.000067 0.990314
vn 0.138846 -0.000067 0.990314
vn 0.138846 -0.000067 0.990314
vn 0.138846 -0.000067 0.990314
vn 0.968789 0.000141 -0.247886
vn 0.968789 0.000141 -0.247886
vn -0.304354 0.000000 0.952559
vn -0.304354 0.000000 0.952559
vn -0.304354 0.000000 0.952559
vn -0.304354 0.000000 0.952559
vn 0.290247 0.000000 -0.956952
vn 0.290247 0.000000 -0.956952
vn 0.290247 0.000000 -0.956952
vn 0.290247 0.000000 -0.956952
vn -0.992950 0.000000 -0.118537
vn -0.992950 0.000000 -0.118537
vn -0.992950 0.000000 -0.118537
vn -0.992950 0.000000 -0.118537
vn 0.304410 0.000000 0.952541
vn 0.304410 0.000000 0.952541
vn 0.304410 0.000000 0.952541
vn 0.304410 0.000000 0.952541
vn 0.992971 0.000000 -0.118360
vn 0.992971 0.000000 -0.118360
vn 0.992971 0.000000 -0.118360
vn 0.992971 0.000000 -0.118360
vn -0.290247 0.000000 -0.956952
vn -0.290247 0.000000 -0.956952
vn -0.290247 0.000000 -0.956952
vn -0.290247 0.000000 -0.956952
vn 0.964776 0.000032 0.263073
vn 0.964776 0.000032 0.263073
vn 0.964776 0.000032 0.263073
vn 0.964776 0.000032 0.263073
vn -1.000000 0.000029 -0.000647
vn -0.968614 -0.000028 -0.248571
vn -0.968614 -0.000028 -0.248571
vn -1.000000 0.000029 -0.000647
vn -0.138134 -0.000008 0.990414
vn -0.138134 -0.000008 0.990414
vn -0.138134 -0.000008 0.990414
vn -0.138134 -0.000008 0.990414
vn 0.965048 -0.000096 -0.262073
vn 0.965048 -0.000096 -0.262073
vn 0.965048 -0.000096 -0.262073
vn 0.965048 -0.000096 -0.262073
vn -0.139542 0.000022 -0.990216
vn -0.139542 0.000022 -0.990216
vn -0.139542 0.000022 -0.990216
vn -0.139542 0.000022 -0.990216
vn -0.968812 0.000085 0.247797
vn -0.968812 0.000085 0.247797
vn 0.305841 0.000009 -0.952083
vn 0.305841 0.000009 -0.952083
vn 0.305841 0.000009 -0.952083
vn 0.305841 0.000009 -0.952083
vn -0.286606 -0.000011 0.958049
vn -0.286606 -0.000011 0.958049
vn -0.286606 -0.000011 0.958049
vn -0.286606 -0.000011 0.958049
vn 0.992950 0.000000 0.118530
vn 0.992950 0.000000 0.118530
vn 0.992950 0.000000 0.118530
vn 0.992950 0.000000 0.118530
vn -0.305662 -0.000037 -0.952140
vn -0.305662 -0.000037 -0.952140
vn -0.305662 -0.000037 -0.952140
vn -0.305662 -0.000037 -0.952140
vn -0.992919 -0.000162 0.118794
vn -0.992919 -0.000162 0.118794
vn -0.992919 -0.000162 0.118794
vn -0.992919 -0.000162 0.118794
vn 0.286504 0.000033 0.958079
vn 0.286504 0.000033 0.958079
vn 0.286504 0.000033 0.958079
vn 0.286504 0.000033 0.958079
vn -0.602346 0.773867 -0.195729
vn -0.633321 0.773889 0.000001
vn -1.000000 0.000000 -0.000000
vn -0.951048 0.000000 -0.309043
vn -0.512420 0.773853 -0.372260
vn -0.809066 0.000000 -0.587718
vn -0.372419 0.773845 -0.512316
vn -0.587974 0.000000 -0.808880
vn -0.195654 0.773963 -0.602247
vn -0.308891 0.000000 -0.951098
vn 0.000001 0.773875 -0.633338
vn 0.000000 0.000000 -1.000000
vn 0.195658 0.773959 -0.602250
vn 0.308899 0.000000 -0.951095
vn 0.372421 0.773843 -0.512318
vn 0.587974 0.000000 -0.808880
vn 0.512419 0.773859 -0.372250
vn 0.809091 0.000000 -0.587684
vn 0.602345 0.773875 -0.195699
vn 0.951064 0.000000 -0.308995
vn 0.633311 0.773898 0.000001
vn 1.000000 0.000000 -0.000000
vn 0.602337 0.773874 0.195726
vn 0.951043 0.000000 0.309058
vn 0.512358 0.773880 0.372289
vn 0.809009 0.000000 0.587796
vn 0.372351 0.773834 0.512382
vn 0.587834 0.000000 0.808981
vn 0.195876 0.773906 0.602248
vn 0.309305 0.000000 0.950963
vn 0.000002 0.773892 0.633318
vn 0.000000 0.000000 1.000000
vn -0.195872 0.773910 0.602244
vn -0.309297 0.000000 0.950966
vn -0.372346 0.773837 0.512382
vn -0.587834 0.000000 0.808981
vn -0.512355 0.773871 0.372312
vn -0.808984 0.000000 0.587831
vn -0.602336 0.773866 0.195765
vn -0.951028 0.000000 0.309106
vn 0.950077 -0.045174 0.308729
vn 0.998977 -0.045219 -0.000002
vn 0.808150 -0.045192 0.587241
vn 0.587285 -0.045187 0.808118
vn 0.308961 -0.045196 0.950000
vn -0.000003 -0.045177 0.998979
vn -0.308954 -0.045210 0.950002
vn -0.587286 -0.045198 0.808116
vn -0.808150 -0.045202 0.587240
vn -0.950060 -0.045194 0.308777
vn -0.998976 -0.045245 -0.000002
vn -0.950074 -0.045194 -0.308734
vn -0.808205 -0.045187 -0.587165
vn -0.587394 -0.045201 -0.808038
vn -0.308720 -0.045213 -0.950078
vn -0.000003 -0.045153 -0.998980
vn 0.308726 -0.045211 -0.950076
vn 0.587392 -0.045200 -0.808039
vn 0.808201 -0.045193 -0.587170
vn 0.950088 -0.045176 -0.308693
vn 0.441099 -0.661098 0.606944
vn 0.606933 -0.661134 0.441061
vn 0.232078 -0.661166 0.713442
vn 0.000002 -0.661188 0.750220
vn -0.232068 -0.661155 0.713455
vn -0.441102 -0.661092 0.606948
vn -0.606971 -0.661099 0.441060
vn -0.713539 -0.661118 0.231918
vn -0.750259 -0.661144 0.000002
vn -0.713524 -0.661143 -0.231892
vn -0.607009 -0.661112 -0.440989
vn -0.441192 -0.661113 -0.606860
vn -0.231850 -0.661182 -0.713501
vn 0.000001 -0.661142 -0.750261
vn 0.231859 -0.661197 -0.713484
vn 0.441182 -0.661102 -0.606880
vn 0.607026 -0.661092 -0.440995
vn 0.713547 -0.661131 -0.231855
vn 0.750264 -0.661139 0.000001
vn 0.713534 -0.661137 0.231879
vn 1.000000 0.000000 -0.000000
vn 0.951043 0.000000 0.309058
vn 0.809008 0.000000 0.587798
vn 0.587834 0.000000 0.808981
vn 0.309306 0.000000 0.950962
vn 0.000000 0.000000 1.000000
vn -0.309298 0.000000 0.950965
vn -0.587834 0.000000 0.808981
vn -0.808983 0.000000 0.587832
vn -0.951028 0.000000 0.309105
vn -1.000000 0.000000 -0.000000
vn -0.951048 0.000000 -0.309042
vn -0.809066 0.000000 -0.587719
vn -0.587973 0.000000 -0.808881
vn -0.308890 0.000000 -0.951098
vn 0.000000 0.000000 -1.000000
vn 0.308898 0.000000 -0.951095
vn 0.587973 0.000000 -0.808881
vn 0.809090 0.000000 -0.587684
vn 0.951064 0.000000 -0.308995
vn 0.950973 0.012180 0.309034
vn 0.999926 0.012175 -0.000000
vn 0.808894 0.012191 0.587828
vn 0.587889 0.012210 0.808850
vn 0.309192 0.012212 0.950921
vn -0.000100 0.012187 0.999926
vn -0.309277 0.012171 0.950894
vn -0.587747 0.012170 0.808953
vn -0.808850 0.012183 0.587889
vn -0.950980 0.012184 0.309011
vn -0.999926 0.012176 0.000000
vn -0.950993 0.012184 -0.308974
vn -0.808973 0.012184 -0.587720
vn -0.587969 0.012171 -0.808792
vn -0.308975 0.012171 -0.950992
vn -0.000000 0.012172 -0.999926
vn 0.308992 0.012172 -0.950987
vn 0.587881 0.012174 -0.808855
vn 0.808965 0.012183 -0.587730
vn 0.951009 0.012179 -0.308925
vn -0.808982 0.000000 0.587833
vn -0.951028 0.000000 0.309105
vn -1.000000 0.000000 0.000000
vn -0.951048 0.000000 -0.309042
vn -0.809065 0.000000 -0.587719
vn -0.587972 0.000000 -0.808881
vn -0.308890 0.000000 -0.951098
vn -0.000000 0.000000 -1.000000
vn 0.308897 0.000000 -0.951096
vn 0.587972 0.000000 -0.808881
vn 0.809090 0.000000 -0.587684
vn 0.951064 0.000000 -0.308995
vn 1.000000 0.000000 0.000000
vn 0.951043 0.000000 0.309058
vn 0.809007 0.000000 0.587799
vn 0.587834 0.000000 0.808982
vn 0.309306 0.000000 0.950963
vn 0.000000 0.000000 1.000000
vn -0.309299 0.000000 0.950965
vn -0.587834 0.000000 0.808982
vn 0.728837 0.433843 -0.529696
vn 0.856871 0.433939 -0.278333
vn 0.900936 0.433952 0.000071
vn 0.856780 0.434035 0.278463
vn 0.728861 0.434138 0.529421
vn 0.529538 0.434187 0.728746
vn 0.278484 0.434298 0.856640
vn 0.000001 0.434490 0.900677
vn -0.278477 0.434271 0.856656
vn -0.529457 0.433935 0.728955
vn -0.728889 0.433857 0.529612
vn -0.856850 0.433953 0.278375
vn -0.900921 0.433983 -0.000007
vn -0.856866 0.433955 -0.278325
vn -0.728844 0.433860 -0.529671
vn -0.529579 0.433735 -0.728986
vn -0.278490 0.433760 -0.856910
vn 0.000001 0.433924 -0.900949
vn 0.278516 0.433787 -0.856889
vn 0.529656 0.433725 -0.728936
s off
g House pCylinder35
usemtl lambert14SG
f 1346/2739/2834 1347/2740/2835 1348/2741/2836 1349/2742/2837
usemtl lambert8SG
f 1386/2811/2838 1387/2812/2839 1388/2813/2840 1389/2814/2841
usemtl lambert14SG
f 1350/2743/2842 1351/2744/2843 1352/2745/2844 1353/2746/2845
usemtl lambert8SG
f 1320/2815/2846 1321/2816/2847 1315/2817/2848 1314/2818/2849
usemtl lambert14SG
f 1355/2875/2850 1354/2876/2851 1356/2877/2852 1357/2878/2853
f 1358/2879/2854 1359/2880/2855 1360/2881/2856 1361/2882/2857
usemtl lambert8SG
f 1316/2751/2858 1317/2752/2859 1323/2748/2860 1322/2747/2861
f 1317/2887/2862 1319/2888/2863 1324/2884/2864 1323/2883/2865
f 1319/2763/2866 1318/2764/2867 1325/2760/2868 1324/2759/2869
f 1318/2899/2870 1316/2900/2871 1322/2896/2872 1325/2895/2873
f 1322/2747/2874 1323/2748/2875 1327/2749/2876 1326/2750/2877
f 1323/2883/2878 1324/2884/2879 1328/2885/2880 1327/2886/2881
f 1324/2759/2882 1325/2760/2883 1329/2761/2884 1328/2762/2885
f 1325/2895/2886 1322/2896/2887 1326/2897/2888 1329/2898/2889
s 1
f 1314/2755/2890 1315/2757/2891 1331/2758/2892 1330/2756/2893
f 1315/2757/2891 1317/2752/2894 1332/2754/2895 1331/2758/2892
f 1317/2752/2894 1316/2751/2896 1333/2753/2897 1332/2754/2895
f 1316/2751/2896 1314/2755/2890 1330/2756/2893 1333/2753/2897
s 2
f 1318/2764/2898 1319/2763/2899 1335/2765/2900 1334/2766/2901
f 1319/2763/2899 1321/2767/2902 1336/2768/2903 1335/2765/2900
f 1321/2767/2902 1320/2769/2904 1337/2770/2905 1336/2768/2903
f 1320/2769/2904 1318/2764/2898 1334/2766/2901 1337/2770/2905
s 3
f 1315/2891/2906 1321/2893/2907 1338/2894/2908 1339/2892/2909
f 1321/2893/2907 1319/2888/2910 1340/2890/2911 1338/2894/2908
f 1319/2888/2910 1317/2887/2912 1341/2889/2913 1340/2890/2911
f 1317/2887/2912 1315/2891/2906 1339/2892/2909 1341/2889/2913
s 4
f 1320/2903/2914 1314/2905/2915 1343/2906/2916 1342/2904/2917
f 1314/2905/2915 1316/2900/2918 1344/2902/2919 1343/2906/2916
f 1316/2900/2918 1318/2899/2920 1345/2901/2921 1344/2902/2919
f 1318/2899/2920 1320/2903/2914 1342/2904/2917 1345/2901/2921
s off
f 1330/2819/2922 1331/2820/2923 1347/2821/2924 1346/2822/2925
f 1331/2907/2926 1332/2908/2927 1348/2909/2928 1347/2910/2929
f 1332/2823/2930 1333/2824/2931 1349/2825/2932 1348/2826/2933
f 1333/2911/2934 1330/2912/2935 1346/2913/2936 1349/2914/2937
f 1334/2827/2938 1335/2828/2939 1351/2829/2940 1350/2830/2941
f 1335/2915/2942 1336/2916/2943 1352/2917/2944 1351/2918/2945
f 1336/2831/2946 1337/2832/2947 1353/2833/2948 1352/2834/2949
f 1337/2919/2950 1334/2920/2951 1350/2921/2952 1353/2922/2953
f 1339/2835/2954 1338/2836/2955 1354/2837/2956 1355/2838/2957
f 1338/2771/2958 1340/2772/2959 1356/2773/2960 1354/2774/2961
f 1340/2839/2962 1341/2840/2963 1357/2841/2964 1356/2842/2965
f 1341/2775/2966 1339/2776/2967 1355/2777/2968 1357/2778/2969
f 1342/2843/2970 1343/2844/2971 1359/2845/2972 1358/2846/2973
f 1343/2779/2974 1344/2780/2975 1360/2781/2976 1359/2782/2977
f 1344/2847/2978 1345/2848/2979 1361/2849/2980 1360/2850/2981
f 1345/2783/2982 1342/2784/2983 1358/2785/2984 1361/2786/2985
s 5
f 1326/2851/2986 1327/2852/2987 1363/2853/2988 1362/2854/2989
f 1327/2852/2987 1328/2855/2990 1364/2856/2991 1363/2853/2988
f 1328/2855/2990 1329/2857/2992 1365/2858/2993 1364/2856/2991
f 1329/2857/2992 1326/2851/2986 1362/2854/2989 1365/2858/2993
s 6
f 1362/2787/2994 1363/2788/2995 1367/2789/2996 1366/2790/2997
s 7
f 1363/2923/2998 1364/2924/2999 1368/2925/3000 1367/2926/3001
s 8
f 1364/2795/3002 1365/2796/3003 1369/2797/3004 1368/2798/3005
s 9
f 1365/2929/3006 1362/2930/3007 1366/2931/3008 1369/2932/3009
s 6
f 1366/2790/2997 1367/2789/2996 1371/2791/3010 1370/2792/3011
s 7
f 1367/2926/3001 1368/2925/3000 1372/2927/3012 1371/2928/3013
s 8
f 1368/2798/3005 1369/2797/3004 1373/2799/3014 1372/2800/3015
s 9
f 1369/2932/3009 1366/2931/3008 1370/2933/3016 1373/2934/3017
s 6
f 1370/2792/3011 1371/2791/3010 1375/2793/3018 1374/2794/3019
s 7
f 1371/2869/3013 1372/2870/3012 1376/2863/3020 1375/2860/3021
s 8
f 1372/2800/3015 1373/2799/3014 1377/2801/3022 1376/2802/3023
s 9
f 1373/2873/3017 1370/2874/3016 1374/2859/3024 1377/2867/3025
s 10
f 1374/2859/3026 1375/2860/3027 1379/2861/3028 1378/2862/3029
f 1375/2860/3027 1376/2863/3030 1380/2864/3031 1379/2861/3028
f 1376/2863/3030 1377/2867/3032 1381/2868/3033 1380/2864/3031
f 1377/2867/3032 1374/2859/3026 1378/2862/3029 1381/2868/3033
f 1378/2862/3029 1379/2861/3028 1383/2865/3034 1382/2866/3035
f 1379/2861/3028 1380/2864/3031 1384/2871/3036 1383/2865/3034
f 1380/2864/3031 1381/2868/3033 1385/2872/3037 1384/2871/3036
f 1381/2868/3033 1378/2862/3029 1382/2866/3035 1385/2872/3037
s off
f 1382/2803/3038 1383/2804/3039 1387/2805/3040 1386/2806/3041
f 1383/2935/3042 1384/2936/3043 1388/2937/3044 1387/2938/3045
f 1384/2807/3046 1385/2808/3047 1389/2809/3048 1388/2810/3049
f 1385/2939/3050 1382/2940/3051 1386/2941/3052 1389/2942/3053
s 11
usemtl A4SG
f 1390/3531/3054 1391/3532/3055 1544/3533/3056 1545/3534/3057
f 1391/3532/3055 1392/3537/3058 1543/3538/3059 1544/3533/3056
f 1392/3537/3058 1393/3545/3060 1542/3546/3061 1543/3538/3059
f 1393/2972/3060 1394/2968/3062 1541/2966/3063 1542/2970/3061
f 1394/2968/3062 1395/2969/3064 1540/2960/3065 1541/2966/3063
f 1395/3566/3064 1396/3573/3066 1539/3579/3067 1540/3580/3065
f 1396/3573/3066 1397/3581/3068 1538/3587/3069 1539/3579/3067
f 1397/3581/3068 1398/3588/3070 1537/3594/3071 1538/3587/3069
f 1398/3588/3070 1399/3595/3072 1536/3603/3073 1537/3594/3071
f 1399/3595/3072 1400/3604/3074 1535/3609/3075 1536/3603/3073
f 1400/3604/3074 1401/3599/3076 1534/3606/3077 1535/3609/3075
f 1401/3599/3076 1402/3590/3078 1533/3598/3079 1534/3606/3077
f 1402/3590/3078 1403/3583/3080 1532/3597/3081 1533/3598/3079
f 1403/2951/3080 1404/2952/3082 1551/2947/3083 1532/2944/3081
f 1404/2952/3082 1405/2955/3084 1550/2953/3085 1551/2947/3083
f 1405/3568/3084 1406/3561/3086 1549/3562/3087 1550/3569/3085
f 1406/3561/3086 1407/3554/3088 1548/3555/3089 1549/3562/3087
f 1407/3554/3088 1408/3547/3090 1547/3548/3091 1548/3555/3089
f 1408/3547/3090 1409/3539/3092 1546/3540/3093 1547/3548/3091
f 1409/3539/3092 1390/3531/3054 1545/3534/3057 1546/3540/3093
f 1410/3610/3094 1411/3611/3095 1482/3612/3096 1483/3613/3097
f 1411/3611/3095 1412/3614/3098 1481/3615/3099 1482/3612/3096
f 1412/3614/3098 1413/3620/3100 1480/3621/3101 1481/3615/3099
f 1413/3620/3100 1414/3628/3102 1479/3629/3103 1480/3621/3101
f 1414/3628/3102 1415/3637/3104 1478/3638/3105 1479/3629/3103
f 1415/3637/3104 1416/3645/3106 1477/3646/3107 1478/3638/3105
f 1416/3645/3106 1417/3653/3108 1476/3654/3109 1477/3646/3107
f 1417/3653/3108 1418/3661/3110 1475/3662/3111 1476/3654/3109
f 1418/3661/3110 1419/3669/3112 1474/3670/3113 1475/3662/3111
f 1419/3669/3112 1420/3677/3114 1473/3678/3115 1474/3670/3113
f 1420/3677/3114 1421/3683/3116 1472/3684/3117 1473/3678/3115
f 1421/3683/3116 1422/3675/3118 1471/3676/3119 1472/3684/3117
f 1422/3675/3118 1423/3667/3120 1490/3668/3121 1471/3676/3119
f 1423/3667/3120 1424/3659/3122 1489/3660/3123 1490/3668/3121
f 1424/3659/3122 1425/3651/3124 1488/3652/3125 1489/3660/3123
f 1425/3651/3124 1426/3643/3126 1487/3644/3127 1488/3652/3125
f 1426/3643/3126 1427/3635/3128 1486/3636/3129 1487/3644/3127
f 1427/3635/3128 1428/3626/3130 1485/3627/3131 1486/3636/3129
f 1428/3626/3130 1429/3618/3132 1484/3619/3133 1485/3627/3131
f 1429/3618/3132 1410/3610/3094 1483/3613/3097 1484/3619/3133
s 12
f 1430/3624/3134 1431/3623/3135 1450/3632/3136
f 1431/3623/3135 1432/3631/3137 1450/3632/3136
f 1432/3631/3137 1433/3640/3138 1450/3632/3136
f 1433/3640/3138 1434/3648/3139 1450/3632/3136
f 1434/3648/3139 1435/3656/3140 1450/3632/3136
f 1435/3656/3140 1436/3664/3141 1450/3632/3136
f 1436/3664/3141 1437/3672/3142 1450/3632/3136
f 1437/3672/3142 1438/3680/3143 1450/3632/3136
f 1438/3680/3143 1439/3686/3144 1450/3632/3136
f 1439/3686/3144 1440/3689/3145 1450/3632/3136
f 1440/3689/3145 1441/3690/3146 1450/3632/3136
f 1441/3690/3146 1442/3687/3147 1450/3632/3136
f 1442/3687/3147 1443/3681/3148 1450/3632/3136
f 1443/3681/3148 1444/3673/3149 1450/3632/3136
f 1444/3673/3149 1445/3665/3150 1450/3632/3136
f 1445/3665/3150 1446/3657/3151 1450/3632/3136
f 1446/3657/3151 1447/3649/3152 1450/3632/3136
f 1447/3649/3152 1448/3641/3153 1450/3632/3136
f 1448/3641/3153 1449/3633/3154 1450/3632/3136
f 1449/3633/3154 1430/3624/3134 1450/3632/3136
s 13
f 1512/3543/3155 1511/3542/3156 1513/3551/3157
f 1514/3552/3158 1512/3543/3155 1513/3551/3157
f 1515/3558/3159 1514/3552/3158 1513/3551/3157
f 1516/3565/3160 1515/3558/3159 1513/3551/3157
f 1517/3572/3161 1516/3565/3160 1513/3551/3157
f 1518/3578/3162 1517/3572/3161 1513/3551/3157
f 1519/3586/3163 1518/3578/3162 1513/3551/3157
f 1520/3593/3164 1519/3586/3163 1513/3551/3157
f 1521/3602/3165 1520/3593/3164 1513/3551/3157
f 1522/3608/3166 1521/3602/3165 1513/3551/3157
f 1523/3607/3167 1522/3608/3166 1513/3551/3157
f 1524/3601/3168 1523/3607/3167 1513/3551/3157
f 1525/3592/3169 1524/3601/3168 1513/3551/3157
f 1526/3585/3170 1525/3592/3169 1513/3551/3157
f 1527/3577/3171 1526/3585/3170 1513/3551/3157
f 1528/3571/3172 1527/3577/3171 1513/3551/3157
f 1529/3564/3173 1528/3571/3172 1513/3551/3157
f 1530/3557/3174 1529/3564/3173 1513/3551/3157
f 1531/3550/3175 1530/3557/3174 1513/3551/3157
f 1511/3542/3156 1531/3550/3175 1513/3551/3157
s 11
f 1452/3688/3176 1451/3682/3177 1442/3687/3178 1441/3690/3179
f 1453/3685/3180 1452/3688/3176 1441/3690/3179 1440/3689/3181
f 1454/3679/3182 1453/3685/3180 1440/3689/3181 1439/3686/3183
f 1455/3671/3184 1454/3679/3182 1439/3686/3183 1438/3680/3185
f 1456/3663/3186 1455/3671/3184 1438/3680/3185 1437/3672/3187
f 1457/3655/3188 1456/3663/3186 1437/3672/3187 1436/3664/3189
f 1458/3647/3190 1457/3655/3188 1436/3664/3189 1435/3656/3191
f 1459/3639/3192 1458/3647/3190 1435/3656/3191 1434/3648/3193
f 1460/3630/3194 1459/3639/3192 1434/3648/3193 1433/3640/3195
f 1461/3622/3196 1460/3630/3194 1433/3640/3195 1432/3631/3197
f 1462/3616/3198 1461/3622/3196 1432/3631/3197 1431/3623/3199
f 1463/3617/3200 1462/3616/3198 1431/3623/3199 1430/3624/3201
f 1464/3625/3202 1463/3617/3200 1430/3624/3201 1449/3633/3203
f 1465/3634/3204 1464/3625/3202 1449/3633/3203 1448/3641/3205
f 1466/3642/3206 1465/3634/3204 1448/3641/3205 1447/3649/3207
f 1467/3650/3208 1466/3642/3206 1447/3649/3207 1446/3657/3209
f 1468/3658/3210 1467/3650/3208 1446/3657/3209 1445/3665/3211
f 1469/3666/3212 1468/3658/3210 1445/3665/3211 1444/3673/3213
f 1470/3674/3214 1469/3666/3212 1444/3673/3213 1443/3681/3215
f 1451/3682/3177 1470/3674/3214 1443/3681/3215 1442/3687/3178
f 1472/3684/3117 1471/3676/3119 1451/3682/3177 1452/3688/3176
f 1473/3678/3115 1472/3684/3117 1452/3688/3176 1453/3685/3180
f 1474/3670/3113 1473/3678/3115 1453/3685/3180 1454/3679/3182
f 1475/3662/3111 1474/3670/3113 1454/3679/3182 1455/3671/3184
f 1476/3654/3109 1475/3662/3111 1455/3671/3184 1456/3663/3186
f 1477/3646/3107 1476/3654/3109 1456/3663/3186 1457/3655/3188
f 1478/3638/3105 1477/3646/3107 1457/3655/3188 1458/3647/3190
f 1479/3629/3103 1478/3638/3105 1458/3647/3190 1459/3639/3192
f 1480/3621/3101 1479/3629/3103 1459/3639/3192 1460/3630/3194
f 1481/3615/3099 1480/3621/3101 1460/3630/3194 1461/3622/3196
f 1482/3612/3096 1481/3615/3099 1461/3622/3196 1462/3616/3198
f 1483/3613/3097 1482/3612/3096 1462/3616/3198 1463/3617/3200
f 1484/3619/3133 1483/3613/3097 1463/3617/3200 1464/3625/3202
f 1485/3627/3131 1484/3619/3133 1464/3625/3202 1465/3634/3204
f 1486/3636/3129 1485/3627/3131 1465/3634/3204 1466/3642/3206
f 1487/3644/3127 1486/3636/3129 1466/3642/3206 1467/3650/3208
f 1488/3652/3125 1487/3644/3127 1467/3650/3208 1468/3658/3210
f 1489/3660/3123 1488/3652/3125 1468/3658/3210 1469/3666/3212
f 1490/3668/3121 1489/3660/3123 1469/3666/3212 1470/3674/3214
f 1471/3676/3119 1490/3668/3121 1470/3674/3214 1451/3682/3177
s 13
f 1391/3532/3216 1390/3531/3217 1491/3535/3218 1492/3536/3219
f 1392/3537/3220 1391/3532/3216 1492/3536/3219 1493/3544/3221
f 1393/3545/3222 1392/3537/3220 1493/3544/3221 1494/3553/3223
f 1394/3559/3224 1393/3545/3222 1494/3553/3223 1495/3560/3225
f 1395/3566/3226 1394/3559/3224 1495/3560/3225 1496/3567/3227
f 1396/3573/3228 1395/3566/3226 1496/3567/3227 1497/3574/3229
f 1397/3581/3230 1396/3573/3228 1497/3574/3229 1498/3582/3231
f 1398/3588/3232 1397/3581/3230 1498/3582/3231 1499/3589/3233
f 1399/3595/3234 1398/3588/3232 1499/3589/3233 1500/3596/3235
f 1400/3604/3236 1399/3595/3234 1500/3596/3235 1501/3605/3237
f 1401/3599/3238 1400/3604/3236 1501/3605/3237 1502/3600/3239
f 1402/3590/3240 1401/3599/3238 1502/3600/3239 1503/3591/3241
f 1403/3583/3242 1402/3590/3240 1503/3591/3241 1504/3584/3243
f 1404/3575/3244 1403/3583/3242 1504/3584/3243 1505/3576/3245
f 1405/3568/3246 1404/3575/3244 1505/3576/3245 1506/3570/3247
f 1406/3561/3248 1405/3568/3246 1506/3570/3247 1507/3563/3249
f 1407/3554/3250 1406/3561/3248 1507/3563/3249 1508/3556/3251
f 1408/3547/3252 1407/3554/3250 1508/3556/3251 1509/3549/3253
f 1409/3539/3254 1408/3547/3252 1509/3549/3253 1510/3541/3255
f 1390/3531/3217 1409/3539/3254 1510/3541/3255 1491/3535/3218
f 1492/3536/3219 1491/3535/3218 1511/3542/3156 1512/3543/3155
f 1493/3544/3221 1492/3536/3219 1512/3543/3155 1514/3552/3158
f 1494/3553/3223 1493/3544/3221 1514/3552/3158 1515/3558/3159
f 1495/3560/3225 1494/3553/3223 1515/3558/3159 1516/3565/3160
f 1496/3567/3227 1495/3560/3225 1516/3565/3160 1517/3572/3161
f 1497/3574/3229 1496/3567/3227 1517/3572/3161 1518/3578/3162
f 1498/3582/3231 1497/3574/3229 1518/3578/3162 1519/3586/3163
f 1499/3589/3233 1498/3582/3231 1519/3586/3163 1520/3593/3164
f 1500/3596/3235 1499/3589/3233 1520/3593/3164 1521/3602/3165
f 1501/3605/3237 1500/3596/3235 1521/3602/3165 1522/3608/3166
f 1502/3600/3239 1501/3605/3237 1522/3608/3166 1523/3607/3167
f 1503/3591/3241 1502/3600/3239 1523/3607/3167 1524/3601/3168
f 1504/3584/3243 1503/3591/3241 1524/3601/3168 1525/3592/3169
f 1505/3576/3245 1504/3584/3243 1525/3592/3169 1526/3585/3170
f 1506/3570/3247 1505/3576/3245 1526/3585/3170 1527/3577/3171
f 1507/3563/3249 1506/3570/3247 1527/3577/3171 1528/3571/3172
f 1508/3556/3251 1507/3563/3249 1528/3571/3172 1529/3564/3173
f 1509/3549/3253 1508/3556/3251 1529/3564/3173 1530/3557/3174
f 1510/3541/3255 1509/3549/3253 1530/3557/3174 1531/3550/3175
f 1491/3535/3218 1510/3541/3255 1531/3550/3175 1511/3542/3156
s 11
f 1533/2943/3079 1532/2944/3081 1423/2945/3120 1422/2946/3118
f 1534/2949/3077 1533/2943/3079 1422/2946/3118 1421/2950/3116
f 1535/4239/3075 1534/4240/3077 1421/4241/3116 1420/4242/3114
f 1536/4243/3073 1535/4239/3075 1420/4242/3114 1419/4244/3112
f 1537/4245/3071 1536/4243/3073 1419/4244/3112 1418/4246/3110
f 1538/4247/3069 1537/4245/3071 1418/4246/3110 1417/4248/3108
f 1539/2961/3067 1538/2964/3069 1417/2965/3108 1416/2962/3106
f 1540/2960/3065 1539/2961/3067 1416/2962/3106 1415/2963/3104
f 1541/2966/3063 1540/2960/3065 1415/2963/3104 1414/2967/3102
f 1542/2970/3061 1541/2966/3063 1414/2967/3102 1413/2971/3100
f 1543/2973/3059 1542/2970/3061 1413/2971/3100 1412/2974/3098
f 1544/2975/3056 1543/2973/3059 1412/2974/3098 1411/2976/3095
f 1545/4249/3057 1544/4250/3056 1411/4251/3095 1410/4252/3094
f 1546/4253/3093 1545/4249/3057 1410/4252/3094 1429/4254/3132
f 1547/4255/3091 1546/4253/3093 1429/4254/3132 1428/4256/3130
f 1548/4257/3089 1547/4255/3091 1428/4256/3130 1427/4258/3128
f 1549/2956/3087 1548/2958/3089 1427/2959/3128 1426/2957/3126
f 1550/2953/3085 1549/2956/3087 1426/2957/3126 1425/2954/3124
f 1551/2947/3083 1550/2953/3085 1425/2954/3124 1424/2948/3122
f 1532/2944/3081 1551/2947/3083 1424/2948/3122 1423/2945/3120
s 15
f 1552/4259/3256 1553/4260/3257 1908/4261/3258 1909/4262/3259
f 1553/2985/3257 1554/2977/3260 1907/2980/3261 1908/2986/3258
f 1554/2977/3260 1555/2978/3262 1906/2979/3263 1907/2980/3261
f 1555/2978/3262 1556/2981/3264 1905/2982/3265 1906/2979/3263
f 1556/2981/3264 1557/2987/3266 1904/2988/3267 1905/2982/3265
f 1557/2987/3266 1558/2993/3268 1903/2994/3269 1904/2988/3267
f 1558/2993/3268 1559/3000/3270 1902/3001/3271 1903/2994/3269
f 1559/4279/3270 1560/4280/3272 1921/4281/3273 1902/4282/3271
f 1560/4280/3272 1561/4283/3274 1920/4284/3275 1921/4281/3273
f 1561/4283/3274 1562/4287/3276 1919/4288/3277 1920/4284/3275
f 1562/4287/3276 1563/4292/3278 1918/4293/3279 1919/4288/3277
f 1563/3081/3278 1564/3073/3280 1917/3076/3281 1918/3082/3279
f 1564/3073/3280 1565/3074/3282 1916/3075/3283 1917/3076/3281
f 1565/3074/3282 1566/3077/3284 1915/3078/3285 1916/3075/3283
f 1566/3077/3284 1567/3083/3286 1914/3084/3287 1915/3078/3285
f 1567/3083/3286 1568/3089/3288 1913/3090/3289 1914/3084/3287
f 1568/3089/3288 1569/3096/3290 1912/3097/3291 1913/3090/3289
f 1569/4274/3290 1570/4270/3292 1911/4271/3293 1912/4275/3291
f 1570/4270/3292 1571/4265/3294 1910/4266/3295 1911/4271/3293
f 1571/4265/3294 1552/4259/3256 1909/4262/3259 1910/4266/3295
s 16
f 1553/3691/3296 1552/3692/3297 1592/3693/3298
f 1554/3695/3299 1553/3691/3296 1592/3693/3298
f 1555/3697/3300 1554/3695/3299 1592/3693/3298
f 1556/3699/3301 1555/3697/3300 1592/3693/3298
f 1557/3701/3302 1556/3699/3301 1592/3693/3298
f 1558/3703/3303 1557/3701/3302 1592/3693/3298
f 1559/3705/3304 1558/3703/3303 1592/3693/3298
f 1560/3707/3305 1559/3705/3304 1592/3693/3298
f 1561/3709/3306 1560/3707/3305 1592/3693/3298
f 1562/3711/3307 1561/3709/3306 1592/3693/3298
f 1563/3710/3308 1562/3711/3307 1592/3693/3298
f 1564/3708/3309 1563/3710/3308 1592/3693/3298
f 1565/3706/3310 1564/3708/3309 1592/3693/3298
f 1566/3704/3311 1565/3706/3310 1592/3693/3298
f 1567/3702/3312 1566/3704/3311 1592/3693/3298
f 1568/3700/3313 1567/3702/3312 1592/3693/3298
f 1569/3698/3314 1568/3700/3313 1592/3693/3298
f 1570/3696/3315 1569/3698/3314 1592/3693/3298
f 1571/3694/3316 1570/3696/3315 1592/3693/3298
f 1552/3692/3297 1571/3694/3316 1592/3693/3298
s 17
f 1653/3712/3317 1654/3713/3318 1655/3714/3319
f 1654/3713/3318 1656/3715/3320 1655/3714/3319
f 1656/3715/3320 1657/3717/3321 1655/3714/3319
f 1657/3717/3321 1658/3719/3322 1655/3714/3319
f 1658/3719/3322 1659/3721/3323 1655/3714/3319
f 1659/3721/3323 1660/3723/3324 1655/3714/3319
f 1660/3723/3324 1661/3725/3325 1655/3714/3319
f 1661/3725/3325 1662/3727/3326 1655/3714/3319
f 1662/3727/3326 1663/3729/3327 1655/3714/3319
f 1663/3729/3327 1664/3731/3328 1655/3714/3319
f 1664/3731/3328 1665/3732/3329 1655/3714/3319
f 1665/3732/3329 1666/3730/3330 1655/3714/3319
f 1666/3730/3330 1667/3728/3331 1655/3714/3319
f 1667/3728/3331 1668/3726/3332 1655/3714/3319
f 1668/3726/3332 1669/3724/3333 1655/3714/3319
f 1669/3724/3333 1670/3722/3334 1655/3714/3319
f 1670/3722/3334 1671/3720/3335 1655/3714/3319
f 1671/3720/3335 1672/3718/3336 1655/3714/3319
f 1672/3718/3336 1673/3716/3337 1655/3714/3319
f 1673/3716/3337 1653/3712/3317 1655/3714/3319
s 15
f 1572/4299/3338 1573/4300/3339 1897/4301/3340 1898/4302/3341
f 1573/3049/3339 1574/3041/3342 1896/3048/3343 1897/3056/3340
f 1574/3041/3342 1575/3033/3344 1895/3040/3345 1896/3048/3343
f 1575/3033/3344 1576/3032/3346 1894/3039/3347 1895/3040/3345
f 1576/3032/3346 1577/3038/3348 1893/3045/3349 1894/3039/3347
f 1577/3038/3348 1578/3044/3350 1892/3051/3351 1893/3045/3349
f 1578/3044/3350 1579/3050/3352 1891/3057/3353 1892/3051/3351
f 1579/4344/3352 1580/4345/3354 1890/4346/3355 1891/4347/3353
f 1580/4345/3354 1581/4350/3356 1889/4351/3357 1890/4346/3355
f 1581/4350/3356 1582/4357/3358 1888/4358/3359 1889/4351/3357
f 1582/4357/3358 1583/4366/3360 1887/4367/3361 1888/4358/3359
f 1583/3145/3360 1584/3137/3362 1886/3144/3363 1887/3152/3361
f 1584/3137/3362 1585/3129/3364 1885/3136/3365 1886/3144/3363
f 1585/3129/3364 1586/3128/3366 1884/3135/3367 1885/3136/3365
f 1586/3128/3366 1587/3134/3368 1883/3141/3369 1884/3135/3367
f 1587/3134/3368 1588/3140/3370 1882/3147/3371 1883/3141/3369
f 1588/3140/3370 1589/3146/3372 1901/3153/3373 1882/3147/3371
f 1589/4325/3372 1590/4315/3374 1900/4316/3375 1901/4326/3373
f 1590/4315/3374 1591/4307/3376 1899/4308/3377 1900/4316/3375
f 1591/4307/3376 1572/4299/3338 1898/4302/3341 1899/4308/3377
f 1593/4306/3378 1594/4305/3379 1877/4312/3380 1878/4313/3381
f 1594/3063/3379 1595/3055/3382 1876/3062/3383 1877/3068/3380
f 1595/3055/3382 1596/3047/3384 1875/3054/3385 1876/3062/3383
f 1596/3047/3384 1597/3046/3386 1874/3053/3387 1875/3054/3385
f 1597/3046/3386 1598/3052/3388 1873/3059/3389 1874/3053/3387
f 1598/3052/3388 1599/3058/3390 1872/3065/3391 1873/3059/3389
f 1599/3058/3390 1600/3064/3392 1871/3069/3393 1872/3065/3391
f 1600/4353/3392 1601/4352/3394 1870/4360/3395 1871/4361/3393
f 1601/4352/3394 1602/4359/3396 1869/4368/3397 1870/4360/3395
f 1602/4359/3396 1603/4377/3398 1868/4378/3399 1869/4368/3397
f 1603/4377/3398 1604/4376/3400 1867/4383/3401 1868/4378/3399
f 1604/3159/3400 1605/3151/3402 1866/3158/3403 1867/3164/3401
f 1605/3151/3402 1606/3143/3404 1865/3150/3405 1866/3158/3403
f 1606/3143/3404 1607/3142/3406 1864/3149/3407 1865/3150/3405
f 1607/3142/3406 1608/3148/3408 1863/3155/3409 1864/3149/3407
f 1608/3148/3408 1609/3154/3410 1862/3161/3411 1863/3155/3409
f 1609/3154/3410 1610/3160/3412 1881/3165/3413 1862/3161/3411
f 1610/4334/3412 1611/4324/3414 1880/4333/3415 1881/4339/3413
f 1611/4324/3414 1612/4314/3416 1879/4323/3417 1880/4333/3415
f 1612/4314/3416 1593/4306/3378 1878/4313/3381 1879/4323/3417
s 19
f 1613/3733/3418 1614/3734/3419 1634/3735/3420 1633/3736/3421
f 1614/3734/3419 1615/3737/3422 1635/3738/3423 1634/3735/3420
f 1615/3737/3422 1616/3741/3424 1636/3742/3425 1635/3738/3423
s 20
f 1698/3797/3426 1699/3798/3427 1700/3799/3428 1701/3800/3429
f 1699/3798/3427 1702/3801/3430 1703/3802/3431 1700/3799/3428
s 19
f 1618/3757/3432 1619/3765/3433 1639/3766/3434 1638/3759/3435
f 1619/3765/3433 1620/3769/3436 1640/3770/3437 1639/3766/3434
f 1620/3769/3436 1621/3773/3438 1641/3774/3439 1640/3770/3437
s 22
f 1704/3803/3440 1705/3804/3441 1706/3805/3442 1707/3806/3443
f 1705/3804/3441 1708/3807/3444 1709/3808/3445 1706/3805/3442
s 19
f 1623/3789/3446 1624/3795/3447 1644/3796/3448 1643/3791/3449
f 1624/3795/3447 1625/3793/3450 1645/3794/3451 1644/3796/3448
f 1625/3793/3450 1626/3783/3452 1646/3781/3453 1645/3794/3451
s 24
f 1710/3809/3454 1711/3810/3455 1712/3811/3456 1713/3812/3457
f 1711/3810/3455 1714/3813/3458 1715/3814/3459 1712/3811/3456
s 19
f 1628/3767/3460 1629/3763/3461 1649/3764/3462 1648/3768/3463
f 1629/3763/3461 1630/3761/3464 1650/3762/3465 1649/3764/3462
f 1630/3761/3464 1631/3751/3466 1651/3749/3467 1650/3762/3465
s 26
f 1716/3815/3468 1717/3816/3469 1718/3817/3470 1719/3818/3471
f 1717/3816/3469 1720/3819/3472 1721/3820/3473 1718/3817/3470
s 27
f 1633/4389/3474 1634/4390/3475 1654/4391/3476 1653/4392/3477
f 1634/3175/3475 1635/3169/3478 1656/3172/3479 1654/3176/3476
f 1635/3169/3478 1636/3170/3480 1657/3171/3481 1656/3172/3479
f 1636/3170/3480 1637/3173/3482 1658/3174/3483 1657/3171/3481
f 1637/3173/3482 1638/3177/3484 1659/3178/3485 1658/3174/3483
f 1638/3177/3484 1639/3179/3486 1660/3180/3487 1659/3178/3485
f 1639/3179/3486 1640/3181/3488 1661/3182/3489 1660/3180/3487
f 1640/4399/3488 1641/4400/3490 1662/4401/3491 1661/4402/3489
f 1641/4400/3490 1642/4403/3492 1663/4404/3493 1662/4401/3491
f 1642/4403/3492 1643/4405/3494 1664/4406/3495 1663/4404/3493
f 1643/4405/3494 1644/4407/3496 1665/4408/3497 1664/4406/3495
f 1644/3189/3496 1645/3183/3498 1666/3186/3499 1665/3190/3497
f 1645/3183/3498 1646/3184/3500 1667/3185/3501 1666/3186/3499
f 1646/3184/3500 1647/3187/3502 1668/3188/3503 1667/3185/3501
f 1647/3187/3502 1648/3191/3504 1669/3192/3505 1668/3188/3503
f 1648/3191/3504 1649/3193/3506 1670/3194/3507 1669/3192/3505
f 1649/3193/3506 1650/3195/3508 1671/3196/3509 1670/3194/3507
f 1650/4397/3508 1651/4395/3510 1672/4396/3511 1671/4398/3509
f 1651/4395/3510 1652/4393/3512 1673/4394/3513 1672/4396/3511
f 1652/4393/3512 1633/4389/3474 1653/4392/3477 1673/4394/3513
s 19
f 1616/3741/3424 1617/3753/3514 1675/3754/3515 1674/3747/3516
f 1637/3755/3517 1636/3742/3425 1677/3748/3518 1676/3756/3519
f 1636/3742/3425 1616/3741/3424 1674/3747/3516 1677/3748/3518
f 1617/3753/3514 1618/3757/3432 1678/3758/3520 1675/3754/3515
f 1618/3757/3432 1638/3759/3435 1679/3760/3521 1678/3758/3520
f 1638/3759/3435 1637/3755/3517 1676/3756/3519 1679/3760/3521
f 1621/3773/3438 1622/3785/3522 1681/3786/3523 1680/3779/3524
f 1642/3787/3525 1641/3774/3439 1683/3780/3526 1682/3788/3527
f 1641/3774/3439 1621/3773/3438 1680/3779/3524 1683/3780/3526
f 1622/3785/3522 1623/3789/3446 1684/3790/3528 1681/3786/3523
f 1623/3789/3446 1643/3791/3449 1685/3792/3529 1684/3790/3528
f 1643/3791/3449 1642/3787/3525 1682/3788/3527 1685/3792/3529
f 1626/3783/3452 1627/3777/3530 1687/3778/3531 1686/3784/3532
f 1647/3775/3533 1646/3781/3453 1689/3782/3534 1688/3776/3535
f 1646/3781/3453 1626/3783/3452 1686/3784/3532 1689/3782/3534
f 1627/3777/3530 1628/3767/3460 1690/3772/3536 1687/3778/3531
f 1628/3767/3460 1648/3768/3463 1691/3771/3537 1690/3772/3536
f 1648/3768/3463 1647/3775/3533 1688/3776/3535 1691/3771/3537
f 1631/3751/3466 1632/3745/3538 1693/3746/3539 1692/3752/3540
f 1652/3743/3541 1651/3749/3467 1695/3750/3542 1694/3744/3543
f 1651/3749/3467 1631/3751/3466 1692/3752/3540 1695/3750/3542
f 1632/3745/3538 1613/3733/3418 1696/3740/3544 1693/3746/3539
f 1613/3733/3418 1633/3736/3421 1697/3739/3545 1696/3740/3544
f 1633/3736/3421 1652/3743/3541 1694/3744/3543 1697/3739/3545
s off
f 1674/3197/3546 1675/3198/3547 1699/3199/3548 1698/3200/3549
s 32
f 1676/3203/3550 1677/3204/3551 1701/3205/3552 1700/3206/3553
s off
f 1677/4409/3554 1674/4410/3555 1698/4411/3556 1701/4412/3557
f 1675/3198/3558 1678/3201/3559 1702/3202/3560 1699/3199/3561
f 1678/4413/3562 1679/4414/3563 1703/4415/3564 1702/4416/3565
s 32
f 1679/3207/3566 1676/3203/3550 1700/3206/3553 1703/3208/3567
s off
f 1680/4417/3568 1681/4418/3569 1705/4419/3570 1704/4420/3571
f 1682/4423/3572 1683/4424/3573 1707/4425/3574 1706/4426/3575
f 1683/3209/3576 1680/3210/3577 1704/3211/3578 1707/3212/3579
f 1681/4418/3580 1684/4421/3581 1708/4422/3582 1705/4419/3583
f 1684/3213/3584 1685/3214/3585 1709/3215/3586 1708/3216/3587
f 1685/4427/3588 1682/4423/3589 1706/4426/3590 1709/4428/3591
f 1686/3217/3592 1687/3218/3593 1711/3219/3594 1710/3220/3595
s 33
f 1688/3223/3596 1689/3224/3597 1713/3225/3598 1712/3226/3599
s off
f 1689/4429/3600 1686/4430/3601 1710/4431/3602 1713/4432/3603
f 1687/3218/3604 1690/3221/3605 1714/3222/3606 1711/3219/3607
f 1690/4433/3608 1691/4434/3609 1715/4435/3610 1714/4436/3611
s 33
f 1691/3227/3612 1688/3223/3596 1712/3226/3599 1715/3228/3613
s off
f 1692/4437/3614 1693/4438/3615 1717/4439/3616 1716/4440/3617
f 1694/4443/3618 1695/4444/3619 1719/4445/3620 1718/4446/3621
f 1695/3229/3622 1692/3230/3623 1716/3231/3624 1719/3232/3625
f 1693/4438/3626 1696/4441/3627 1720/4442/3628 1717/4439/3629
f 1696/3233/3630 1697/3234/3631 1721/3235/3632 1720/3236/3633
f 1697/4447/3634 1694/4443/3635 1718/4446/3636 1721/4448/3637
s 15
f 1723/3009/3638 1722/3008/3639 1792/3013/3640 1793/3014/3641
f 1724/3018/3642 1723/3009/3638 1793/3014/3641 1794/3019/3643
f 1725/3026/3644 1724/3018/3642 1794/3019/3643 1795/3027/3645
f 1726/4327/3646 1725/4328/3644 1795/4318/3645 1796/4317/3647
f 1727/4335/3648 1726/4327/3646 1796/4317/3647 1797/4329/3649
f 1728/4340/3650 1727/4335/3648 1797/4329/3649 1798/4336/3651
f 1729/4343/3652 1728/4340/3650 1798/4336/3651 1799/4341/3653
f 1730/3116/3654 1729/3124/3652 1799/3125/3653 1800/3117/3655
f 1731/3108/3656 1730/3116/3654 1800/3117/3655 1801/3111/3657
f 1732/3104/3658 1731/3108/3656 1801/3111/3657 1782/3109/3659
f 1733/3105/3660 1732/3104/3658 1782/3109/3659 1783/3110/3661
f 1734/3114/3662 1733/3105/3660 1783/3110/3661 1784/3115/3663
f 1735/3122/3664 1734/3114/3662 1784/3115/3663 1785/3123/3665
f 1736/4385/3666 1735/4388/3664 1785/4386/3665 1786/4381/3667
f 1737/4380/3668 1736/4385/3666 1786/4381/3667 1787/4373/3669
f 1738/4372/3670 1737/4380/3668 1787/4373/3669 1788/4363/3671
f 1739/4371/3672 1738/4372/3670 1788/4363/3671 1789/4362/3673
f 1740/3020/3674 1739/3028/3672 1789/3029/3673 1790/3021/3675
f 1741/3012/3676 1740/3020/3674 1790/3021/3675 1791/3015/3677
f 1722/3008/3639 1741/3012/3676 1791/3015/3677 1792/3013/3640
f 1743/3093/3678 1742/3100/3679 1732/3104/3658 1733/3105/3660
f 1744/3821/3680 1743/3822/3678 1733/3823/3660 1734/3824/3662
f 1745/3825/3681 1744/3821/3680 1734/3824/3662 1735/3826/3664
f 1746/3827/3682 1745/3825/3681 1735/3826/3664 1736/3828/3666
f 1747/3829/3683 1746/3827/3682 1736/3828/3666 1737/3830/3668
f 1748/3831/3684 1747/3829/3683 1737/3830/3668 1738/3832/3670
f 1749/3833/3685 1748/3831/3684 1738/3832/3670 1739/3834/3672
f 1750/3835/3686 1749/3833/3685 1739/3834/3672 1740/3836/3674
f 1751/3837/3687 1750/3835/3686 1740/3836/3674 1741/3838/3676
f 1752/3004/3688 1751/3007/3687 1741/3012/3676 1722/3008/3639
f 1753/2997/3689 1752/3004/3688 1722/3008/3639 1723/3009/3638
f 1754/3839/3690 1753/3840/3689 1723/3841/3638 1724/3842/3642
f 1755/3843/3691 1754/3839/3690 1724/3842/3642 1725/3844/3644
f 1756/3845/3692 1755/3843/3691 1725/3844/3644 1726/3846/3646
f 1757/3847/3693 1756/3845/3692 1726/3846/3646 1727/3848/3648
f 1758/3849/3694 1757/3847/3693 1727/3848/3648 1728/3850/3650
f 1759/3851/3695 1758/3849/3694 1728/3850/3650 1729/3852/3652
f 1760/3853/3696 1759/3851/3695 1729/3852/3652 1730/3854/3654
f 1761/3855/3697 1760/3853/3696 1730/3854/3654 1731/3856/3656
f 1742/3100/3679 1761/3103/3697 1731/3108/3656 1732/3104/3658
f 1763/3857/3698 1762/3858/3699 1744/3859/3680 1745/3860/3681
f 1764/3861/3700 1763/3857/3698 1745/3860/3681 1746/3862/3682
f 1765/3863/3701 1764/3861/3700 1746/3862/3682 1747/3864/3683
f 1766/3865/3702 1765/3863/3701 1747/3864/3683 1748/3866/3684
f 1767/3867/3703 1766/3865/3702 1748/3866/3684 1749/3868/3685
f 1768/3869/3704 1767/3867/3703 1749/3868/3685 1750/3870/3686
f 1769/3003/3705 1768/3006/3704 1750/3011/3686 1751/3007/3687
f 1770/2996/3706 1769/3003/3705 1751/3007/3687 1752/3004/3688
f 1771/2990/3707 1770/2996/3706 1752/3004/3688 1753/2997/3689
f 1772/2991/3708 1771/2990/3707 1753/2997/3689 1754/2998/3690
f 1773/3871/3709 1772/3872/3708 1754/3873/3690 1755/3874/3691
f 1774/3875/3710 1773/3871/3709 1755/3874/3691 1756/3876/3692
f 1775/3877/3711 1774/3875/3710 1756/3876/3692 1757/3878/3693
f 1776/3879/3712 1775/3877/3711 1757/3878/3693 1758/3880/3694
f 1777/3881/3713 1776/3879/3712 1758/3880/3694 1759/3882/3695
f 1778/3883/3714 1777/3881/3713 1759/3882/3695 1760/3884/3696
f 1779/3099/3715 1778/3102/3714 1760/3107/3696 1761/3103/3697
f 1780/3092/3716 1779/3099/3715 1761/3103/3697 1742/3100/3679
f 1781/3086/3717 1780/3092/3716 1742/3100/3679 1743/3093/3678
f 1762/3087/3699 1781/3086/3717 1743/3093/3678 1744/3094/3680
f 1783/3110/3661 1782/3109/3659 1834/3112/3718 1835/3113/3719
f 1784/3115/3663 1783/3110/3661 1835/3113/3719 1836/3121/3720
f 1785/3123/3665 1784/3115/3663 1836/3121/3720 1837/3131/3721
f 1786/4381/3667 1785/4386/3665 1837/4382/3721 1838/4374/3722
f 1787/4373/3669 1786/4381/3667 1838/4374/3722 1839/4364/3723
f 1788/4363/3671 1787/4373/3669 1839/4364/3723 1840/4355/3724
f 1789/4362/3673 1788/4363/3671 1840/4355/3724 1841/4354/3725
f 1790/3021/3675 1789/3029/3673 1841/3036/3725 1822/3030/3726
f 1791/3015/3677 1790/3021/3675 1822/3030/3726 1823/3022/3727
f 1792/3013/3640 1791/3015/3677 1823/3022/3727 1824/3016/3728
f 1793/3014/3641 1792/3013/3640 1824/3016/3728 1825/3017/3729
f 1794/3019/3643 1793/3014/3641 1825/3017/3729 1826/3025/3730
f 1795/3027/3645 1794/3019/3643 1826/3025/3730 1827/3035/3731
f 1796/4317/3647 1795/4318/3645 1827/4310/3731 1828/4309/3732
f 1797/4329/3649 1796/4317/3647 1828/4309/3732 1829/4319/3733
f 1798/4336/3651 1797/4329/3649 1829/4319/3733 1830/4330/3734
f 1799/4341/3653 1798/4336/3651 1830/4330/3734 1831/4337/3735
f 1800/3117/3655 1799/3125/3653 1831/3132/3735 1832/3126/3736
f 1801/3111/3657 1800/3117/3655 1832/3126/3736 1833/3118/3737
f 1782/3109/3659 1801/3111/3657 1833/3118/3737 1834/3112/3718
f 1803/3079/3738 1802/3085/3739 1780/3092/3716 1781/3086/3717
f 1804/3080/3740 1803/3079/3738 1781/3086/3717 1762/3087/3699
f 1805/3088/3741 1804/3080/3740 1762/3087/3699 1763/3095/3698
f 1806/4294/3742 1805/4296/3741 1763/4298/3698 1764/4297/3700
f 1807/4289/3743 1806/4294/3742 1764/4297/3700 1765/4295/3701
f 1808/4285/3744 1807/4289/3743 1765/4295/3701 1766/4290/3702
f 1809/4286/3745 1808/4285/3744 1766/4290/3702 1767/4291/3703
f 1810/3002/3746 1809/3005/3745 1767/3010/3703 1768/3006/3704
f 1811/2995/3747 1810/3002/3746 1768/3006/3704 1769/3003/3705
f 1812/2989/3748 1811/2995/3747 1769/3003/3705 1770/2996/3706
f 1813/2983/3749 1812/2989/3748 1770/2996/3706 1771/2990/3707
f 1814/2984/3750 1813/2983/3749 1771/2990/3707 1772/2991/3708
f 1815/2992/3751 1814/2984/3750 1772/2991/3708 1773/2999/3709
f 1816/4264/3752 1815/4263/3751 1773/4267/3709 1774/4268/3710
f 1817/4269/3753 1816/4264/3752 1774/4268/3710 1775/4272/3711
f 1818/4273/3754 1817/4269/3753 1775/4272/3711 1776/4276/3712
f 1819/4277/3755 1818/4273/3754 1776/4276/3712 1777/4278/3713
f 1820/3098/3756 1819/3101/3755 1777/3106/3713 1778/3102/3714
f 1821/3091/3757 1820/3098/3756 1778/3102/3714 1779/3099/3715
f 1802/3085/3739 1821/3091/3757 1779/3099/3715 1780/3092/3716
f 1823/3022/3727 1822/3030/3726 1852/3037/3758 1853/3031/3759
f 1824/3016/3728 1823/3022/3727 1853/3031/3759 1854/3023/3760
f 1825/3017/3729 1824/3016/3728 1854/3023/3760 1855/3024/3761
f 1826/3025/3730 1825/3017/3729 1855/3024/3761 1856/3034/3762
f 1827/3035/3731 1826/3025/3730 1856/3034/3762 1857/3042/3763
f 1828/4309/3732 1827/4310/3731 1857/4304/3763 1858/4303/3764
f 1829/4319/3733 1828/4309/3732 1858/4303/3764 1859/4311/3765
f 1830/4330/3734 1829/4319/3733 1859/4311/3765 1860/4320/3766
f 1831/4337/3735 1830/4330/3734 1860/4320/3766 1861/4331/3767
f 1832/3126/3736 1831/3132/3735 1861/3139/3767 1842/3133/3768
f 1833/3118/3737 1832/3126/3736 1842/3133/3768 1843/3127/3769
f 1834/3112/3718 1833/3118/3737 1843/3127/3769 1844/3119/3770
f 1835/3113/3719 1834/3112/3718 1844/3119/3770 1845/3120/3771
f 1836/3121/3720 1835/3113/3719 1845/3120/3771 1846/3130/3772
f 1837/3131/3721 1836/3121/3720 1846/3130/3772 1847/3138/3773
f 1838/4374/3722 1837/4382/3721 1847/4375/3773 1848/4365/3774
f 1839/4364/3723 1838/4374/3722 1848/4365/3774 1849/4356/3775
f 1840/4355/3724 1839/4364/3723 1849/4356/3775 1850/4349/3776
f 1841/4354/3725 1840/4355/3724 1850/4349/3776 1851/4348/3777
f 1822/3030/3726 1841/3036/3725 1851/3043/3777 1852/3037/3758
f 1843/3127/3769 1842/3133/3768 1588/3140/3370 1587/3134/3368
f 1844/3119/3770 1843/3127/3769 1587/3134/3368 1586/3128/3366
f 1845/3120/3771 1844/3119/3770 1586/3128/3366 1585/3129/3364
f 1846/3130/3772 1845/3120/3771 1585/3129/3364 1584/3137/3362
f 1847/3138/3773 1846/3130/3772 1584/3137/3362 1583/3145/3360
f 1848/4365/3774 1847/4375/3773 1583/4366/3360 1582/4357/3358
f 1849/4356/3775 1848/4365/3774 1582/4357/3358 1581/4350/3356
f 1850/4349/3776 1849/4356/3775 1581/4350/3356 1580/4345/3354
f 1851/4348/3777 1850/4349/3776 1580/4345/3354 1579/4344/3352
f 1852/3037/3758 1851/3043/3777 1579/3050/3352 1578/3044/3350
f 1853/3031/3759 1852/3037/3758 1578/3044/3350 1577/3038/3348
f 1854/3023/3760 1853/3031/3759 1577/3038/3348 1576/3032/3346
f 1855/3024/3761 1854/3023/3760 1576/3032/3346 1575/3033/3344
f 1856/3034/3762 1855/3024/3761 1575/3033/3344 1574/3041/3342
f 1857/3042/3763 1856/3034/3762 1574/3041/3342 1573/3049/3339
f 1858/4303/3764 1857/4304/3763 1573/4300/3339 1572/4299/3338
f 1859/4311/3765 1858/4303/3764 1572/4299/3338 1591/4307/3376
f 1860/4320/3766 1859/4311/3765 1591/4307/3376 1590/4315/3374
f 1861/4331/3767 1860/4320/3766 1590/4315/3374 1589/4325/3372
f 1842/3133/3768 1861/3139/3767 1589/3146/3372 1588/3140/3370
f 1863/3155/3409 1862/3161/3411 1629/3166/3778 1628/3162/3779
f 1864/3149/3407 1863/3155/3409 1628/3162/3779 1627/3156/3780
f 1865/3150/3405 1864/3149/3407 1627/3156/3780 1626/3157/3781
f 1866/3158/3403 1865/3150/3405 1626/3157/3781 1625/3163/3782
f 1867/3164/3401 1866/3158/3403 1625/3163/3782 1624/3167/3783
f 1868/4378/3399 1867/4383/3401 1624/4387/3783 1623/4384/3784
f 1869/4368/3397 1868/4378/3399 1623/4384/3784 1622/4379/3785
f 1870/4360/3395 1869/4368/3397 1622/4379/3785 1621/4369/3786
f 1871/4361/3393 1870/4360/3395 1621/4369/3786 1620/4370/3787
f 1872/3065/3391 1871/3069/3393 1620/3072/3787 1619/3070/3788
f 1873/3059/3389 1872/3065/3391 1619/3070/3788 1618/3066/3789
f 1874/3053/3387 1873/3059/3389 1618/3066/3789 1617/3060/3790
f 1875/3054/3385 1874/3053/3387 1617/3060/3790 1616/3061/3791
f 1876/3062/3383 1875/3054/3385 1616/3061/3791 1615/3067/3792
f 1877/3068/3380 1876/3062/3383 1615/3067/3792 1614/3071/3793
f 1878/4313/3381 1877/4312/3380 1614/4321/3793 1613/4322/3794
f 1879/4323/3417 1878/4313/3381 1613/4322/3794 1632/4332/3795
f 1880/4333/3415 1879/4323/3417 1632/4332/3795 1631/4338/3796
f 1881/4339/3413 1880/4333/3415 1631/4338/3796 1630/4342/3797
f 1862/3161/3411 1881/3165/3413 1630/3168/3797 1629/3166/3778
f 1883/3141/3369 1882/3147/3371 1609/3154/3410 1608/3148/3408
f 1884/3135/3367 1883/3141/3369 1608/3148/3408 1607/3142/3406
f 1885/3136/3365 1884/3135/3367 1607/3142/3406 1606/3143/3404
f 1886/3144/3363 1885/3136/3365 1606/3143/3404 1605/3151/3402
f 1887/3152/3361 1886/3144/3363 1605/3151/3402 1604/3159/3400
f 1888/4358/3359 1887/4367/3361 1604/4376/3400 1603/4377/3398
f 1889/4449/3357 1888/4450/3359 1603/4451/3398 1602/4452/3396
f 1890/4346/3355 1889/4351/3357 1602/4359/3396 1601/4352/3394
f 1891/4347/3353 1890/4346/3355 1601/4352/3394 1600/4353/3392
f 1892/3051/3351 1891/3057/3353 1600/3064/3392 1599/3058/3390
f 1893/3045/3349 1892/3051/3351 1599/3058/3390 1598/3052/3388
f 1894/3039/3347 1893/3045/3349 1598/3052/3388 1597/3046/3386
f 1895/3040/3345 1894/3039/3347 1597/3046/3386 1596/3047/3384
f 1896/3048/3343 1895/3040/3345 1596/3047/3384 1595/3055/3382
f 1897/3056/3340 1896/3048/3343 1595/3055/3382 1594/3063/3379
f 1898/4302/3341 1897/4301/3340 1594/4305/3379 1593/4306/3378
f 1899/4308/3377 1898/4302/3341 1593/4306/3378 1612/4314/3416
f 1900/4316/3375 1899/4308/3377 1612/4314/3416 1611/4324/3414
f 1901/4326/3373 1900/4316/3375 1611/4324/3414 1610/4334/3412
f 1882/3147/3371 1901/3153/3373 1610/3160/3412 1609/3154/3410
f 1903/2994/3269 1902/3001/3271 1809/3005/3745 1810/3002/3746
f 1904/2988/3267 1903/2994/3269 1810/3002/3746 1811/2995/3747
f 1905/2982/3265 1904/2988/3267 1811/2995/3747 1812/2989/3748
f 1906/2979/3263 1905/2982/3265 1812/2989/3748 1813/2983/3749
f 1907/2980/3261 1906/2979/3263 1813/2983/3749 1814/2984/3750
f 1908/2986/3258 1907/2980/3261 1814/2984/3750 1815/2992/3751
f 1909/4262/3259 1908/4261/3258 1815/4263/3751 1816/4264/3752
f 1910/4266/3295 1909/4262/3259 1816/4264/3752 1817/4269/3753
f 1911/4271/3293 1910/4266/3295 1817/4269/3753 1818/4273/3754
f 1912/4275/3291 1911/4271/3293 1818/4273/3754 1819/4277/3755
f 1913/3090/3289 1912/3097/3291 1819/3101/3755 1820/3098/3756
f 1914/3084/3287 1913/3090/3289 1820/3098/3756 1821/3091/3757
f 1915/3078/3285 1914/3084/3287 1821/3091/3757 1802/3085/3739
f 1916/3075/3283 1915/3078/3285 1802/3085/3739 1803/3079/3738
f 1917/3076/3281 1916/3075/3283 1803/3079/3738 1804/3080/3740
f 1918/3082/3279 1917/3076/3281 1804/3080/3740 1805/3088/3741
f 1919/4288/3277 1918/4293/3279 1805/4296/3741 1806/4294/3742
f 1920/4284/3275 1919/4288/3277 1806/4294/3742 1807/4289/3743
f 1921/4281/3273 1920/4284/3275 1807/4289/3743 1808/4285/3744
f 1902/4282/3271 1921/4281/3273 1808/4285/3744 1809/4286/3745
s 35
f 1922/3885/3798 1923/3886/3799 2076/3887/3800 2077/3888/3801
f 1923/3886/3799 1924/3891/3802 2075/3892/3803 2076/3887/3800
f 1924/3891/3802 1925/3899/3804 2074/3900/3805 2075/3892/3803
f 1925/3266/3804 1926/3262/3806 2073/3260/3807 2074/3264/3805
f 1926/3262/3806 1927/3263/3808 2072/3254/3809 2073/3260/3807
f 1927/3920/3808 1928/3927/3810 2071/3933/3811 2072/3934/3809
f 1928/3927/3810 1929/3935/3812 2070/3941/3813 2071/3933/3811
f 1929/3935/3812 1930/3942/3814 2069/3948/3815 2070/3941/3813
f 1930/3942/3814 1931/3949/3816 2068/3957/3817 2069/3948/3815
f 1931/3949/3816 1932/3958/3818 2067/3963/3819 2068/3957/3817
f 1932/3958/3818 1933/3953/3820 2066/3960/3821 2067/3963/3819
f 1933/3953/3820 1934/3944/3822 2065/3952/3823 2066/3960/3821
f 1934/3944/3822 1935/3937/3824 2064/3951/3825 2065/3952/3823
f 1935/3245/3824 1936/3246/3826 2083/3241/3827 2064/3238/3825
f 1936/3246/3826 1937/3249/3828 2082/3247/3829 2083/3241/3827
f 1937/3922/3828 1938/3915/3830 2081/3916/3831 2082/3923/3829
f 1938/3915/3830 1939/3908/3832 2080/3909/3833 2081/3916/3831
f 1939/3908/3832 1940/3901/3834 2079/3902/3835 2080/3909/3833
f 1940/3901/3834 1941/3893/3836 2078/3894/3837 2079/3902/3835
f 1941/3893/3836 1922/3885/3798 2077/3888/3801 2078/3894/3837
f 1942/3964/3838 1943/3965/3839 2014/3966/3840 2015/3967/3841
f 1943/3965/3839 1944/3968/3842 2013/3969/3843 2014/3966/3840
f 1944/3968/3842 1945/3974/3844 2012/3975/3845 2013/3969/3843
f 1945/3974/3844 1946/3982/3846 2011/3983/3847 2012/3975/3845
f 1946/3982/3846 1947/3991/3848 2010/3992/3849 2011/3983/3847
f 1947/3991/3848 1948/3999/3850 2009/4000/3851 2010/3992/3849
f 1948/3999/3850 1949/4007/3852 2008/4008/3853 2009/4000/3851
f 1949/4007/3852 1950/4015/3854 2007/4016/3855 2008/4008/3853
f 1950/4015/3854 1951/4023/3856 2006/4024/3857 2007/4016/3855
f 1951/4023/3856 1952/4031/3858 2005/4032/3859 2006/4024/3857
f 1952/4031/3858 1953/4037/3860 2004/4038/3861 2005/4032/3859
f 1953/4037/3860 1954/4029/3862 2003/4030/3863 2004/4038/3861
f 1954/4029/3862 1955/4021/3864 2022/4022/3865 2003/4030/3863
f 1955/4021/3864 1956/4013/3866 2021/4014/3867 2022/4022/3865
f 1956/4013/3866 1957/4005/3868 2020/4006/3869 2021/4014/3867
f 1957/4005/3868 1958/3997/3870 2019/3998/3871 2020/4006/3869
f 1958/3997/3870 1959/3989/3872 2018/3990/3873 2019/3998/3871
f 1959/3989/3872 1960/3980/3874 2017/3981/3875 2018/3990/3873
f 1960/3980/3874 1961/3972/3876 2016/3973/3877 2017/3981/3875
f 1961/3972/3876 1942/3964/3838 2015/3967/3841 2016/3973/3877
s 36
f 1962/3978/3878 1963/3977/3879 1982/3986/3880
f 1963/3977/3879 1964/3985/3881 1982/3986/3880
f 1964/3985/3881 1965/3994/3882 1982/3986/3880
f 1965/3994/3882 1966/4002/3883 1982/3986/3880
f 1966/4002/3883 1967/4010/3884 1982/3986/3880
f 1967/4010/3884 1968/4018/3885 1982/3986/3880
f 1968/4018/3885 1969/4026/3886 1982/3986/3880
f 1969/4026/3886 1970/4034/3887 1982/3986/3880
f 1970/4034/3887 1971/4040/3888 1982/3986/3880
f 1971/4040/3888 1972/4043/3889 1982/3986/3880
f 1972/4043/3889 1973/4044/3890 1982/3986/3880
f 1973/4044/3890 1974/4041/3891 1982/3986/3880
f 1974/4041/3891 1975/4035/3892 1982/3986/3880
f 1975/4035/3892 1976/4027/3893 1982/3986/3880
f 1976/4027/3893 1977/4019/3894 1982/3986/3880
f 1977/4019/3894 1978/4011/3895 1982/3986/3880
f 1978/4011/3895 1979/4003/3896 1982/3986/3880
f 1979/4003/3896 1980/3995/3897 1982/3986/3880
f 1980/3995/3897 1981/3987/3898 1982/3986/3880
f 1981/3987/3898 1962/3978/3878 1982/3986/3880
s 37
f 2044/3897/3899 2043/3896/3900 2045/3905/3901
f 2046/3906/3902 2044/3897/3899 2045/3905/3901
f 2047/3912/3903 2046/3906/3902 2045/3905/3901
f 2048/3919/3904 2047/3912/3903 2045/3905/3901
f 2049/3926/3905 2048/3919/3904 2045/3905/3901
f 2050/3932/3906 2049/3926/3905 2045/3905/3901
f 2051/3940/3907 2050/3932/3906 2045/3905/3901
f 2052/3947/3908 2051/3940/3907 2045/3905/3901
f 2053/3956/3909 2052/3947/3908 2045/3905/3901
f 2054/3962/3910 2053/3956/3909 2045/3905/3901
f 2055/3961/3911 2054/3962/3910 2045/3905/3901
f 2056/3955/3912 2055/3961/3911 2045/3905/3901
f 2057/3946/3913 2056/3955/3912 2045/3905/3901
f 2058/3939/3914 2057/3946/3913 2045/3905/3901
f 2059/3931/3915 2058/3939/3914 2045/3905/3901
f 2060/3925/3916 2059/3931/3915 2045/3905/3901
f 2061/3918/3917 2060/3925/3916 2045/3905/3901
f 2062/3911/3918 2061/3918/3917 2045/3905/3901
f 2063/3904/3919 2062/3911/3918 2045/3905/3901
f 2043/3896/3900 2063/3904/3919 2045/3905/3901
s 35
f 1984/4042/3920 1983/4036/3921 1974/4041/3922 1973/4044/3923
f 1985/4039/3924 1984/4042/3920 1973/4044/3923 1972/4043/3925
f 1986/4033/3926 1985/4039/3924 1972/4043/3925 1971/4040/3927
f 1987/4025/3928 1986/4033/3926 1971/4040/3927 1970/4034/3929
f 1988/4017/3930 1987/4025/3928 1970/4034/3929 1969/4026/3931
f 1989/4009/3932 1988/4017/3930 1969/4026/3931 1968/4018/3933
f 1990/4001/3934 1989/4009/3932 1968/4018/3933 1967/4010/3935
f 1991/3993/3936 1990/4001/3934 1967/4010/3935 1966/4002/3937
f 1992/3984/3938 1991/3993/3936 1966/4002/3937 1965/3994/3939
f 1993/3976/3940 1992/3984/3938 1965/3994/3939 1964/3985/3941
f 1994/3970/3942 1993/3976/3940 1964/3985/3941 1963/3977/3943
f 1995/3971/3944 1994/3970/3942 1963/3977/3943 1962/3978/3945
f 1996/3979/3946 1995/3971/3944 1962/3978/3945 1981/3987/3947
f 1997/3988/3948 1996/3979/3946 1981/3987/3947 1980/3995/3949
f 1998/3996/3950 1997/3988/3948 1980/3995/3949 1979/4003/3951
f 1999/4004/3952 1998/3996/3950 1979/4003/3951 1978/4011/3953
f 2000/4012/3954 1999/4004/3952 1978/4011/3953 1977/4019/3955
f 2001/4020/3956 2000/4012/3954 1977/4019/3955 1976/4027/3957
f 2002/4028/3958 2001/4020/3956 1976/4027/3957 1975/4035/3959
f 1983/4036/3921 2002/4028/3958 1975/4035/3959 1974/4041/3922
f 2004/4038/3861 2003/4030/3863 1983/4036/3921 1984/4042/3920
f 2005/4032/3859 2004/4038/3861 1984/4042/3920 1985/4039/3924
f 2006/4024/3857 2005/4032/3859 1985/4039/3924 1986/4033/3926
f 2007/4016/3855 2006/4024/3857 1986/4033/3926 1987/4025/3928
f 2008/4008/3853 2007/4016/3855 1987/4025/3928 1988/4017/3930
f 2009/4000/3851 2008/4008/3853 1988/4017/3930 1989/4009/3932
f 2010/3992/3849 2009/4000/3851 1989/4009/3932 1990/4001/3934
f 2011/3983/3847 2010/3992/3849 1990/4001/3934 1991/3993/3936
f 2012/3975/3845 2011/3983/3847 1991/3993/3936 1992/3984/3938
f 2013/3969/3843 2012/3975/3845 1992/3984/3938 1993/3976/3940
f 2014/3966/3840 2013/3969/3843 1993/3976/3940 1994/3970/3942
f 2015/3967/3841 2014/3966/3840 1994/3970/3942 1995/3971/3944
f 2016/3973/3877 2015/3967/3841 1995/3971/3944 1996/3979/3946
f 2017/3981/3875 2016/3973/3877 1996/3979/3946 1997/3988/3948
f 2018/3990/3873 2017/3981/3875 1997/3988/3948 1998/3996/3950
f 2019/3998/3871 2018/3990/3873 1998/3996/3950 1999/4004/3952
f 2020/4006/3869 2019/3998/3871 1999/4004/3952 2000/4012/3954
f 2021/4014/3867 2020/4006/3869 2000/4012/3954 2001/4020/3956
f 2022/4022/3865 2021/4014/3867 2001/4020/3956 2002/4028/3958
f 2003/4030/3863 2022/4022/3865 2002/4028/3958 1983/4036/3921
s 37
f 1923/3886/3960 1922/3885/3961 2023/3889/3962 2024/3890/3963
f 1924/3891/3964 1923/3886/3960 2024/3890/3963 2025/3898/3965
f 1925/3899/3966 1924/3891/3964 2025/3898/3965 2026/3907/3967
f 1926/3913/3968 1925/3899/3966 2026/3907/3967 2027/3914/3969
f 1927/3920/3970 1926/3913/3968 2027/3914/3969 2028/3921/3971
f 1928/3927/3972 1927/3920/3970 2028/3921/3971 2029/3928/3973
f 1929/3935/3974 1928/3927/3972 2029/3928/3973 2030/3936/3975
f 1930/3942/3976 1929/3935/3974 2030/3936/3975 2031/3943/3977
f 1931/3949/3978 1930/3942/3976 2031/3943/3977 2032/3950/3979
f 1932/3958/3980 1931/3949/3978 2032/3950/3979 2033/3959/3981
f 1933/3953/3982 1932/3958/3980 2033/3959/3981 2034/3954/3983
f 1934/3944/3984 1933/3953/3982 2034/3954/3983 2035/3945/3985
f 1935/3937/3986 1934/3944/3984 2035/3945/3985 2036/3938/3987
f 1936/3929/3988 1935/3937/3986 2036/3938/3987 2037/3930/3989
f 1937/3922/3990 1936/3929/3988 2037/3930/3989 2038/3924/3991
f 1938/3915/3992 1937/3922/3990 2038/3924/3991 2039/3917/3993
f 1939/3908/3994 1938/3915/3992 2039/3917/3993 2040/3910/3995
f 1940/3901/3996 1939/3908/3994 2040/3910/3995 2041/3903/3997
f 1941/3893/3998 1940/3901/3996 2041/3903/3997 2042/3895/3999
f 1922/3885/3961 1941/3893/3998 2042/3895/3999 2023/3889/3962
f 2024/3890/3963 2023/3889/3962 2043/3896/3900 2044/3897/3899
f 2025/3898/3965 2024/3890/3963 2044/3897/3899 2046/3906/3902
f 2026/3907/3967 2025/3898/3965 2046/3906/3902 2047/3912/3903
f 2027/3914/3969 2026/3907/3967 2047/3912/3903 2048/3919/3904
f 2028/3921/3971 2027/3914/3969 2048/3919/3904 2049/3926/3905
f 2029/3928/3973 2028/3921/3971 2049/3926/3905 2050/3932/3906
f 2030/3936/3975 2029/3928/3973 2050/3932/3906 2051/3940/3907
f 2031/3943/3977 2030/3936/3975 2051/3940/3907 2052/3947/3908
f 2032/3950/3979 2031/3943/3977 2052/3947/3908 2053/3956/3909
f 2033/3959/3981 2032/3950/3979 2053/3956/3909 2054/3962/3910
f 2034/3954/3983 2033/3959/3981 2054/3962/3910 2055/3961/3911
f 2035/3945/3985 2034/3954/3983 2055/3961/3911 2056/3955/3912
f 2036/3938/3987 2035/3945/3985 2056/3955/3912 2057/3946/3913
f 2037/3930/3989 2036/3938/3987 2057/3946/3913 2058/3939/3914
f 2038/3924/3991 2037/3930/3989 2058/3939/3914 2059/3931/3915
f 2039/3917/3993 2038/3924/3991 2059/3931/3915 2060/3925/3916
f 2040/3910/3995 2039/3917/3993 2060/3925/3916 2061/3918/3917
f 2041/3903/3997 2040/3910/3995 2061/3918/3917 2062/3911/3918
f 2042/3895/3999 2041/3903/3997 2062/3911/3918 2063/3904/3919
f 2023/3889/3962 2042/3895/3999 2063/3904/3919 2043/3896/3900
s 35
f 2065/3237/3823 2064/3238/3825 1955/3239/3864 1954/3240/3862
f 2066/3243/3821 2065/3237/3823 1954/3240/3862 1953/3244/3860
f 2067/4453/3819 2066/4454/3821 1953/4455/3860 1952/4456/3858
f 2068/4457/3817 2067/4453/3819 1952/4456/3858 1951/4458/3856
f 2069/4459/3815 2068/4457/3817 1951/4458/3856 1950/4460/3854
f 2070/4461/3813 2069/4459/3815 1950/4460/3854 1949/4462/3852
f 2071/3255/3811 2070/3258/3813 1949/3259/3852 1948/3256/3850
f 2072/3254/3809 2071/3255/3811 1948/3256/3850 1947/3257/3848
f 2073/3260/3807 2072/3254/3809 1947/3257/3848 1946/3261/3846
f 2074/3264/3805 2073/3260/3807 1946/3261/3846 1945/3265/3844
f 2075/3267/3803 2074/3264/3805 1945/3265/3844 1944/3268/3842
f 2076/3269/3800 2075/3267/3803 1944/3268/3842 1943/3270/3839
f 2077/4463/3801 2076/4464/3800 1943/4465/3839 1942/4466/3838
f 2078/4467/3837 2077/4463/3801 1942/4466/3838 1961/4468/3876
f 2079/4469/3835 2078/4467/3837 1961/4468/3876 1960/4470/3874
f 2080/4471/3833 2079/4469/3835 1960/4470/3874 1959/4472/3872
f 2081/3250/3831 2080/3252/3833 1959/3253/3872 1958/3251/3870
f 2082/3247/3829 2081/3250/3831 1958/3251/3870 1957/3248/3868
f 2083/3241/3827 2082/3247/3829 1957/3248/3868 1956/3242/3866
f 2064/3238/3825 2083/3241/3827 1956/3242/3866 1955/3239/3864
s 39
f 2084/4473/4000 2085/4474/4001 2440/4475/4002 2441/4476/4003
f 2085/3279/4001 2086/3271/4004 2439/3274/4005 2440/3280/4002
f 2086/3271/4004 2087/3272/4006 2438/3273/4007 2439/3274/4005
f 2087/3272/4006 2088/3275/4008 2437/3276/4009 2438/3273/4007
f 2088/3275/4008 2089/3281/4010 2436/3282/4011 2437/3276/4009
f 2089/3281/4010 2090/3287/4012 2435/3288/4013 2436/3282/4011
f 2090/3287/4012 2091/3294/4014 2434/3295/4015 2435/3288/4013
f 2091/4493/4014 2092/4494/4016 2453/4495/4017 2434/4496/4015
f 2092/4494/4016 2093/4497/4018 2452/4498/4019 2453/4495/4017
f 2093/4497/4018 2094/4501/4020 2451/4502/4021 2452/4498/4019
f 2094/4501/4020 2095/4506/4022 2450/4507/4023 2451/4502/4021
f 2095/3375/4022 2096/3367/4024 2449/3370/4025 2450/3376/4023
f 2096/3367/4024 2097/3368/4026 2448/3369/4027 2449/3370/4025
f 2097/3368/4026 2098/3371/4028 2447/3372/4029 2448/3369/4027
f 2098/3371/4028 2099/3377/4030 2446/3378/4031 2447/3372/4029
f 2099/3377/4030 2100/3383/4032 2445/3384/4033 2446/3378/4031
f 2100/3383/4032 2101/3390/4034 2444/3391/4035 2445/3384/4033
f 2101/4488/4034 2102/4484/4036 2443/4485/4037 2444/4489/4035
f 2102/4484/4036 2103/4479/4038 2442/4480/4039 2443/4485/4037
f 2103/4479/4038 2084/4473/4000 2441/4476/4003 2442/4480/4039
s 40
f 2085/4045/4040 2084/4046/4041 2124/4047/4042
f 2086/4049/4043 2085/4045/4040 2124/4047/4042
f 2087/4051/4044 2086/4049/4043 2124/4047/4042
f 2088/4053/4045 2087/4051/4044 2124/4047/4042
f 2089/4055/4046 2088/4053/4045 2124/4047/4042
f 2090/4057/4047 2089/4055/4046 2124/4047/4042
f 2091/4059/4048 2090/4057/4047 2124/4047/4042
f 2092/4061/4049 2091/4059/4048 2124/4047/4042
f 2093/4063/4050 2092/4061/4049 2124/4047/4042
f 2094/4065/4051 2093/4063/4050 2124/4047/4042
f 2095/4064/4052 2094/4065/4051 2124/4047/4042
f 2096/4062/4053 2095/4064/4052 2124/4047/4042
f 2097/4060/4054 2096/4062/4053 2124/4047/4042
f 2098/4058/4055 2097/4060/4054 2124/4047/4042
f 2099/4056/4056 2098/4058/4055 2124/4047/4042
f 2100/4054/4057 2099/4056/4056 2124/4047/4042
f 2101/4052/4058 2100/4054/4057 2124/4047/4042
f 2102/4050/4059 2101/4052/4058 2124/4047/4042
f 2103/4048/4060 2102/4050/4059 2124/4047/4042
f 2084/4046/4041 2103/4048/4060 2124/4047/4042
s 41
f 2185/4066/4061 2186/4067/4062 2187/4068/4063
f 2186/4067/4062 2188/4069/4064 2187/4068/4063
f 2188/4069/4064 2189/4071/4065 2187/4068/4063
f 2189/4071/4065 2190/4073/4066 2187/4068/4063
f 2190/4073/4066 2191/4075/4067 2187/4068/4063
f 2191/4075/4067 2192/4077/4068 2187/4068/4063
f 2192/4077/4068 2193/4079/4069 2187/4068/4063
f 2193/4079/4069 2194/4081/4070 2187/4068/4063
f 2194/4081/4070 2195/4083/4071 2187/4068/4063
f 2195/4083/4071 2196/4085/4072 2187/4068/4063
f 2196/4085/4072 2197/4086/4073 2187/4068/4063
f 2197/4086/4073 2198/4084/4074 2187/4068/4063
f 2198/4084/4074 2199/4082/4075 2187/4068/4063
f 2199/4082/4075 2200/4080/4076 2187/4068/4063
f 2200/4080/4076 2201/4078/4077 2187/4068/4063
f 2201/4078/4077 2202/4076/4078 2187/4068/4063
f 2202/4076/4078 2203/4074/4079 2187/4068/4063
f 2203/4074/4079 2204/4072/4080 2187/4068/4063
f 2204/4072/4080 2205/4070/4081 2187/4068/4063
f 2205/4070/4081 2185/4066/4061 2187/4068/4063
s 39
f 2104/4513/4082 2105/4514/4083 2429/4515/4084 2430/4516/4085
f 2105/3343/4083 2106/3335/4086 2428/3342/4087 2429/3350/4084
f 2106/3335/4086 2107/3327/4088 2427/3334/4089 2428/3342/4087
f 2107/3327/4088 2108/3326/4090 2426/3333/4091 2427/3334/4089
f 2108/3326/4090 2109/3332/4092 2425/3339/4093 2426/3333/4091
f 2109/3332/4092 2110/3338/4094 2424/3345/4095 2425/3339/4093
f 2110/3338/4094 2111/3344/4096 2423/3351/4097 2424/3345/4095
f 2111/4558/4096 2112/4559/4098 2422/4560/4099 2423/4561/4097
f 2112/4559/4098 2113/4564/4100 2421/4565/4101 2422/4560/4099
f 2113/4564/4100 2114/4571/4102 2420/4572/4103 2421/4565/4101
f 2114/4571/4102 2115/4580/4104 2419/4581/4105 2420/4572/4103
f 2115/3439/4104 2116/3431/4106 2418/3438/4107 2419/3446/4105
f 2116/3431/4106 2117/3423/4108 2417/3430/4109 2418/3438/4107
f 2117/3423/4108 2118/3422/4110 2416/3429/4111 2417/3430/4109
f 2118/3422/4110 2119/3428/4112 2415/3435/4113 2416/3429/4111
f 2119/3428/4112 2120/3434/4114 2414/3441/4115 2415/3435/4113
f 2120/3434/4114 2121/3440/4116 2433/3447/4117 2414/3441/4115
f 2121/4539/4116 2122/4529/4118 2432/4530/4119 2433/4540/4117
f 2122/4529/4118 2123/4521/4120 2431/4522/4121 2432/4530/4119
f 2123/4521/4120 2104/4513/4082 2430/4516/4085 2431/4522/4121
f 2125/4520/4122 2126/4519/4123 2409/4526/4124 2410/4527/4125
f 2126/3357/4123 2127/3349/4126 2408/3356/4127 2409/3362/4124
f 2127/3349/4126 2128/3341/4128 2407/3348/4129 2408/3356/4127
f 2128/3341/4128 2129/3340/4130 2406/3347/4131 2407/3348/4129
f 2129/3340/4130 2130/3346/4132 2405/3353/4133 2406/3347/4131
f 2130/3346/4132 2131/3352/4134 2404/3359/4135 2405/3353/4133
f 2131/3352/4134 2132/3358/4136 2403/3363/4137 2404/3359/4135
f 2132/4567/4136 2133/4566/4138 2402/4574/4139 2403/4575/4137
f 2133/4566/4138 2134/4573/4140 2401/4583/4141 2402/4574/4139
f 2134/4573/4140 2135/4582/4142 2400/4592/4143 2401/4583/4141
f 2135/4582/4142 2136/4591/4144 2399/4597/4145 2400/4592/4143
f 2136/3453/4144 2137/3445/4146 2398/3452/4147 2399/3458/4145
f 2137/3445/4146 2138/3437/4148 2397/3444/4149 2398/3452/4147
f 2138/3437/4148 2139/3436/4150 2396/3443/4151 2397/3444/4149
f 2139/3436/4150 2140/3442/4152 2395/3449/4153 2396/3443/4151
f 2140/3442/4152 2141/3448/4154 2394/3455/4155 2395/3449/4153
f 2141/3448/4154 2142/3454/4156 2413/3459/4157 2394/3455/4155
f 2142/4548/4156 2143/4538/4158 2412/4547/4159 2413/4553/4157
f 2143/4538/4158 2144/4528/4160 2411/4537/4161 2412/4547/4159
f 2144/4528/4160 2125/4520/4122 2410/4527/4125 2411/4537/4161
s 43
f 2145/4087/4162 2146/4088/4163 2166/4089/4164 2165/4090/4165
f 2146/4088/4163 2147/4091/4166 2167/4092/4167 2166/4089/4164
f 2147/4091/4166 2148/4095/4168 2168/4096/4169 2167/4092/4167
s 44
f 2230/4151/4170 2231/4152/4171 2232/4153/4172 2233/4154/4173
f 2231/4152/4171 2234/4155/4174 2235/4156/4175 2232/4153/4172
s 43
f 2150/4111/4176 2151/4119/4177 2171/4120/4178 2170/4113/4179
f 2151/4119/4177 2152/4123/4180 2172/4124/4181 2171/4120/4178
f 2152/4123/4180 2153/4127/4182 2173/4128/4183 2172/4124/4181
s 46
f 2236/4157/4184 2237/4158/4185 2238/4159/4186 2239/4160/4187
f 2237/4158/4185 2240/4161/4188 2241/4162/4189 2238/4159/4186
s 43
f 2155/4143/4190 2156/4149/4191 2176/4150/4192 2175/4145/4193
f 2156/4149/4191 2157/4147/4194 2177/4148/4195 2176/4150/4192
f 2157/4147/4194 2158/4137/4196 2178/4135/4197 2177/4148/4195
s 48
f 2242/4163/4198 2243/4164/4199 2244/4165/4200 2245/4166/4201
f 2243/4164/4199 2246/4167/4202 2247/4168/4203 2244/4165/4200
s 43
f 2160/4121/4204 2161/4117/4205 2181/4118/4206 2180/4122/4207
f 2161/4117/4205 2162/4115/4208 2182/4116/4209 2181/4118/4206
f 2162/4115/4208 2163/4105/4210 2183/4103/4211 2182/4116/4209
s 50
f 2248/4169/4212 2249/4170/4213 2250/4171/4214 2251/4172/4215
f 2249/4170/4213 2252/4173/4216 2253/4174/4217 2250/4171/4214
s 51
f 2165/4603/4218 2166/4604/4219 2186/4605/4220 2185/4606/4221
f 2166/3469/4219 2167/3463/4222 2188/3466/4223 2186/3470/4220
f 2167/3463/4222 2168/3464/4224 2189/3465/4225 2188/3466/4223
f 2168/3464/4224 2169/3467/4226 2190/3468/4227 2189/3465/4225
f 2169/3467/4226 2170/3471/4228 2191/3472/4229 2190/3468/4227
f 2170/3471/4228 2171/3473/4230 2192/3474/4231 2191/3472/4229
f 2171/3473/4230 2172/3475/4232 2193/3476/4233 2192/3474/4231
f 2172/4613/4232 2173/4614/4234 2194/4615/4235 2193/4616/4233
f 2173/4614/4234 2174/4617/4236 2195/4618/4237 2194/4615/4235
f 2174/4617/4236 2175/4619/4238 2196/4620/4239 2195/4618/4237
f 2175/4619/4238 2176/4621/4240 2197/4622/4241 2196/4620/4239
f 2176/3483/4240 2177/3477/4242 2198/3480/4243 2197/3484/4241
f 2177/3477/4242 2178/3478/4244 2199/3479/4245 2198/3480/4243
f 2178/3478/4244 2179/3481/4246 2200/3482/4247 2199/3479/4245
f 2179/3481/4246 2180/3485/4248 2201/3486/4249 2200/3482/4247
f 2180/3485/4248 2181/3487/4250 2202/3488/4251 2201/3486/4249
f 2181/3487/4250 2182/3489/4252 2203/3490/4253 2202/3488/4251
f 2182/4611/4252 2183/4609/4254 2204/4610/4255 2203/4612/4253
f 2183/4609/4254 2184/4607/4256 2205/4608/4257 2204/4610/4255
f 2184/4607/4256 2165/4603/4218 2185/4606/4221 2205/4608/4257
s 43
f 2148/4095/4168 2149/4107/4258 2207/4108/4259 2206/4101/4260
f 2169/4109/4261 2168/4096/4169 2209/4102/4262 2208/4110/4263
f 2168/4096/4169 2148/4095/4168 2206/4101/4260 2209/4102/4262
f 2149/4107/4258 2150/4111/4176 2210/4112/4264 2207/4108/4259
f 2150/4111/4176 2170/4113/4179 2211/4114/4265 2210/4112/4264
f 2170/4113/4179 2169/4109/4261 2208/4110/4263 2211/4114/4265
f 2153/4127/4182 2154/4139/4266 2213/4140/4267 2212/4133/4268
f 2174/4141/4269 2173/4128/4183 2215/4134/4270 2214/4142/4271
f 2173/4128/4183 2153/4127/4182 2212/4133/4268 2215/4134/4270
f 2154/4139/4266 2155/4143/4190 2216/4144/4272 2213/4140/4267
f 2155/4143/4190 2175/4145/4193 2217/4146/4273 2216/4144/4272
f 2175/4145/4193 2174/4141/4269 2214/4142/4271 2217/4146/4273
f 2158/4137/4196 2159/4131/4274 2219/4132/4275 2218/4138/4276
f 2179/4129/4277 2178/4135/4197 2221/4136/4278 2220/4130/4279
f 2178/4135/4197 2158/4137/4196 2218/4138/4276 2221/4136/4278
f 2159/4131/4274 2160/4121/4204 2222/4126/4280 2219/4132/4275
f 2160/4121/4204 2180/4122/4207 2223/4125/4281 2222/4126/4280
f 2180/4122/4207 2179/4129/4277 2220/4130/4279 2223/4125/4281
f 2163/4105/4210 2164/4099/4282 2225/4100/4283 2224/4106/4284
f 2184/4097/4285 2183/4103/4211 2227/4104/4286 2226/4098/4287
f 2183/4103/4211 2163/4105/4210 2224/4106/4284 2227/4104/4286
f 2164/4099/4282 2145/4087/4162 2228/4094/4288 2225/4100/4283
f 2145/4087/4162 2165/4090/4165 2229/4093/4289 2228/4094/4288
f 2165/4090/4165 2184/4097/4285 2226/4098/4287 2229/4093/4289
s off
f 2206/3491/4290 2207/3492/4291 2231/3493/4292 2230/3494/4293
s 56
f 2208/3497/4294 2209/3498/4295 2233/3499/4296 2232/3500/4297
s off
f 2209/4623/4298 2206/4624/4299 2230/4625/4300 2233/4626/4301
f 2207/3492/4302 2210/3495/4303 2234/3496/4304 2231/3493/4305
f 2210/4627/4306 2211/4628/4307 2235/4629/4308 2234/4630/4309
s 56
f 2211/3501/4310 2208/3497/4294 2232/3500/4297 2235/3502/4311
s off
f 2212/4631/4312 2213/4632/4313 2237/4633/4314 2236/4634/4315
f 2214/4637/4316 2215/4638/4317 2239/4639/4318 2238/4640/4319
f 2215/3503/4320 2212/3504/4321 2236/3505/4322 2239/3506/4323
f 2213/4632/4324 2216/4635/4325 2240/4636/4326 2237/4633/4327
f 2216/3507/4328 2217/3508/4329 2241/3509/4330 2240/3510/4331
f 2217/4641/4332 2214/4637/4333 2238/4640/4334 2241/4642/4335
f 2218/3511/4336 2219/3512/4337 2243/3513/4338 2242/3514/4339
s 57
f 2220/3517/4340 2221/3518/4341 2245/3519/4342 2244/3520/4343
s off
f 2221/4643/4344 2218/4644/4345 2242/4645/4346 2245/4646/4347
f 2219/3512/4348 2222/3515/4349 2246/3516/4350 2243/3513/4351
f 2222/4647/4352 2223/4648/4353 2247/4649/4354 2246/4650/4355
s 57
f 2223/3521/4356 2220/3517/4340 2244/3520/4343 2247/3522/4357
s off
f 2224/4651/4358 2225/4652/4359 2249/4653/4360 2248/4654/4361
f 2226/4657/4362 2227/4658/4363 2251/4659/4364 2250/4660/4365
f 2227/3523/4366 2224/3524/4367 2248/3525/4368 2251/3526/4369
f 2225/4652/4370 2228/4655/4371 2252/4656/4372 2249/4653/4373
f 2228/3527/4374 2229/3528/4375 2253/3529/4376 2252/3530/4377
f 2229/4661/4378 2226/4657/4379 2250/4660/4380 2253/4662/4381
s 39
f 2255/3303/4382 2254/3302/4383 2324/3307/4384 2325/3308/4385
f 2256/3312/4386 2255/3303/4382 2325/3308/4385 2326/3313/4387
f 2257/3320/4388 2256/3312/4386 2326/3313/4387 2327/3321/4389
f 2258/4541/4390 2257/4542/4388 2327/4532/4389 2328/4531/4391
f 2259/4549/4392 2258/4541/4390 2328/4531/4391 2329/4543/4393
f 2260/4554/4394 2259/4549/4392 2329/4543/4393 2330/4550/4395
f 2261/4557/4396 2260/4554/4394 2330/4550/4395 2331/4555/4397
f 2262/3410/4398 2261/3418/4396 2331/3419/4397 2332/3411/4399
f 2263/3402/4400 2262/3410/4398 2332/3411/4399 2333/3405/4401
f 2264/3398/4402 2263/3402/4400 2333/3405/4401 2314/3403/4403
f 2265/3399/4404 2264/3398/4402 2314/3403/4403 2315/3404/4405
f 2266/3408/4406 2265/3399/4404 2315/3404/4405 2316/3409/4407
f 2267/3416/4408 2266/3408/4406 2316/3409/4407 2317/3417/4409
f 2268/4599/4410 2267/4602/4408 2317/4600/4409 2318/4595/4411
f 2269/4594/4412 2268/4599/4410 2318/4595/4411 2319/4588/4413
f 2270/4587/4414 2269/4594/4412 2319/4588/4413 2320/4577/4415
f 2271/4586/4416 2270/4587/4414 2320/4577/4415 2321/4576/4417
f 2272/3314/4418 2271/3322/4416 2321/3323/4417 2322/3315/4419
f 2273/3306/4420 2272/3314/4418 2322/3315/4419 2323/3309/4421
f 2254/3302/4383 2273/3306/4420 2323/3309/4421 2324/3307/4384
f 2275/3387/4422 2274/3394/4423 2264/3398/4402 2265/3399/4404
f 2276/4175/4424 2275/4176/4422 2265/4177/4404 2266/4178/4406
f 2277/4179/4425 2276/4175/4424 2266/4178/4406 2267/4180/4408
f 2278/4181/4426 2277/4179/4425 2267/4180/4408 2268/4182/4410
f 2279/4183/4427 2278/4181/4426 2268/4182/4410 2269/4184/4412
f 2280/4185/4428 2279/4183/4427 2269/4184/4412 2270/4186/4414
f 2281/4187/4429 2280/4185/4428 2270/4186/4414 2271/4188/4416
f 2282/4189/4430 2281/4187/4429 2271/4188/4416 2272/4190/4418
f 2283/4191/4431 2282/4189/4430 2272/4190/4418 2273/4192/4420
f 2284/3298/4432 2283/3301/4431 2273/3306/4420 2254/3302/4383
f 2285/3291/4433 2284/3298/4432 2254/3302/4383 2255/3303/4382
f 2286/4193/4434 2285/4194/4433 2255/4195/4382 2256/4196/4386
f 2287/4197/4435 2286/4193/4434 2256/4196/4386 2257/4198/4388
f 2288/4199/4436 2287/4197/4435 2257/4198/4388 2258/4200/4390
f 2289/4201/4437 2288/4199/4436 2258/4200/4390 2259/4202/4392
f 2290/4203/4438 2289/4201/4437 2259/4202/4392 2260/4204/4394
f 2291/4205/4439 2290/4203/4438 2260/4204/4394 2261/4206/4396
f 2292/4207/4440 2291/4205/4439 2261/4206/4396 2262/4208/4398
f 2293/4209/4441 2292/4207/4440 2262/4208/4398 2263/4210/4400
f 2274/3394/4423 2293/3397/4441 2263/3402/4400 2264/3398/4402
f 2295/4211/4442 2294/4212/4443 2276/4213/4424 2277/4214/4425
f 2296/4215/4444 2295/4211/4442 2277/4214/4425 2278/4216/4426
f 2297/4217/4445 2296/4215/4444 2278/4216/4426 2279/4218/4427
f 2298/4219/4446 2297/4217/4445 2279/4218/4427 2280/4220/4428
f 2299/4221/4447 2298/4219/4446 2280/4220/4428 2281/4222/4429
f 2300/4223/4448 2299/4221/4447 2281/4222/4429 2282/4224/4430
f 2301/3297/4449 2300/3300/4448 2282/3305/4430 2283/3301/4431
f 2302/3290/4450 2301/3297/4449 2283/3301/4431 2284/3298/4432
f 2303/3284/4451 2302/3290/4450 2284/3298/4432 2285/3291/4433
f 2304/3285/4452 2303/3284/4451 2285/3291/4433 2286/3292/4434
f 2305/4225/4453 2304/4226/4452 2286/4227/4434 2287/4228/4435
f 2306/4229/4454 2305/4225/4453 2287/4228/4435 2288/4230/4436
f 2307/4231/4455 2306/4229/4454 2288/4230/4436 2289/4232/4437
f 2308/4233/4456 2307/4231/4455 2289/4232/4437 2290/4234/4438
f 2309/4235/4457 2308/4233/4456 2290/4234/4438 2291/4236/4439
f 2310/4237/4458 2309/4235/4457 2291/4236/4439 2292/4238/4440
f 2311/3393/4459 2310/3396/4458 2292/3401/4440 2293/3397/4441
f 2312/3386/4460 2311/3393/4459 2293/3397/4441 2274/3394/4423
f 2313/3380/4461 2312/3386/4460 2274/3394/4423 2275/3387/4422
f 2294/3381/4443 2313/3380/4461 2275/3387/4422 2276/3388/4424
f 2315/3404/4405 2314/3403/4403 2366/3406/4462 2367/3407/4463
f 2316/3409/4407 2315/3404/4405 2367/3407/4463 2368/3415/4464
f 2317/3417/4409 2316/3409/4407 2368/3415/4464 2369/3425/4465
f 2318/4595/4411 2317/4600/4409 2369/4596/4465 2370/4589/4466
f 2319/4588/4413 2318/4595/4411 2370/4589/4466 2371/4578/4467
f 2320/4577/4415 2319/4588/4413 2371/4578/4467 2372/4569/4468
f 2321/4576/4417 2320/4577/4415 2372/4569/4468 2373/4568/4469
f 2322/3315/4419 2321/3323/4417 2373/3330/4469 2354/3324/4470
f 2323/3309/4421 2322/3315/4419 2354/3324/4470 2355/3316/4471
f 2324/3307/4384 2323/3309/4421 2355/3316/4471 2356/3310/4472
f 2325/3308/4385 2324/3307/4384 2356/3310/4472 2357/3311/4473
f 2326/3313/4387 2325/3308/4385 2357/3311/4473 2358/3319/4474
f 2327/3321/4389 2326/3313/4387 2358/3319/4474 2359/3329/4475
f 2328/4531/4391 2327/4532/4389 2359/4524/4475 2360/4523/4476
f 2329/4543/4393 2328/4531/4391 2360/4523/4476 2361/4533/4477
f 2330/4550/4395 2329/4543/4393 2361/4533/4477 2362/4544/4478
f 2331/4555/4397 2330/4550/4395 2362/4544/4478 2363/4551/4479
f 2332/3411/4399 2331/3419/4397 2363/3426/4479 2364/3420/4480
f 2333/3405/4401 2332/3411/4399 2364/3420/4480 2365/3412/4481
f 2314/3403/4403 2333/3405/4401 2365/3412/4481 2366/3406/4462
f 2335/3373/4482 2334/3379/4483 2312/3386/4460 2313/3380/4461
f 2336/3374/4484 2335/3373/4482 2313/3380/4461 2294/3381/4443
f 2337/3382/4485 2336/3374/4484 2294/3381/4443 2295/3389/4442
f 2338/4508/4486 2337/4510/4485 2295/4512/4442 2296/4511/4444
f 2339/4503/4487 2338/4508/4486 2296/4511/4444 2297/4509/4445
f 2340/4499/4488 2339/4503/4487 2297/4509/4445 2298/4504/4446
f 2341/4500/4489 2340/4499/4488 2298/4504/4446 2299/4505/4447
f 2342/3296/4490 2341/3299/4489 2299/3304/4447 2300/3300/4448
f 2343/3289/4491 2342/3296/4490 2300/3300/4448 2301/3297/4449
f 2344/3283/4492 2343/3289/4491 2301/3297/4449 2302/3290/4450
f 2345/3277/4493 2344/3283/4492 2302/3290/4450 2303/3284/4451
f 2346/3278/4494 2345/3277/4493 2303/3284/4451 2304/3285/4452
f 2347/3286/4495 2346/3278/4494 2304/3285/4452 2305/3293/4453
f 2348/4478/4496 2347/4477/4495 2305/4481/4453 2306/4482/4454
f 2349/4483/4497 2348/4478/4496 2306/4482/4454 2307/4486/4455
f 2350/4487/4498 2349/4483/4497 2307/4486/4455 2308/4490/4456
f 2351/4491/4499 2350/4487/4498 2308/4490/4456 2309/4492/4457
f 2352/3392/4500 2351/3395/4499 2309/3400/4457 2310/3396/4458
f 2353/3385/4501 2352/3392/4500 2310/3396/4458 2311/3393/4459
f 2334/3379/4483 2353/3385/4501 2311/3393/4459 2312/3386/4460
f 2355/3316/4471 2354/3324/4470 2384/3331/4502 2385/3325/4503
f 2356/3310/4472 2355/3316/4471 2385/3325/4503 2386/3317/4504
f 2357/3311/4473 2356/3310/4472 2386/3317/4504 2387/3318/4505
f 2358/3319/4474 2357/3311/4473 2387/3318/4505 2388/3328/4506
f 2359/3329/4475 2358/3319/4474 2388/3328/4506 2389/3336/4507
f 2360/4523/4476 2359/4524/4475 2389/4518/4507 2390/4517/4508
f 2361/4533/4477 2360/4523/4476 2390/4517/4508 2391/4525/4509
f 2362/4544/4478 2361/4533/4477 2391/4525/4509 2392/4534/4510
f 2363/4551/4479 2362/4544/4478 2392/4534/4510 2393/4545/4511
f 2364/3420/4480 2363/3426/4479 2393/3433/4511 2374/3427/4512
f 2365/3412/4481 2364/3420/4480 2374/3427/4512 2375/3421/4513
f 2366/3406/4462 2365/3412/4481 2375/3421/4513 2376/3413/4514
f 2367/3407/4463 2366/3406/4462 2376/3413/4514 2377/3414/4515
f 2368/3415/4464 2367/3407/4463 2377/3414/4515 2378/3424/4516
f 2369/3425/4465 2368/3415/4464 2378/3424/4516 2379/3432/4517
f 2370/4589/4466 2369/4596/4465 2379/4590/4517 2380/4579/4518
f 2371/4578/4467 2370/4589/4466 2380/4579/4518 2381/4570/4519
f 2372/4569/4468 2371/4578/4467 2381/4570/4519 2382/4563/4520
f 2373/4568/4469 2372/4569/4468 2382/4563/4520 2383/4562/4521
f 2354/3324/4470 2373/3330/4469 2383/3337/4521 2384/3331/4502
f 2375/3421/4513 2374/3427/4512 2120/3434/4114 2119/3428/4112
f 2376/3413/4514 2375/3421/4513 2119/3428/4112 2118/3422/4110
f 2377/3414/4515 2376/3413/4514 2118/3422/4110 2117/3423/4108
f 2378/3424/4516 2377/3414/4515 2117/3423/4108 2116/3431/4106
f 2379/3432/4517 2378/3424/4516 2116/3431/4106 2115/3439/4104
f 2380/4579/4518 2379/4590/4517 2115/4580/4104 2114/4571/4102
f 2381/4570/4519 2380/4579/4518 2114/4571/4102 2113/4564/4100
f 2382/4563/4520 2381/4570/4519 2113/4564/4100 2112/4559/4098
f 2383/4562/4521 2382/4563/4520 2112/4559/4098 2111/4558/4096
f 2384/3331/4502 2383/3337/4521 2111/3344/4096 2110/3338/4094
f 2385/3325/4503 2384/3331/4502 2110/3338/4094 2109/3332/4092
f 2386/3317/4504 2385/3325/4503 2109/3332/4092 2108/3326/4090
f 2387/3318/4505 2386/3317/4504 2108/3326/4090 2107/3327/4088
f 2388/3328/4506 2387/3318/4505 2107/3327/4088 2106/3335/4086
f 2389/3336/4507 2388/3328/4506 2106/3335/4086 2105/3343/4083
f 2390/4517/4508 2389/4518/4507 2105/4514/4083 2104/4513/4082
f 2391/4525/4509 2390/4517/4508 2104/4513/4082 2123/4521/4120
f 2392/4534/4510 2391/4525/4509 2123/4521/4120 2122/4529/4118
f 2393/4545/4511 2392/4534/4510 2122/4529/4118 2121/4539/4116
f 2374/3427/4512 2393/3433/4511 2121/3440/4116 2120/3434/4114
f 2395/3449/4153 2394/3455/4155 2161/3460/4522 2160/3456/4523
f 2396/3443/4151 2395/3449/4153 2160/3456/4523 2159/3450/4524
f 2397/3444/4149 2396/3443/4151 2159/3450/4524 2158/3451/4525
f 2398/3452/4147 2397/3444/4149 2158/3451/4525 2157/3457/4526
f 2399/3458/4145 2398/3452/4147 2157/3457/4526 2156/3461/4527
f 2400/4592/4143 2399/4597/4145 2156/4601/4527 2155/4598/4528
f 2401/4583/4141 2400/4592/4143 2155/4598/4528 2154/4593/4529
f 2402/4574/4139 2401/4583/4141 2154/4593/4529 2153/4584/4530
f 2403/4575/4137 2402/4574/4139 2153/4584/4530 2152/4585/4531
f 2404/3359/4135 2403/3363/4137 2152/3366/4531 2151/3364/4532
f 2405/3353/4133 2404/3359/4135 2151/3364/4532 2150/3360/4533
f 2406/3347/4131 2405/3353/4133 2150/3360/4533 2149/3354/4534
f 2407/3348/4129 2406/3347/4131 2149/3354/4534 2148/3355/4535
f 2408/3356/4127 2407/3348/4129 2148/3355/4535 2147/3361/4536
f 2409/3362/4124 2408/3356/4127 2147/3361/4536 2146/3365/4537
f 2410/4527/4125 2409/4526/4124 2146/4535/4537 2145/4536/4538
f 2411/4537/4161 2410/4527/4125 2145/4536/4538 2164/4546/4539
f 2412/4547/4159 2411/4537/4161 2164/4546/4539 2163/4552/4540
f 2413/4553/4157 2412/4547/4159 2163/4552/4540 2162/4556/4541
f 2394/3455/4155 2413/3459/4157 2162/3462/4541 2161/3460/4522
f 2415/3435/4113 2414/3441/4115 2141/3448/4154 2140/3442/4152
f 2416/3429/4111 2415/3435/4113 2140/3442/4152 2139/3436/4150
f 2417/3430/4109 2416/3429/4111 2139/3436/4150 2138/3437/4148
f 2418/3438/4107 2417/3430/4109 2138/3437/4148 2137/3445/4146
f 2419/3446/4105 2418/3438/4107 2137/3445/4146 2136/3453/4144
f 2420/4572/4103 2419/4581/4105 2136/4591/4144 2135/4582/4142
f 2421/4565/4101 2420/4572/4103 2135/4582/4142 2134/4573/4140
f 2422/4560/4099 2421/4565/4101 2134/4573/4140 2133/4566/4138
f 2423/4561/4097 2422/4560/4099 2133/4566/4138 2132/4567/4136
f 2424/3345/4095 2423/3351/4097 2132/3358/4136 2131/3352/4134
f 2425/3339/4093 2424/3345/4095 2131/3352/4134 2130/3346/4132
f 2426/3333/4091 2425/3339/4093 2130/3346/4132 2129/3340/4130
f 2427/3334/4089 2426/3333/4091 2129/3340/4130 2128/3341/4128
f 2428/3342/4087 2427/3334/4089 2128/3341/4128 2127/3349/4126
f 2429/3350/4084 2428/3342/4087 2127/3349/4126 2126/3357/4123
f 2430/4516/4085 2429/4515/4084 2126/4519/4123 2125/4520/4122
f 2431/4522/4121 2430/4516/4085 2125/4520/4122 2144/4528/4160
f 2432/4530/4119 2431/4522/4121 2144/4528/4160 2143/4538/4158
f 2433/4540/4117 2432/4530/4119 2143/4538/4158 2142/4548/4156
f 2414/3441/4115 2433/3447/4117 2142/3454/4156 2141/3448/4154
f 2435/3288/4013 2434/3295/4015 2341/3299/4489 2342/3296/4490
f 2436/3282/4011 2435/3288/4013 2342/3296/4490 2343/3289/4491
f 2437/3276/4009 2436/3282/4011 2343/3289/4491 2344/3283/4492
f 2438/3273/4007 2437/3276/4009 2344/3283/4492 2345/3277/4493
f 2439/3274/4005 2438/3273/4007 2345/3277/4493 2346/3278/4494
f 2440/3280/4002 2439/3274/4005 2346/3278/4494 2347/3286/4495
f 2441/4476/4003 2440/4475/4002 2347/4477/4495 2348/4478/4496
f 2442/4480/4039 2441/4476/4003 2348/4478/4496 2349/4483/4497
f 2443/4485/4037 2442/4480/4039 2349/4483/4497 2350/4487/4498
f 2444/4489/4035 2443/4485/4037 2350/4487/4498 2351/4491/4499
f 2445/3384/4033 2444/3391/4035 2351/3395/4499 2352/3392/4500
f 2446/3378/4031 2445/3384/4033 2352/3392/4500 2353/3385/4501
f 2447/3372/4029 2446/3378/4031 2353/3385/4501 2334/3379/4483
f 2448/3369/4027 2447/3372/4029 2334/3379/4483 2335/3373/4482
f 2449/3370/4025 2448/3369/4027 2335/3373/4482 2336/3374/4484
f 2450/3376/4023 2449/3370/4025 2336/3374/4484 2337/3382/4485
f 2451/4502/4021 2450/4507/4023 2337/4510/4485 2338/4508/4486
f 2452/4498/4019 2451/4502/4021 2338/4508/4486 2339/4503/4487
f 2453/4495/4017 2452/4498/4019 2339/4503/4487 2340/4499/4488
f 2434/4496/4015 2453/4495/4017 2340/4499/4488 2341/4500/4489
g default
v 2.829497 2.856923 0.788959
v 3.596575 2.856923 0.788963
v 2.829497 3.191522 0.788959
v 3.596575 3.191522 0.788963
v 2.829497 3.191522 1.101671
v 3.596575 3.191522 1.101673
v 2.829497 2.856923 1.101671
v 3.596575 2.856923 1.101673
v 2.829493 3.191522 0.760298
v 3.627243 3.191522 0.760299
v 3.627252 3.191522 1.130338
v 2.829493 3.191522 1.130337
v 2.829493 3.206220 0.760298
v 3.627243 3.206220 0.760299
v 3.627252 3.206220 1.130338
v 2.829493 3.206220 1.130337
v 2.829497 3.206220 0.766464
v 3.620650 3.206220 0.766464
v 3.620651 3.206220 1.124168
v 2.829497 3.206220 1.124168
v 2.829497 3.399132 0.937346
v 3.515764 3.399132 0.937348
v 3.515764 3.399132 0.953286
v 2.829497 3.399132 0.953284
v 2.829497 3.211454 0.771101
v 3.607884 3.211454 0.771103
v 3.510000 3.391505 0.930591
v 2.829497 3.391505 0.930590
v 3.618473 3.210230 0.778387
v 3.618465 3.210230 1.112247
v 3.520580 3.390280 0.952754
v 3.520580 3.390280 0.937881
v 2.829497 3.211454 1.119531
v 3.607893 3.211454 1.119532
v 2.829497 3.391505 0.960042
v 3.510000 3.391505 0.960044
v 2.829497 3.210230 0.778387
v 2.829497 3.210230 1.112244
v 2.829497 3.390280 0.937878
v 2.829497 3.390280 0.952754
v 2.829497 3.208337 0.774174
v 3.607893 3.208337 0.774175
v 3.510000 3.388390 0.933666
v 2.829497 3.388390 0.933664
v 3.614494 3.208066 0.778387
v 3.614494 3.208066 1.112245
v 3.516605 3.388118 0.952754
v 3.516605 3.388118 0.937881
v 2.829497 3.208337 1.116459
v 3.607884 3.208337 1.116462
v 2.829497 3.388390 0.956968
v 3.510000 3.388390 0.956970
v 2.829497 3.208066 0.778387
v 2.829497 3.208066 1.112244
v 2.829497 3.388118 0.937878
v 2.829497 3.388118 0.952754
v 2.829493 2.791541 1.128384
v 3.631097 2.791541 1.128383
v 3.631098 2.791541 0.762247
v 2.829493 2.791541 0.762251
v 2.829493 2.765086 1.128384
v 3.631097 2.765086 1.128383
v 3.631098 2.765086 0.762247
v 2.829493 2.765086 0.762251
v 3.596575 2.883607 1.046968
v 3.596575 2.883607 0.843666
v 3.596575 3.164838 1.046968
v 3.596575 3.164838 0.843666
v 3.606155 2.883607 1.046968
v 3.606155 2.883607 0.843666
v 3.606155 3.164838 1.046968
v 3.606155 3.164838 0.843666
v 3.606155 2.900189 1.031574
v 3.606155 2.900189 0.859060
v 3.606155 3.148258 1.031574
v 3.606155 3.148258 0.859060
v 3.572254 2.900189 1.031572
v 3.572246 2.900189 0.859062
v 3.572254 3.148258 1.031572
v 3.572246 3.148258 0.859062
vt -1.359731 1.379283
vt -1.359731 0.226720
vt -1.313951 0.226720
vt -1.313951 1.379283
vt -1.443029 1.379283
vt -1.443029 0.226720
vt -1.397249 0.226720
vt -1.397249 1.379283
vt 0.726061 0.638768
vt 0.273940 0.638768
vt 0.489928 0.361230
vt 0.510071 0.361230
vt -2.113176 1.303720
vt -2.113176 0.263858
vt -1.552372 0.760627
vt -1.552372 0.806956
vt -2.106436 0.263858
vt -1.545635 0.760627
vt -1.545635 0.806956
vt -2.106436 1.303720
vt -2.118925 0.226720
vt -1.518067 0.758970
vt -1.518067 0.808611
vt -2.118925 1.340859
vt -2.556958 2.479404
vt -2.556958 1.365265
vt -2.544472 1.402403
vt -2.544472 2.442266
vt -1.956100 1.897513
vt -1.983668 1.899167
vt -1.956100 1.947153
vt -1.983668 1.945496
vt 1.551643 2.999949
vt 1.019395 3.600809
vt 1.040442 3.577054
vt 1.537204 3.016251
vt 1.030870 3.567350
vt 1.527631 3.006545
vt 2.097760 3.009653
vt 1.600996 3.570457
vt 1.591421 3.560753
vt 2.088187 2.999949
vt 2.636376 3.618779
vt 2.139612 3.057976
vt 2.149184 3.048271
vt 2.645951 3.609076
vt 3.184565 3.618779
vt 2.687803 3.057976
vt 2.697376 3.048271
vt 3.194137 3.609076
vt -0.880622 1.579348
vt -0.880622 2.619211
vt -0.887358 2.619211
vt -0.887358 1.579348
vt 1.916454 0.190334
vt 1.916454 -2.271552
vt 1.966094 -2.271552
vt 1.966094 0.190334
vt 1.895409 0.190334
vt 1.895409 -2.253596
vt 1.987141 -2.253596
vt 1.987141 0.190334
vt 1.384203 -2.598226
vt 1.398645 -2.558486
vt 2.498342 -2.598226
vt 2.483902 -2.558486
vt 1.384203 0.190334
vt 1.398645 0.190334
vt 2.498342 0.190334
vt 2.483902 0.190334
vt 1.364993 0.190339
vt 1.364993 -2.618778
vt 2.517557 -2.618778
vt 2.517557 0.190339
vt 3.444070 3.023859
vt 3.444070 0.310269
vt 3.533351 0.214747
vt 3.533351 3.023865
vt 2.470071 0.310269
vt 2.380788 0.214747
vt 2.470071 3.023859
vt 2.380788 3.023865
vt -1.480544 1.379285
vt -1.480544 0.226722
vt -1.480549 0.245931
vt -1.480549 1.360070
vt 3.533349 3.048272
vt 3.533349 3.580522
vt 3.533349 3.566080
vt 3.533349 3.069316
vt -1.292068 1.579349
vt -1.292068 2.619211
vt -1.304460 2.619211
vt -1.304460 1.579349
vt -1.232486 2.076113
vt -1.232486 2.122442
vt -1.244875 2.122442
vt -1.244875 2.076113
vt -0.927590 2.619211
vt -0.939983 2.619211
vt -0.927590 1.579349
vt -0.939983 1.579349
vt 2.297490 3.023864
vt 2.297490 0.214746
vt 2.343270 0.214746
vt 2.343270 3.023864
vt 2.259975 0.214747
vt 2.259975 3.023865
vt 2.214195 3.023865
vt 2.214195 0.214747
vt 1.679911 2.963567
vt 1.679911 0.214747
vt 1.670338 2.963567
vt 1.670338 0.214747
vt 1.623251 0.226722
vt 1.623251 2.975542
vt 1.126489 2.975542
vt 1.126489 0.531612
vt 1.632823 0.226722
vt 1.632823 2.975542
vt 1.136062 2.975542
vt 1.136062 0.531612
vt 1.088971 0.226722
vt 1.088971 2.670652
vt 1.079396 2.670652
vt 1.079396 0.226722
vt 0.000008 1.000000
vt 1.000008 1.000000
vt 1.000008 0.000000
vt 0.000008 0.000000
vt 0.950784 0.969319
vt 1.389999 0.969319
vt 1.389999 1.439279
vt 0.950784 1.439279
vt 0.913266 0.877488
vt 1.427518 0.877488
vt 0.913266 0.840330
vt 1.427518 0.840330
vt 0.864271 0.969319
vt 0.425056 0.969319
vt 0.387538 0.877489
vt 0.901790 0.877489
vt 0.787440 1.006801
vt 0.501889 1.006801
vt 0.387538 0.840331
vt 0.901790 0.840331
vt 0.864271 1.439280
vt 0.787440 1.401798
vt 0.425056 1.439280
vt 0.501889 1.401798
vt 0.789672 0.832864
vt 0.789672 -0.439280
vt 1.303925 -0.439280
vt 1.303925 0.832864
vt -0.465853 -0.280125
vt 0.757813 -0.280125
vt 0.757813 0.189835
vt -0.465853 0.189835
vt -0.465856 -0.371957
vt 0.806288 -0.371957
vt -0.465856 -0.409114
vt 0.806288 -0.409114
vt -0.465853 0.203750
vt 0.757813 0.203750
vt 0.757813 0.673710
vt -0.465853 0.673710
vt 0.806288 0.765541
vt -0.465856 0.765541
vt 0.806288 0.802698
vt -0.465856 0.802698
vt -1.590760 -1.771007
vt 1.030538 -1.771007
vt 0.832033 -1.557232
vt -1.392255 -1.557232
vt 1.030538 1.855000
vt 0.832033 1.641232
vt -1.590760 1.855000
vt -1.392255 1.641232
vt 2.006740 0.850290
vt 2.006740 -1.771007
vt 2.130192 -1.771007
vt 2.130192 0.850290
vt 2.167262 0.850290
vt 2.167262 -1.771007
vt 2.290713 -1.771007
vt 2.290713 0.850290
vt 2.764851 -1.771007
vt 2.764851 0.453281
vt 2.327769 0.453281
vt 2.327769 -1.771007
vt 2.912744 0.472618
vt 2.912744 2.696906
vt 2.475662 2.696906
vt 2.475662 0.472618
vt -1.912744 1.855000
vt -1.912744 -1.771007
vt -1.789292 -1.771007
vt -1.789292 1.855000
vt -1.751281 1.855000
vt -1.751281 -1.771007
vt -1.627830 -1.771007
vt -1.627830 1.855000
vt 1.499599 -1.771007
vt 1.499599 1.427456
vt 1.062518 1.427456
vt 1.062518 -1.771007
vt 1.971703 -1.771007
vt 1.971703 1.427456
vt 1.534622 1.427456
vt 1.534622 -1.771007
vt 1.083826 0.167668
vt 1.083826 0.494786
vt -0.536311 0.494786
vt -0.714153 0.167668
vt 1.083826 0.505214
vt 0.905984 0.832332
vt -0.714153 0.832332
vt -0.714153 0.505214
vn 0.000005 0.067881 -0.997693
vn 0.000006 0.000000 -1.000000
vn 0.000006 0.000000 -1.000000
vn 0.000004 0.083402 -0.996516
vn 0.000000 1.000000 0.000000
vn 0.000000 1.000000 0.000000
vn 0.000000 1.000000 0.000000
vn 0.000000 1.000000 0.000000
vn -0.000003 0.000000 1.000000
vn -0.000003 0.067880 0.997694
vn -0.000003 0.083400 0.996516
vn -0.000003 0.000000 1.000000
vn 0.000000 -1.000000 0.000000
vn 0.000000 -1.000000 0.000000
vn 0.000000 -1.000000 0.000000
vn 0.000000 -1.000000 0.000000
vn 1.000000 0.000000 -0.000050
vn 1.000000 0.000000 -0.000050
vn 1.000000 0.000000 -0.000050
vn 1.000000 0.000000 -0.000050
vn -1.000000 0.000014 0.000000
vn -1.000000 0.000000 0.000000
vn -1.000000 0.000000 0.000000
vn -1.000000 0.000014 0.000000
vn 0.000000 -1.000000 0.000000
vn 0.000000 -1.000000 0.000000
vn 0.000000 -1.000000 -0.000000
vn 0.000000 -1.000000 -0.000000
vn 0.000000 -1.000000 0.000007
vn 0.000000 -1.000000 0.000007
vn 0.000000 -1.000000 0.000011
vn 0.000000 -1.000000 0.000011
vn 0.000001 0.000000 -1.000000
vn 0.000001 0.000000 -1.000000
vn 0.000001 0.000000 -1.000000
vn 0.000001 0.000000 -1.000000
vn 1.000000 0.000000 -0.000023
vn 1.000000 0.000000 -0.000023
vn 1.000000 0.000000 -0.000023
vn 1.000000 0.000000 -0.000023
vn -0.000001 0.000000 1.000000
vn -0.000001 0.000000 1.000000
vn -0.000001 0.000000 1.000000
vn -0.000001 0.000000 1.000000
vn -1.000000 0.000000 0.000000
vn -1.000000 0.000000 0.000000
vn -1.000000 0.000000 0.000000
vn -1.000000 0.000000 0.000000
vn 0.000000 1.000000 0.000000
vn 0.000000 1.000000 0.000000
vn 0.000000 1.000000 -0.000000
vn 0.000000 1.000000 -0.000000
vn 0.000000 1.000000 -0.000000
vn 0.000000 1.000000 -0.000000
vn 0.000000 1.000000 0.000000
vn 0.000000 1.000000 0.000000
vn 0.000001 0.663071 -0.748557
vn 0.000001 0.663070 -0.748557
vn 0.000001 0.663071 -0.748557
vn 0.000001 0.663071 -0.748557
vn 0.878554 0.477643 0.000001
vn 0.878554 0.477643 0.000001
vn 0.878554 0.477643 0.000001
vn 0.878554 0.477643 0.000001
vn -0.000002 0.663073 0.748555
vn -0.000002 0.663073 0.748555
vn -0.000002 0.663073 0.748555
vn -0.000002 0.663073 0.748555
vn -1.000000 0.000000 0.000000
vn -1.000000 0.000000 0.000000
vn -1.000000 0.000000 0.000000
vn -1.000000 0.000000 0.000000
vn 0.000001 0.663210 -0.748433
vn 0.000028 0.663210 -0.748433
vn -0.000008 0.663164 -0.748474
vn -0.000011 0.663151 -0.748486
vn -0.000007 0.663091 -0.748539
vn -0.000006 0.663093 -0.748537
vn 0.000023 0.663105 -0.748527
vn 0.000002 0.663105 -0.748527
vn 0.878424 0.477882 -0.000217
vn 0.878425 0.477881 -0.000176
vn 0.878502 0.477739 -0.000047
vn 0.878518 0.477709 -0.000059
vn 0.878563 0.477627 -0.000095
vn 0.878545 0.477660 -0.000085
vn 0.878420 0.477889 -0.000333
vn 0.878418 0.477893 -0.000297
vn 0.000013 0.663101 0.748530
vn 0.000010 0.663104 0.748527
vn -0.000035 0.663120 0.748514
vn -0.000000 0.663113 0.748519
vn -0.000030 0.663163 0.748475
vn -0.000003 0.663158 0.748479
vn 0.000008 0.663137 0.748498
vn 0.000006 0.663140 0.748495
vn -1.000000 -0.000043 0.000000
vn -1.000000 -0.000052 0.000000
vn -1.000000 -0.000042 0.000000
vn -1.000000 -0.000031 0.000000
vn -1.000000 0.000000 0.000000
vn -1.000000 0.000000 0.000000
vn -1.000000 -0.000018 0.000000
vn -1.000000 -0.000016 0.000000
vn -0.000001 0.702047 0.712131
vn -0.000001 0.702047 0.712131
vn -0.000001 0.702047 0.712131
vn -0.000001 0.702047 0.712131
vn -0.925954 -0.265883 -0.268169
vn -0.925954 -0.265883 -0.268169
vn -0.925954 -0.265883 -0.268169
vn -0.925954 -0.265883 -0.268169
vn 0.000002 -0.702520 -0.711664
vn 0.000002 -0.702520 -0.711664
vn 0.000002 -0.702520 -0.711664
vn 0.000002 -0.702520 -0.711664
vn 1.000000 0.000000 0.000000
vn 1.000000 0.000000 0.000000
vn 1.000000 0.000000 0.000000
vn 1.000000 0.000000 0.000000
vn -0.478216 0.878242 -0.000005
vn -0.478216 0.878242 -0.000005
vn -0.478216 0.878242 -0.000005
vn -0.478216 0.878242 -0.000005
vn 0.293909 -0.539287 -0.789169
vn 0.293909 -0.539287 -0.789169
vn 0.293909 -0.539287 -0.789169
vn 0.293909 -0.539287 -0.789169
vn 0.477806 -0.878465 0.000000
vn 0.477806 -0.878465 0.000000
vn 0.477806 -0.878465 0.000000
vn 0.477806 -0.878465 0.000000
vn 0.293480 -0.539505 0.789179
vn 0.293480 -0.539505 0.789179
vn 0.293480 -0.539505 0.789180
vn 0.293480 -0.539505 0.789180
vn 0.000001 0.701861 -0.712314
vn 0.000001 0.701861 -0.712314
vn 0.000001 0.701861 -0.712314
vn 0.000001 0.701861 -0.712314
vn 1.000000 0.000000 0.000000
vn 1.000000 0.000000 0.000000
vn 1.000000 0.000000 0.000000
vn 1.000000 0.000000 0.000000
vn -0.000003 -0.702409 0.711773
vn -0.000003 -0.702409 0.711773
vn -0.000003 -0.702409 0.711773
vn -0.000003 -0.702409 0.711773
vn -0.925913 -0.264539 0.269637
vn -0.925913 -0.264539 0.269637
vn -0.925913 -0.264539 0.269637
vn -0.925913 -0.264539 0.269637
vn 1.000000 0.000000 0.000000
vn 1.000000 0.000000 0.000000
vn 1.000000 0.000000 0.000000
vn 1.000000 0.000000 0.000000
vn -1.000000 0.000000 0.000000
vn -1.000000 0.000000 0.000000
vn -1.000000 0.000000 0.000000
vn -1.000000 0.000000 0.000000
vn -1.000000 0.000000 0.000000
vn -1.000000 0.000000 0.000000
vn -1.000000 0.000000 0.000000
vn -1.000000 0.000000 0.000000
vn -1.000000 0.000000 0.000000
vn -1.000000 0.000000 0.000000
vn -1.000000 0.000000 0.000000
vn -1.000000 0.000000 0.000000
vn 0.000000 0.277657 0.960680
vn 0.000000 0.250047 0.968234
vn 0.944332 0.328995 -0.000002
vn 0.947218 0.320589 0.000000
vn 0.947221 0.320583 0.000000
vn 0.944329 0.329003 -0.000000
vn -0.000002 0.250051 -0.968233
vn -0.000002 0.277662 -0.960679
vn -1.000000 0.000043 0.000000
vn -1.000000 0.000043 0.000000
vn 0.000002 0.000000 1.000000
vn 0.000002 0.000000 1.000000
vn 1.000000 0.000000 0.000001
vn 1.000000 0.000000 0.000001
vn -0.000005 0.000000 -1.000000
vn -0.000005 0.000000 -1.000000
vn -1.000000 0.000000 0.000000
vn -1.000000 0.000000 0.000000
vn 1.000000 0.000006 -0.000000
vn 1.000000 0.000006 -0.000006
vn 1.000000 -0.000006 -0.000006
vn 1.000000 -0.000002 -0.000008
vn 1.000000 -0.000006 -0.000000
vn 1.000000 -0.000002 -0.000000
vn 0.000000 -1.000000 0.000000
vn 0.000000 -1.000000 0.000000
vn 0.000000 -1.000000 0.000000
vn 0.000000 -1.000000 0.000000
vn 0.000000 0.000000 1.000000
vn 0.000000 0.000000 1.000000
vn 0.000000 0.000000 1.000000
vn 0.000000 0.000000 1.000000
vn 0.000000 1.000000 0.000000
vn 0.000000 1.000000 0.000000
vn 0.000000 1.000000 0.000000
vn 0.000000 1.000000 0.000000
vn 0.000000 0.000000 -1.000000
vn 0.000000 0.000000 -1.000000
vn 0.000000 0.000000 -1.000000
vn 0.000000 0.000000 -1.000000
vn 1.000000 0.000000 0.000000
vn 1.000000 0.000000 0.000000
vn 1.000000 0.000000 0.000000
vn 1.000000 0.000000 0.000000
vn 1.000000 0.000000 0.000000
vn 1.000000 0.000000 0.000000
vn 1.000000 0.000000 0.000000
vn 1.000000 0.000000 0.000000
vn 0.000000 1.000000 0.000000
vn 0.000000 1.000000 0.000000
vn 0.000000 1.000000 0.000000
vn 0.000000 1.000000 0.000000
vn 0.000053 0.000000 -1.000000
vn 0.000053 0.000000 -1.000000
vn 0.000053 0.000000 -1.000000
vn 0.000053 0.000000 -1.000000
vn 0.000000 -1.000000 0.000000
vn 0.000000 -1.000000 0.000000
vn 0.000000 -1.000000 0.000000
vn 0.000000 -1.000000 0.000000
vn 0.000057 0.000000 1.000000
vn 0.000057 0.000000 1.000000
vn 0.000057 0.000000 1.000000
vn 0.000057 0.000000 1.000000
s 1
g House pCube247
usemtl lambert14SG
f 2454/4817/4542 2456/4820/4543 2457/4819/4544 2455/4818/4545
s off
usemtl lambert8SG
f 2474/4717/4546 2477/4720/4547 2476/4719/4548 2475/4718/4549
s 2
usemtl lambert14SG
f 2458/4825/4550 2460/4828/4551 2461/4827/4552 2459/4826/4553
s off
f 2514/4813/4554 2517/4816/4555 2516/4815/4556 2515/4814/4557
usemtl lambert15SG
f 2531/4789/4558 2533/4792/4559 2532/4791/4560 2530/4790/4561
s 3
usemtl lambert14SG
f 2460/4793/4562 2458/4796/4563 2456/4795/4564 2454/4794/4565
s 4
usemtl lambert8SG
f 2456/4737/4566 2462/4740/4567 2463/4739/4568 2457/4738/4569
f 2457/4738/4569 2463/4739/4568 2464/4742/4570 2459/4741/4571
f 2459/4741/4571 2464/4742/4570 2465/4744/4572 2458/4743/4573
f 2458/4743/4573 2465/4744/4572 2462/4740/4567 2456/4737/4566
s off
f 2462/4765/4574 2466/4768/4575 2467/4767/4576 2463/4766/4577
f 2463/4663/4578 2467/4666/4579 2468/4665/4580 2464/4664/4581
f 2464/4769/4582 2468/4772/4583 2469/4771/4584 2465/4770/4585
f 2465/4667/4586 2469/4670/4587 2466/4669/4588 2462/4668/4589
s 5
f 2466/4733/4590 2470/4729/4591 2471/4725/4592 2467/4734/4593
f 2467/4734/4593 2471/4725/4592 2472/4727/4594 2468/4735/4595
f 2468/4735/4595 2472/4727/4594 2473/4731/4596 2469/4736/4597
f 2469/4745/4597 2473/4748/4596 2470/4747/4591 2466/4746/4590
s off
usemtl blinn3SG
f 2494/4873/4598 2497/4874/4599 2496/4875/4600 2495/4876/4601
f 2498/4671/4602 2501/4674/4603 2500/4673/4604 2499/4672/4605
f 2503/4877/4606 2505/4878/4607 2504/4879/4608 2502/4880/4609
usemtl lambert8SG
f 2507/4675/4610 2509/4678/4611 2508/4677/4612 2506/4676/4613
s 6
f 2470/4729/4614 2478/4730/4615 2479/4726/4616 2471/4725/4617
f 2471/4725/4617 2479/4726/4616 2480/4722/4618 2475/4718/4619
f 2475/4718/4619 2480/4722/4618 2481/4721/4620 2474/4717/4621
f 2474/4749/4621 2481/4752/4620 2478/4751/4615 2470/4750/4614
s 7
f 2471/4687/4622 2482/4690/4623 2483/4689/4624 2472/4688/4625
f 2472/4688/4625 2483/4689/4624 2484/4692/4626 2476/4691/4627
f 2476/4691/4627 2484/4692/4626 2485/4694/4628 2475/4693/4629
f 2475/4693/4629 2485/4694/4628 2482/4690/4623 2471/4687/4622
s 8
f 2472/4727/4630 2487/4728/4631 2486/4732/4632 2473/4731/4633
f 2473/4695/4633 2486/4698/4632 2488/4697/4634 2477/4696/4635
f 2477/4720/4635 2488/4724/4634 2489/4723/4636 2476/4719/4637
f 2476/4719/4637 2489/4723/4636 2487/4728/4631 2472/4727/4630
s 9
f 2473/4686/4638 2491/4682/4639 2490/4679/4640 2470/4683/4641
f 2470/4683/4641 2490/4679/4640 2492/4680/4642 2474/4684/4643
f 2474/4684/4643 2492/4680/4642 2493/4681/4644 2477/4685/4645
f 2477/4685/4645 2493/4681/4644 2491/4682/4639 2473/4686/4638
s off
f 2478/4775/4646 2494/4773/4647 2495/4774/4648 2479/4776/4649
f 2479/4701/4650 2495/4704/4651 2496/4703/4652 2480/4702/4653
f 2480/4785/4654 2496/4788/4655 2497/4787/4656 2481/4786/4657
f 2481/4705/4658 2497/4708/4659 2494/4707/4660 2478/4706/4661
f 2482/4753/4662 2498/4756/4663 2499/4755/4664 2483/4754/4665
f 2483/4763/4666 2499/4764/4667 2500/4760/4668 2484/4757/4669
f 2484/4757/4670 2500/4760/4671 2501/4759/4672 2485/4758/4673
f 2485/4758/4674 2501/4759/4675 2498/4762/4676 2482/4761/4677
f 2487/4781/4678 2503/4777/4679 2502/4778/4680 2486/4782/4681
f 2486/4698/4682 2502/4700/4683 2504/4699/4684 2488/4697/4685
f 2488/4783/4686 2504/4779/4687 2505/4780/4688 2489/4784/4689
f 2489/4709/4690 2505/4712/4691 2503/4711/4692 2487/4710/4693
f 2491/4713/4694 2507/4716/4695 2506/4715/4696 2490/4714/4697
f 2490/4679/4698 2506/4676/4699 2508/4677/4700 2492/4680/4701
f 2492/4680/4702 2508/4677/4703 2509/4678/4704 2493/4681/4705
f 2493/4681/4706 2509/4678/4707 2507/4675/4708 2491/4682/4709
s 2
usemtl lambert14SG
f 2460/4828/4551 2510/4830/4710 2511/4829/4711 2461/4827/4552
s 10
f 2461/4801/4712 2511/4804/4713 2512/4803/4714 2455/4802/4715
s 1
f 2455/4818/4545 2512/4822/4716 2513/4821/4717 2454/4817/4542
s 3
f 2454/4794/4565 2513/4798/4718 2510/4797/4719 2460/4793/4562
s 2
f 2510/4830/4710 2514/4832/4720 2515/4831/4721 2511/4829/4711
s 10
f 2511/4804/4713 2515/4808/4722 2516/4807/4723 2512/4803/4714
s 1
f 2512/4822/4716 2516/4824/4724 2517/4823/4725 2513/4821/4717
s 3
f 2513/4798/4718 2517/4800/4726 2514/4799/4727 2510/4797/4719
s 10
f 2455/4802/4715 2519/4806/4728 2518/4805/4729 2461/4801/4712
f 2461/4801/4712 2518/4805/4729 2520/4810/4730 2459/4809/4731
f 2459/4809/4731 2520/4810/4730 2521/4812/4732 2457/4811/4733
f 2457/4811/4733 2521/4812/4732 2519/4806/4728 2455/4802/4715
s off
usemtl lambert8SG
f 2519/4841/4734 2523/4844/4735 2522/4843/4736 2518/4842/4737
f 2518/4857/4738 2522/4860/4739 2524/4859/4740 2520/4858/4741
f 2520/4845/4742 2524/4848/4743 2525/4847/4744 2521/4846/4745
f 2521/4861/4746 2525/4864/4747 2523/4863/4748 2519/4862/4749
s 11
f 2523/4833/4750 2527/4836/4751 2526/4835/4752 2522/4834/4753
f 2522/4834/4753 2526/4835/4752 2528/4838/4754 2524/4837/4755
f 2524/4837/4755 2528/4838/4754 2529/4840/4756 2525/4839/4757
f 2525/4839/4757 2529/4840/4756 2527/4836/4751 2523/4833/4750
s off
f 2527/4849/4758 2531/4852/4759 2530/4851/4760 2526/4850/4761
f 2526/4865/4762 2530/4868/4763 2532/4867/4764 2528/4866/4765
f 2528/4853/4766 2532/4856/4767 2533/4855/4768 2529/4854/4769
f 2529/4869/4770 2533/4872/4771 2531/4871/4772 2527/4870/4773
g default
v 2.829497 2.856923 -1.291825
v 3.596575 2.856923 -1.291820
v 2.829497 3.191522 -1.291825
v 3.596575 3.191522 -1.291820
v 2.829497 3.191522 -0.979114
v 3.596575 3.191522 -0.979111
v 2.829497 2.856923 -0.979114
v 3.596575 2.856923 -0.979111
v 2.829493 3.191522 -1.320486
v 3.627243 3.191522 -1.320486
v 3.627252 3.191522 -0.950446
v 2.829493 3.191522 -0.950447
v 2.829493 3.206220 -1.320486
v 3.627243 3.206220 -1.320486
v 3.627252 3.206220 -0.950446
v 2.829493 3.206220 -0.950447
v 2.829497 3.206220 -1.314321
v 3.620650 3.206220 -1.314320
v 3.620651 3.206220 -0.956615
v 2.829497 3.206220 -0.956616
v 2.829497 3.399132 -1.143438
v 3.515764 3.399132 -1.143435
v 3.515764 3.399132 -1.127498
v 2.829497 3.399132 -1.127500
v 2.829497 3.211454 -1.309683
v 3.607884 3.211454 -1.309681
v 3.510000 3.391505 -1.150194
v 2.829497 3.391505 -1.150194
v 3.618473 3.210230 -1.302397
v 3.618465 3.210230 -0.968537
v 3.520580 3.390280 -1.128030
v 3.520580 3.390280 -1.142903
v 2.829497 3.211454 -0.961254
v 3.607893 3.211454 -0.961253
v 2.829497 3.391505 -1.120742
v 3.510000 3.391505 -1.120740
v 2.829497 3.210230 -1.302397
v 2.829497 3.210230 -0.968540
v 2.829497 3.390280 -1.142906
v 2.829497 3.390280 -1.128031
v 2.829497 3.208337 -1.306609
v 3.607893 3.208337 -1.306609
v 3.510000 3.388390 -1.147118
v 2.829497 3.388390 -1.147120
v 3.614494 3.208066 -1.302397
v 3.614494 3.208066 -0.968539
v 3.516605 3.388118 -1.128030
v 3.516605 3.388118 -1.142903
v 2.829497 3.208337 -0.964325
v 3.607884 3.208337 -0.964323
v 2.829497 3.388390 -1.123816
v 3.510000 3.388390 -1.123814
v 2.829497 3.208066 -1.302397
v 2.829497 3.208066 -0.968540
v 2.829497 3.388118 -1.142906
v 2.829497 3.388118 -1.128031
v 2.829493 2.791541 -0.952400
v 3.631097 2.791541 -0.952401
v 3.631098 2.791541 -1.318537
v 2.829493 2.791541 -1.318533
v 2.829493 2.765086 -0.952400
v 3.631097 2.765086 -0.952401
v 3.631098 2.765086 -1.318537
v 2.829493 2.765086 -1.318533
v 3.596575 2.883607 -1.033815
v 3.596575 2.883607 -1.237118
v 3.596575 3.164838 -1.033815
v 3.596575 3.164838 -1.237118
v 3.606155 2.883607 -1.033815
v 3.606155 2.883607 -1.237118
v 3.606155 3.164838 -1.033815
v 3.606155 3.164838 -1.237118
v 3.606155 2.900189 -1.049210
v 3.606155 2.900189 -1.221724
v 3.606155 3.148258 -1.049210
v 3.606155 3.148258 -1.221724
v 3.572254 2.900189 -1.049212
v 3.572246 2.900189 -1.221722
v 3.572254 3.148258 -1.049212
v 3.572246 3.148258 -1.221722
vt -1.359731 1.379283
vt -1.359731 0.226720
vt -1.313951 0.226720
vt -1.313951 1.379283
vt -1.443029 1.379283
vt -1.443029 0.226720
vt -1.397249 0.226720
vt -1.397249 1.379283
vt 0.726061 0.638768
vt 0.273940 0.638768
vt 0.489928 0.361230
vt 0.510071 0.361230
vt -2.113176 1.303720
vt -2.113176 0.263858
vt -1.552372 0.760627
vt -1.552372 0.806956
vt -2.106436 0.263858
vt -1.545635 0.760627
vt -1.545635 0.806956
vt -2.106436 1.303720
vt -2.118925 0.226720
vt -1.518067 0.758970
vt -1.518067 0.808611
vt -2.118925 1.340859
vt -2.556958 2.479404
vt -2.556958 1.365265
vt -2.544472 1.402403
vt -2.544472 2.442266
vt -1.956100 1.897513
vt -1.983668 1.899167
vt -1.956100 1.947153
vt -1.983668 1.945496
vt 1.551643 2.999949
vt 1.019395 3.600809
vt 1.040442 3.577054
vt 1.537204 3.016251
vt 1.030870 3.567350
vt 1.527631 3.006545
vt 2.097760 3.009653
vt 1.600996 3.570457
vt 1.591421 3.560753
vt 2.088187 2.999949
vt 2.636376 3.618779
vt 2.139612 3.057976
vt 2.149184 3.048271
vt 2.645951 3.609076
vt 3.184565 3.618779
vt 2.687803 3.057976
vt 2.697376 3.048271
vt 3.194137 3.609076
vt -0.880622 1.579348
vt -0.880622 2.619211
vt -0.887358 2.619211
vt -0.887358 1.579348
vt 1.916454 0.190334
vt 1.916454 -2.271552
vt 1.966094 -2.271552
vt 1.966094 0.190334
vt 1.895409 0.190334
vt 1.895409 -2.253596
vt 1.987141 -2.253596
vt 1.987141 0.190334
vt 1.384203 -2.598226
vt 1.398645 -2.558486
vt 2.498342 -2.598226
vt 2.483902 -2.558486
vt 1.384203 0.190334
vt 1.398645 0.190334
vt 2.498342 0.190334
vt 2.483902 0.190334
vt 1.364993 0.190339
vt 1.364993 -2.618778
vt 2.517557 -2.618778
vt 2.517557 0.190339
vt 3.444070 3.023859
vt 3.444070 0.310269
vt 3.533351 0.214747
vt 3.533351 3.023865
vt 2.470071 0.310269
vt 2.380788 0.214747
vt 2.470071 3.023859
vt 2.380788 3.023865
vt -1.480544 1.379285
vt -1.480544 0.226722
vt -1.480549 0.245931
vt -1.480549 1.360070
vt 3.533349 3.048272
vt 3.533349 3.580522
vt 3.533349 3.566080
vt 3.533349 3.069316
vt -1.292068 1.579349
vt -1.292068 2.619211
vt -1.304460 2.619211
vt -1.304460 1.579349
vt -1.232486 2.076113
vt -1.232486 2.122442
vt -1.244875 2.122442
vt -1.244875 2.076113
vt -0.927590 2.619211
vt -0.939983 2.619211
vt -0.927590 1.579349
vt -0.939983 1.579349
vt 2.297490 3.023864
vt 2.297490 0.214746
vt 2.343270 0.214746
vt 2.343270 3.023864
vt 2.259975 0.214747
vt 2.259975 3.023865
vt 2.214195 3.023865
vt 2.214195 0.214747
vt 1.679911 2.963567
vt 1.679911 0.214747
vt 1.670338 2.963567
vt 1.670338 0.214747
vt 1.623251 0.226722
vt 1.623251 2.975542
vt 1.126489 2.975542
vt 1.126489 0.531612
vt 1.632823 0.226722
vt 1.632823 2.975542
vt 1.136062 2.975542
vt 1.136062 0.531612
vt 1.088971 0.226722
vt 1.088971 2.670652
vt 1.079396 2.670652
vt 1.079396 0.226722
vt 0.000008 1.000000
vt 1.000008 1.000000
vt 1.000008 0.000000
vt 0.000008 0.000000
vt 0.950784 0.969319
vt 1.389999 0.969319
vt 1.389999 1.439279
vt 0.950784 1.439279
vt 0.913266 0.877488
vt 1.427518 0.877488
vt 0.913266 0.840330
vt 1.427518 0.840330
vt 0.864271 0.969319
vt 0.425056 0.969319
vt 0.387538 0.877489
vt 0.901790 0.877489
vt 0.787440 1.006801
vt 0.501889 1.006801
vt 0.387538 0.840331
vt 0.901790 0.840331
vt 0.864271 1.439280
vt 0.787440 1.401798
vt 0.425056 1.439280
vt 0.501889 1.401798
vt 0.789672 0.832864
vt 0.789672 -0.439280
vt 1.303925 -0.439280
vt 1.303925 0.832864
vt -0.465853 -0.280125
vt 0.757813 -0.280125
vt 0.757813 0.189835
vt -0.465853 0.189835
vt -0.465856 -0.371957
vt 0.806288 -0.371957
vt -0.465856 -0.409114
vt 0.806288 -0.409114
vt -0.465853 0.203750
vt 0.757813 0.203750
vt 0.757813 0.673710
vt -0.465853 0.673710
vt 0.806288 0.765541
vt -0.465856 0.765541
vt 0.806288 0.802698
vt -0.465856 0.802698
vt -1.590760 -1.771007
vt 1.030538 -1.771007
vt 0.832033 -1.557232
vt -1.392255 -1.557232
vt 1.030538 1.855000
vt 0.832033 1.641232
vt -1.590760 1.855000
vt -1.392255 1.641232
vt 2.006740 0.850290
vt 2.006740 -1.771007
vt 2.130192 -1.771007
vt 2.130192 0.850290
vt 2.167262 0.850290
vt 2.167262 -1.771007
vt 2.290713 -1.771007
vt 2.290713 0.850290
vt 2.764851 -1.771007
vt 2.764851 0.453281
vt 2.327769 0.453281
vt 2.327769 -1.771007
vt 2.912744 0.472618
vt 2.912744 2.696906
vt 2.475662 2.696906
vt 2.475662 0.472618
vt -1.912744 1.855000
vt -1.912744 -1.771007
vt -1.789292 -1.771007
vt -1.789292 1.855000
vt -1.751281 1.855000
vt -1.751281 -1.771007
vt -1.627830 -1.771007
vt -1.627830 1.855000
vt 1.499599 -1.771007
vt 1.499599 1.427456
vt 1.062518 1.427456
vt 1.062518 -1.771007
vt 1.971703 -1.771007
vt 1.971703 1.427456
vt 1.534622 1.427456
vt 1.534622 -1.771007
vt 1.083826 0.167668
vt 1.083826 0.494786
vt -0.536311 0.494786
vt -0.714153 0.167668
vt 1.083826 0.505214
vt 0.905984 0.832332
vt -0.714153 0.832332
vt -0.714153 0.505214
vn 0.000005 0.067881 -0.997693
vn 0.000006 0.000000 -1.000000
vn 0.000006 0.000000 -1.000000
vn 0.000005 0.083402 -0.996516
vn 0.000000 1.000000 0.000000
vn 0.000000 1.000000 0.000000
vn 0.000000 1.000000 0.000000
vn 0.000000 1.000000 0.000000
vn -0.000003 0.000000 1.000000
vn -0.000003 0.067881 0.997693
vn -0.000003 0.083402 0.996516
vn -0.000003 0.000000 1.000000
vn 0.000000 -1.000000 0.000000
vn 0.000000 -1.000000 0.000000
vn 0.000000 -1.000000 0.000000
vn 0.000000 -1.000000 0.000000
vn 1.000000 0.000000 -0.000050
vn 1.000000 0.000000 -0.000050
vn 1.000000 0.000000 -0.000050
vn 1.000000 0.000000 -0.000050
vn -1.000000 0.000013 0.000000
vn -1.000000 0.000000 0.000000
vn -1.000000 0.000000 0.000000
vn -1.000000 0.000013 0.000000
vn 0.000000 -1.000000 0.000000
vn 0.000000 -1.000000 0.000000
vn 0.000000 -1.000000 -0.000000
vn 0.000000 -1.000000 -0.000000
vn 0.000000 -1.000000 0.000007
vn 0.000000 -1.000000 0.000007
vn 0.000000 -1.000000 0.000011
vn 0.000000 -1.000000 0.000011
vn 0.000001 0.000000 -1.000000
vn 0.000001 0.000000 -1.000000
vn 0.000001 0.000000 -1.000000
vn 0.000001 0.000000 -1.000000
vn 1.000000 0.000000 -0.000023
vn 1.000000 0.000000 -0.000023
vn 1.000000 0.000000 -0.000023
vn 1.000000 0.000000 -0.000023
vn -0.000001 0.000000 1.000000
vn -0.000001 0.000000 1.000000
vn -0.000001 0.000000 1.000000
vn -0.000001 0.000000 1.000000
vn -1.000000 0.000000 0.000000
vn -1.000000 0.000000 0.000000
vn -1.000000 0.000000 0.000000
vn -1.000000 0.000000 0.000000
vn 0.000000 1.000000 0.000000
vn 0.000000 1.000000 0.000000
vn 0.000000 1.000000 -0.000000
vn 0.000000 1.000000 -0.000000
vn 0.000000 1.000000 -0.000000
vn 0.000000 1.000000 -0.000000
vn 0.000000 1.000000 0.000000
vn 0.000000 1.000000 0.000000
vn 0.000001 0.663069 -0.748558
vn 0.000001 0.663069 -0.748558
vn 0.000001 0.663069 -0.748558
vn 0.000001 0.663069 -0.748558
vn 0.878554 0.477643 0.000001
vn 0.878554 0.477643 0.000001
vn 0.878554 0.477643 0.000001
vn 0.878554 0.477643 0.000001
vn -0.000003 0.663072 0.748556
vn -0.000003 0.663072 0.748556
vn -0.000003 0.663072 0.748556
vn -0.000003 0.663072 0.748556
vn -1.000000 0.000000 0.000000
vn -1.000000 0.000000 0.000000
vn -1.000000 0.000000 0.000000
vn -1.000000 0.000000 0.000000
vn 0.000001 0.663248 -0.748399
vn 0.000048 0.663248 -0.748399
vn -0.000008 0.663191 -0.748450
vn -0.000011 0.663174 -0.748465
vn -0.000007 0.663100 -0.748531
vn -0.000006 0.663103 -0.748528
vn 0.000039 0.663118 -0.748515
vn 0.000002 0.663118 -0.748515
vn 0.878427 0.477876 -0.000217
vn 0.878433 0.477865 -0.000176
vn 0.878520 0.477707 -0.000047
vn 0.878533 0.477682 -0.000059
vn 0.878567 0.477620 -0.000095
vn 0.878549 0.477652 -0.000085
vn 0.878407 0.477913 -0.000333
vn 0.878407 0.477913 -0.000297
vn 0.000013 0.663137 0.748498
vn 0.000010 0.663144 0.748492
vn -0.000014 0.663165 0.748473
vn -0.000001 0.663170 0.748469
vn -0.000013 0.663180 0.748460
vn -0.000003 0.663184 0.748456
vn 0.000008 0.663156 0.748481
vn 0.000006 0.663161 0.748477
vn -1.000000 0.000000 0.000000
vn -1.000000 0.000000 0.000000
vn -1.000000 0.000000 0.000000
vn -1.000000 0.000000 0.000000
vn -1.000000 0.000000 0.000000
vn -1.000000 0.000000 0.000000
vn -1.000000 0.000000 0.000000
vn -1.000000 0.000000 0.000000
vn -0.000001 0.702102 0.712076
vn -0.000001 0.702102 0.712076
vn -0.000001 0.702102 0.712076
vn -0.000001 0.702102 0.712076
vn -0.925966 -0.265864 -0.268149
vn -0.925966 -0.265864 -0.268149
vn -0.925966 -0.265864 -0.268149
vn -0.925966 -0.265864 -0.268149
vn 0.000002 -0.702575 -0.711610
vn 0.000002 -0.702575 -0.711610
vn 0.000002 -0.702575 -0.711610
vn 0.000002 -0.702575 -0.711610
vn 1.000000 0.000000 0.000000
vn 1.000000 0.000000 0.000000
vn 1.000000 0.000000 0.000000
vn 1.000000 0.000000 0.000000
vn -0.478183 0.878260 -0.000005
vn -0.478183 0.878260 -0.000005
vn -0.478183 0.878260 -0.000005
vn -0.478183 0.878260 -0.000005
vn 0.293862 -0.539295 -0.789180
vn 0.293862 -0.539295 -0.789180
vn 0.293862 -0.539295 -0.789180
vn 0.293862 -0.539295 -0.789180
vn 0.477806 -0.878465 0.000000
vn 0.477806 -0.878465 0.000000
vn 0.477806 -0.878465 0.000000
vn 0.477806 -0.878465 0.000000
vn 0.293472 -0.539541 0.789158
vn 0.293472 -0.539541 0.789158
vn 0.293472 -0.539541 0.789158
vn 0.293472 -0.539541 0.789158
vn 0.000002 0.701861 -0.712314
vn 0.000002 0.701861 -0.712314
vn 0.000002 0.701861 -0.712314
vn 0.000002 0.701861 -0.712314
vn 1.000000 0.000000 0.000000
vn 1.000000 0.000000 0.000000
vn 1.000000 0.000000 0.000000
vn 1.000000 0.000000 0.000000
vn -0.000003 -0.702437 0.711746
vn -0.000003 -0.702437 0.711746
vn -0.000003 -0.702437 0.711746
vn -0.000003 -0.702437 0.711746
vn -0.925913 -0.264539 0.269637
vn -0.925913 -0.264539 0.269637
vn -0.925913 -0.264539 0.269637
vn -0.925913 -0.264539 0.269638
vn 1.000000 0.000000 0.000000
vn 1.000000 0.000000 0.000000
vn 1.000000 0.000000 0.000000
vn 1.000000 0.000000 0.000000
vn -1.000000 0.000000 0.000000
vn -1.000000 0.000000 0.000000
vn -1.000000 0.000000 0.000000
vn -1.000000 0.000000 0.000000
vn -1.000000 0.000000 0.000000
vn -1.000000 0.000000 0.000000
vn -1.000000 0.000000 0.000000
vn -1.000000 0.000000 0.000000
vn -1.000000 0.000000 0.000000
vn -1.000000 0.000000 0.000000
vn -1.000000 0.000000 0.000000
vn -1.000000 0.000000 0.000000
vn 0.000000 0.277661 0.960679
vn 0.000000 0.250051 0.968233
vn 0.944330 0.328999 -0.000002
vn 0.947217 0.320592 0.000000
vn 0.947219 0.320586 0.000000
vn 0.944328 0.329007 -0.000000
vn -0.000001 0.250051 -0.968233
vn -0.000001 0.277662 -0.960679
vn -1.000000 0.000039 0.000000
vn -1.000000 0.000039 0.000000
vn 0.000002 0.000000 1.000000
vn 0.000002 0.000000 1.000000
vn 1.000000 0.000000 0.000001
vn 1.000000 0.000000 0.000001
vn -0.000005 0.000000 -1.000000
vn -0.000005 0.000000 -1.000000
vn -1.000000 0.000000 0.000000
vn -1.000000 0.000000 0.000000
vn 1.000000 0.000000 -0.000000
vn 1.000000 0.000000 -0.000006
vn 1.000000 0.000000 -0.000006
vn 1.000000 0.000000 -0.000008
vn 1.000000 0.000000 -0.000000
vn 1.000000 0.000000 -0.000000
vn 0.000000 -1.000000 0.000000
vn 0.000000 -1.000000 0.000000
vn 0.000000 -1.000000 0.000000
vn 0.000000 -1.000000 0.000000
vn 0.000000 0.000000 1.000000
vn 0.000000 0.000000 1.000000
vn 0.000000 0.000000 1.000000
vn 0.000000 0.000000 1.000000
vn 0.000000 1.000000 0.000000
vn 0.000000 1.000000 0.000000
vn 0.000000 1.000000 0.000000
vn 0.000000 1.000000 0.000000
vn 0.000000 0.000000 -1.000000
vn 0.000000 0.000000 -1.000000
vn 0.000000 0.000000 -1.000000
vn 0.000000 0.000000 -1.000000
vn 1.000000 0.000000 0.000000
vn 1.000000 0.000000 0.000000
vn 1.000000 0.000000 0.000000
vn 1.000000 0.000000 0.000000
vn 1.000000 0.000000 0.000000
vn 1.000000 0.000000 0.000000
vn 1.000000 0.000000 0.000000
vn 1.000000 0.000000 0.000000
vn 0.000000 1.000000 0.000000
vn 0.000000 1.000000 0.000000
vn 0.000000 1.000000 0.000000
vn 0.000000 1.000000 0.000000
vn 0.000071 0.000000 -1.000000
vn 0.000071 0.000000 -1.000000
vn 0.000071 0.000000 -1.000000
vn 0.000071 0.000000 -1.000000
vn 0.000000 -1.000000 0.000000
vn 0.000000 -1.000000 0.000000
vn 0.000000 -1.000000 0.000000
vn 0.000000 -1.000000 0.000000
vn 0.000071 0.000000 1.000000
vn 0.000071 0.000000 1.000000
vn 0.000071 0.000000 1.000000
vn 0.000071 0.000000 1.000000
s 1
g House pCube248
usemtl lambert14SG
f 2534/5035/4774 2536/5038/4775 2537/5037/4776 2535/5036/4777
s off
usemtl lambert8SG
f 2554/4935/4778 2557/4938/4779 2556/4937/4780 2555/4936/4781
s 2
usemtl lambert14SG
f 2538/5043/4782 2540/5046/4783 2541/5045/4784 2539/5044/4785
s off
f 2594/5031/4786 2597/5034/4787 2596/5033/4788 2595/5032/4789
usemtl lambert15SG
f 2611/5007/4790 2613/5010/4791 2612/5009/4792 2610/5008/4793
s 3
usemtl lambert14SG
f 2540/5011/4794 2538/5014/4795 2536/5013/4796 2534/5012/4797
s 4
usemtl lambert8SG
f 2536/4955/4798 2542/4958/4799 2543/4957/4800 2537/4956/4801
f 2537/4956/4801 2543/4957/4800 2544/4960/4802 2539/4959/4803
f 2539/4959/4803 2544/4960/4802 2545/4962/4804 2538/4961/4805
f 2538/4961/4805 2545/4962/4804 2542/4958/4799 2536/4955/4798
s off
f 2542/4983/4806 2546/4986/4807 2547/4985/4808 2543/4984/4809
f 2543/4881/4810 2547/4884/4811 2548/4883/4812 2544/4882/4813
f 2544/4987/4814 2548/4990/4815 2549/4989/4816 2545/4988/4817
f 2545/4885/4818 2549/4888/4819 2546/4887/4820 2542/4886/4821
s 5
f 2546/4951/4822 2550/4947/4823 2551/4943/4824 2547/4952/4825
f 2547/4952/4825 2551/4943/4824 2552/4945/4826 2548/4953/4827
f 2548/4953/4827 2552/4945/4826 2553/4949/4828 2549/4954/4829
f 2549/4963/4829 2553/4966/4828 2550/4965/4823 2546/4964/4822
s off
usemtl blinn3SG
f 2574/5091/4830 2577/5092/4831 2576/5093/4832 2575/5094/4833
f 2578/4889/4834 2581/4892/4835 2580/4891/4836 2579/4890/4837
f 2583/5095/4838 2585/5096/4839 2584/5097/4840 2582/5098/4841
usemtl lambert8SG
f 2587/4893/4842 2589/4896/4843 2588/4895/4844 2586/4894/4845
s 6
f 2550/4947/4846 2558/4948/4847 2559/4944/4848 2551/4943/4849
f 2551/4943/4849 2559/4944/4848 2560/4940/4850 2555/4936/4851
f 2555/4936/4851 2560/4940/4850 2561/4939/4852 2554/4935/4853
f 2554/4967/4853 2561/4970/4852 2558/4969/4847 2550/4968/4846
s 7
f 2551/4905/4854 2562/4908/4855 2563/4907/4856 2552/4906/4857
f 2552/4906/4857 2563/4907/4856 2564/4910/4858 2556/4909/4859
f 2556/4909/4859 2564/4910/4858 2565/4912/4860 2555/4911/4861
f 2555/4911/4861 2565/4912/4860 2562/4908/4855 2551/4905/4854
s 8
f 2552/4945/4862 2567/4946/4863 2566/4950/4864 2553/4949/4865
f 2553/4913/4865 2566/4916/4864 2568/4915/4866 2557/4914/4867
f 2557/4938/4867 2568/4942/4866 2569/4941/4868 2556/4937/4869
f 2556/4937/4869 2569/4941/4868 2567/4946/4863 2552/4945/4862
s 9
f 2553/4904/4870 2571/4900/4871 2570/4897/4872 2550/4901/4873
f 2550/4901/4873 2570/4897/4872 2572/4898/4874 2554/4902/4875
f 2554/4902/4875 2572/4898/4874 2573/4899/4876 2557/4903/4877
f 2557/4903/4877 2573/4899/4876 2571/4900/4871 2553/4904/4870
s off
f 2558/4993/4878 2574/4991/4879 2575/4992/4880 2559/4994/4881
f 2559/4919/4882 2575/4922/4883 2576/4921/4884 2560/4920/4885
f 2560/5003/4886 2576/5006/4887 2577/5005/4888 2561/5004/4889
f 2561/4923/4890 2577/4926/4891 2574/4925/4892 2558/4924/4893
f 2562/4971/4894 2578/4974/4895 2579/4973/4896 2563/4972/4897
f 2563/4981/4898 2579/4982/4899 2580/4978/4900 2564/4975/4901
f 2564/4975/4902 2580/4978/4903 2581/4977/4904 2565/4976/4905
f 2565/4976/4906 2581/4977/4907 2578/4980/4908 2562/4979/4909
f 2567/4999/4910 2583/4995/4911 2582/4996/4912 2566/5000/4913
f 2566/4916/4914 2582/4918/4915 2584/4917/4916 2568/4915/4917
f 2568/5001/4918 2584/4997/4919 2585/4998/4920 2569/5002/4921
f 2569/4927/4922 2585/4930/4923 2583/4929/4924 2567/4928/4925
f 2571/4931/4926 2587/4934/4927 2586/4933/4928 2570/4932/4929
f 2570/4897/4930 2586/4894/4931 2588/4895/4932 2572/4898/4933
f 2572/4898/4934 2588/4895/4935 2589/4896/4936 2573/4899/4937
f 2573/4899/4938 2589/4896/4939 2587/4893/4940 2571/4900/4941
s 2
usemtl lambert14SG
f 2540/5046/4783 2590/5048/4942 2591/5047/4943 2541/5045/4784
s 10
f 2541/5019/4944 2591/5022/4945 2592/5021/4946 2535/5020/4947
s 1
f 2535/5036/4777 2592/5040/4948 2593/5039/4949 2534/5035/4774
s 3
f 2534/5012/4797 2593/5016/4950 2590/5015/4951 2540/5011/4794
s 2
f 2590/5048/4942 2594/5050/4952 2595/5049/4953 2591/5047/4943
s 10
f 2591/5022/4945 2595/5026/4954 2596/5025/4955 2592/5021/4946
s 1
f 2592/5040/4948 2596/5042/4956 2597/5041/4957 2593/5039/4949
s 3
f 2593/5016/4950 2597/5018/4958 2594/5017/4959 2590/5015/4951
s 10
f 2535/5020/4947 2599/5024/4960 2598/5023/4961 2541/5019/4944
f 2541/5019/4944 2598/5023/4961 2600/5028/4962 2539/5027/4963
f 2539/5027/4963 2600/5028/4962 2601/5030/4964 2537/5029/4965
f 2537/5029/4965 2601/5030/4964 2599/5024/4960 2535/5020/4947
s off
usemtl lambert8SG
f 2599/5059/4966 2603/5062/4967 2602/5061/4968 2598/5060/4969
f 2598/5075/4970 2602/5078/4971 2604/5077/4972 2600/5076/4973
f 2600/5063/4974 2604/5066/4975 2605/5065/4976 2601/5064/4977
f 2601/5079/4978 2605/5082/4979 2603/5081/4980 2599/5080/4981
s 11
f 2603/5051/4982 2607/5054/4983 2606/5053/4984 2602/5052/4985
f 2602/5052/4985 2606/5053/4984 2608/5056/4986 2604/5055/4987
f 2604/5055/4987 2608/5056/4986 2609/5058/4988 2605/5057/4989
f 2605/5057/4989 2609/5058/4988 2607/5054/4983 2603/5051/4982
s off
f 2607/5067/4990 2611/5070/4991 2610/5069/4992 2606/5068/4993
f 2606/5083/4994 2610/5086/4995 2612/5085/4996 2608/5084/4997
f 2608/5071/4998 2612/5074/4999 2613/5073/5000 2609/5072/5001
f 2609/5087/5002 2613/5090/5003 2611/5089/5004 2607/5088/5005
g default
v -0.898596 1.966637 -0.052588
v -0.898598 1.966637 0.925726
v -0.898596 2.301238 -0.052588
v -0.898598 2.301238 0.925726
v -1.211306 2.301238 -0.052588
v -1.211310 2.301238 0.925726
v -1.211306 1.966637 -0.052588
v -1.211310 1.966637 0.925726
v -0.869936 2.301238 -0.052600
v -0.869936 2.301238 0.956394
v -1.239973 2.301238 0.956403
v -1.239973 2.301238 -0.052600
v -0.869936 2.315936 -0.052600
v -0.869936 2.315936 0.956394
v -1.239973 2.315936 0.956403
v -1.239973 2.315936 -0.052600
v -0.876101 2.315936 -0.052588
v -0.876101 2.315936 0.949801
v -1.233805 2.315936 0.949801
v -1.233805 2.315936 -0.052588
v -1.046983 2.508847 -0.052588
v -1.046985 2.508847 0.844915
v -1.062923 2.508847 0.844915
v -1.062921 2.508847 -0.052588
v -0.880738 2.321170 -0.052588
v -0.880740 2.321170 0.937036
v -1.040227 2.501221 0.839151
v -1.040227 2.501221 -0.052588
v -0.888024 2.319944 0.947624
v -1.221884 2.319944 0.947616
v -1.062390 2.499996 0.849731
v -1.047518 2.499996 0.849731
v -1.229168 2.321170 -0.052588
v -1.229168 2.321170 0.937044
v -1.069677 2.501221 -0.052588
v -1.069681 2.501221 0.839151
v -0.888024 2.319944 -0.052588
v -1.221882 2.319944 -0.052588
v -1.047516 2.499996 -0.052588
v -1.062390 2.499996 -0.052588
v -0.883810 2.318055 -0.052588
v -0.883810 2.318055 0.937044
v -1.043303 2.498106 0.839151
v -1.043301 2.498106 -0.052588
v -0.888024 2.317783 0.943636
v -1.221882 2.317783 0.943636
v -1.062390 2.497834 0.845748
v -1.047518 2.497834 0.845748
v -1.226094 2.318055 -0.052588
v -1.226099 2.318055 0.937036
v -1.066605 2.498106 -0.052588
v -1.066607 2.498106 0.839151
v -0.888024 2.317783 -0.052588
v -1.221882 2.317783 -0.052588
v -1.047516 2.497834 -0.052588
v -1.062390 2.497834 -0.052588
v -1.238022 1.901257 -0.052600
v -1.238018 1.901257 0.960249
v -0.871884 1.901257 0.960249
v -0.871886 1.901257 -0.052600
v -1.238022 1.874802 -0.052600
v -1.238018 1.874802 0.960249
v -0.871884 1.874802 0.960249
v -0.871886 1.874802 -0.052600
v -1.156606 1.993325 0.925726
v -0.953303 1.993325 0.925726
v -1.156606 2.274552 0.925726
v -0.953303 2.274552 0.925726
v -1.156606 1.993325 0.935307
v -0.953303 1.993325 0.935307
v -1.156606 2.274552 0.935307
v -0.953303 2.274552 0.935307
v -1.141211 2.009903 0.935307
v -0.968697 2.009903 0.935307
v -1.141211 2.257972 0.935307
v -0.968697 2.257972 0.935307
v -1.141209 2.009903 0.901405
v -0.968699 2.009903 0.901397
v -1.141209 2.257972 0.901405
v -0.968699 2.257972 0.901397
vt -1.359731 1.379283
vt -1.359731 0.226720
vt -1.313951 0.226720
vt -1.313951 1.379283
vt -1.443029 1.379283
vt -1.443029 0.226720
vt -1.397249 0.226720
vt -1.397249 1.379283
vt 0.726061 0.638768
vt 0.273940 0.638768
vt 0.489928 0.361230
vt 0.510071 0.361230
vt -2.113176 1.303720
vt -2.113176 0.263858
vt -1.552372 0.760627
vt -1.552372 0.806956
vt -2.106436 0.263858
vt -1.545635 0.760627
vt -1.545635 0.806956
vt -2.106436 1.303720
vt -2.118925 0.226720
vt -1.518067 0.758970
vt -1.518067 0.808611
vt -2.118925 1.340859
vt -2.556958 2.479404
vt -2.556958 1.365265
vt -2.544472 1.402403
vt -2.544472 2.442266
vt -1.956100 1.897513
vt -1.983668 1.899167
vt -1.956100 1.947153
vt -1.983668 1.945496
vt 1.551643 2.999949
vt 1.019395 3.600809
vt 1.040442 3.577054
vt 1.537204 3.016251
vt 1.030870 3.567350
vt 1.527631 3.006545
vt 2.097760 3.009653
vt 1.600996 3.570457
vt 1.591421 3.560753
vt 2.088187 2.999949
vt 2.636376 3.618779
vt 2.139612 3.057976
vt 2.149184 3.048271
vt 2.645951 3.609076
vt 3.184565 3.618779
vt 2.687803 3.057976
vt 2.697376 3.048271
vt 3.194137 3.609076
vt -0.880622 1.579348
vt -0.880622 2.619211
vt -0.887358 2.619211
vt -0.887358 1.579348
vt 1.916454 0.190334
vt 1.916454 -2.271552
vt 1.966094 -2.271552
vt 1.966094 0.190334
vt 1.895409 0.190334
vt 1.895409 -2.253596
vt 1.987141 -2.253596
vt 1.987141 0.190334
vt 1.384203 -2.598226
vt 1.398645 -2.558486
vt 2.498342 -2.598226
vt 2.483902 -2.558486
vt 1.384203 0.190334
vt 1.398645 0.190334
vt 2.498342 0.190334
vt 2.483902 0.190334
vt 1.364993 0.190339
vt 1.364993 -2.618778
vt 2.517557 -2.618778
vt 2.517557 0.190339
vt 3.444070 3.023859
vt 3.444070 0.310269
vt 3.533351 0.214747
vt 3.533351 3.023865
vt 2.470071 0.310269
vt 2.380788 0.214747
vt 2.470071 3.023859
vt 2.380788 3.023865
vt -1.480544 1.379285
vt -1.480544 0.226722
vt -1.480549 0.245931
vt -1.480549 1.360070
vt 3.533349 3.048272
vt 3.533349 3.580522
vt 3.533349 3.566080
vt 3.533349 3.069316
vt -1.292068 1.579349
vt -1.292068 2.619211
vt -1.304460 2.619211
vt -1.304460 1.579349
vt -1.232486 2.076113
vt -1.232486 2.122442
vt -1.244875 2.122442
vt -1.244875 2.076113
vt -0.927590 2.619211
vt -0.939983 2.619211
vt -0.927590 1.579349
vt -0.939983 1.579349
vt 2.297490 3.023864
vt 2.297490 0.214746
vt 2.343270 0.214746
vt 2.343270 3.023864
vt 2.259975 0.214747
vt 2.259975 3.023865
vt 2.214195 3.023865
vt 2.214195 0.214747
vt 1.679911 2.963567
vt 1.679911 0.214747
vt 1.670338 2.963567
vt 1.670338 0.214747
vt 1.623251 0.226722
vt 1.623251 2.975542
vt 1.126489 2.975542
vt 1.126489 0.531612
vt 1.632823 0.226722
vt 1.632823 2.975542
vt 1.136062 2.975542
vt 1.136062 0.531612
vt 1.088971 0.226722
vt 1.088971 2.670652
vt 1.079396 2.670652
vt 1.079396 0.226722
vt 0.000008 1.000000
vt 1.000008 1.000000
vt 1.000008 0.000000
vt 0.000008 0.000000
vt 0.950784 0.969319
vt 1.389999 0.969319
vt 1.389999 1.439279
vt 0.950784 1.439279
vt 0.913266 0.877488
vt 1.427518 0.877488
vt 0.913266 0.840330
vt 1.427518 0.840330
vt 0.864271 0.969319
vt 0.425056 0.969319
vt 0.387538 0.877489
vt 0.901790 0.877489
vt 0.787440 1.006801
vt 0.501889 1.006801
vt 0.387538 0.840331
vt 0.901790 0.840331
vt 0.864271 1.439280
vt 0.787440 1.401798
vt 0.425056 1.439280
vt 0.501889 1.401798
vt 0.789672 0.832864
vt 0.789672 -0.439280
vt 1.303925 -0.439280
vt 1.303925 0.832864
vt -0.465853 -0.280125
vt 0.757813 -0.280125
vt 0.757813 0.189835
vt -0.465853 0.189835
vt -0.465856 -0.371957
vt 0.806288 -0.371957
vt -0.465856 -0.409114
vt 0.806288 -0.409114
vt -0.465853 0.203750
vt 0.757813 0.203750
vt 0.757813 0.673710
vt -0.465853 0.673710
vt 0.806288 0.765541
vt -0.465856 0.765541
vt 0.806288 0.802698
vt -0.465856 0.802698
vt -1.590760 -1.771007
vt 1.030538 -1.771007
vt 0.832033 -1.557232
vt -1.392255 -1.557232
vt 1.030538 1.855000
vt 0.832033 1.641232
vt -1.590760 1.855000
vt -1.392255 1.641232
vt 2.006740 0.850290
vt 2.006740 -1.771007
vt 2.130192 -1.771007
vt 2.130192 0.850290
vt 2.167262 0.850290
vt 2.167262 -1.771007
vt 2.290713 -1.771007
vt 2.290713 0.850290
vt 2.764851 -1.771007
vt 2.764851 0.453281
vt 2.327769 0.453281
vt 2.327769 -1.771007
vt 2.912744 0.472618
vt 2.912744 2.696906
vt 2.475662 2.696906
vt 2.475662 0.472618
vt -1.912744 1.855000
vt -1.912744 -1.771007
vt -1.789292 -1.771007
vt -1.789292 1.855000
vt -1.751281 1.855000
vt -1.751281 -1.771007
vt -1.627830 -1.771007
vt -1.627830 1.855000
vt 1.499599 -1.771007
vt 1.499599 1.427456
vt 1.062518 1.427456
vt 1.062518 -1.771007
vt 1.971703 -1.771007
vt 1.971703 1.427456
vt 1.534622 1.427456
vt 1.534622 -1.771007
vt 1.083826 0.167668
vt 1.083826 0.494786
vt -0.536311 0.494786
vt -0.714153 0.167668
vt 1.083826 0.505214
vt 0.905984 0.832332
vt -0.714153 0.832332
vt -0.714153 0.505214
vn 0.997711 0.067617 0.000002
vn 1.000000 0.000000 0.000002
vn 1.000000 0.000000 0.000002
vn 0.996542 0.083089 0.000002
vn 0.000000 1.000000 0.000000
vn 0.000000 1.000000 0.000000
vn 0.000000 1.000000 0.000000
vn 0.000000 1.000000 0.000000
vn -1.000000 0.000000 -0.000004
vn -0.997711 0.067617 -0.000004
vn -0.996542 0.083090 -0.000003
vn -1.000000 0.000000 -0.000004
vn 0.000000 -1.000000 -0.000000
vn 0.000000 -1.000000 -0.000000
vn 0.000000 -1.000000 -0.000000
vn 0.000000 -1.000000 -0.000000
vn 0.000050 0.000000 1.000000
vn 0.000050 0.000000 1.000000
vn 0.000050 0.000000 1.000000
vn 0.000050 0.000000 1.000000
vn 0.000000 0.000040 -1.000000
vn 0.000000 0.000000 -1.000000
vn 0.000000 0.000000 -1.000000
vn 0.000000 0.000040 -1.000000
vn 0.000000 -1.000000 -0.000000
vn 0.000000 -1.000000 -0.000000
vn 0.000000 -1.000000 0.000002
vn 0.000000 -1.000000 0.000001
vn 0.000000 -1.000000 0.000002
vn 0.000000 -1.000000 0.000002
vn 0.000000 -1.000000 0.000000
vn 0.000000 -1.000000 0.000000
vn 1.000000 0.000000 0.000000
vn 1.000000 0.000000 0.000000
vn 1.000000 0.000000 0.000000
vn 1.000000 0.000000 0.000000
vn 0.000023 0.000000 1.000000
vn 0.000023 0.000000 1.000000
vn 0.000023 0.000000 1.000000
vn 0.000023 0.000000 1.000000
vn -1.000000 0.000000 0.000000
vn -1.000000 0.000000 0.000000
vn -1.000000 0.000000 0.000000
vn -1.000000 0.000000 0.000000
vn 0.000000 0.000000 -1.000000
vn 0.000000 0.000000 -1.000000
vn 0.000000 0.000000 -1.000000
vn 0.000000 0.000000 -1.000000
vn 0.000000 1.000000 0.000000
vn 0.000000 1.000000 0.000000
vn 0.000000 1.000000 0.000000
vn 0.000000 1.000000 0.000000
vn 0.000000 1.000000 0.000000
vn 0.000000 1.000000 0.000000
vn 0.000000 1.000000 0.000000
vn 0.000000 1.000000 0.000000
vn 0.748550 0.663078 0.000001
vn 0.748550 0.663078 0.000001
vn 0.748550 0.663078 0.000001
vn 0.748550 0.663078 0.000001
vn 0.000000 0.477641 0.878555
vn 0.000000 0.477641 0.878555
vn 0.000000 0.477641 0.878555
vn 0.000000 0.477641 0.878555
vn -0.748555 0.663073 -0.000002
vn -0.748555 0.663073 -0.000002
vn -0.748555 0.663073 -0.000002
vn -0.748555 0.663073 -0.000002
vn 0.000000 0.000000 -1.000000
vn 0.000000 0.000000 -1.000000
vn 0.000000 0.000000 -1.000000
vn 0.000000 0.000000 -1.000000
vn 0.748419 0.663226 0.000001
vn 0.748419 0.663226 0.000001
vn 0.748454 0.663187 -0.000002
vn 0.748465 0.663175 -0.000003
vn 0.748495 0.663141 -0.000002
vn 0.748492 0.663144 -0.000002
vn 0.748476 0.663162 0.000001
vn 0.748476 0.663162 0.000001
vn 0.000185 0.477940 0.878393
vn 0.000150 0.477964 0.878380
vn 0.000068 0.477803 0.878467
vn 0.000085 0.477744 0.878499
vn 0.000135 0.477569 0.878594
vn 0.000120 0.477610 0.878572
vn 0.000285 0.477865 0.878433
vn 0.000255 0.477874 0.878429
vn -0.748522 0.663110 0.000028
vn -0.748520 0.663113 0.000021
vn -0.748514 0.663119 0.000000
vn -0.748514 0.663119 0.000000
vn -0.748473 0.663166 -0.000003
vn -0.748473 0.663166 -0.000003
vn -0.748487 0.663149 0.000017
vn -0.748485 0.663152 0.000014
vn 0.000000 0.000000 -1.000000
vn 0.000000 0.000000 -1.000000
vn -0.000000 0.000000 -1.000000
vn -0.000000 0.000000 -1.000000
vn -0.000001 0.000000 -1.000000
vn -0.000001 0.000000 -1.000000
vn 0.000001 0.000000 -1.000000
vn 0.000001 0.000000 -1.000000
vn -0.712134 0.702043 -0.000001
vn -0.712134 0.702043 -0.000001
vn -0.712134 0.702043 -0.000001
vn -0.712134 0.702043 -0.000001
vn 0.268180 -0.265861 -0.925958
vn 0.268180 -0.265861 -0.925958
vn 0.268180 -0.265861 -0.925958
vn 0.268180 -0.265861 -0.925958
vn 0.711587 -0.702598 0.000001
vn 0.711587 -0.702598 0.000001
vn 0.711587 -0.702598 0.000001
vn 0.711587 -0.702598 0.000001
vn 0.000000 0.000000 1.000000
vn 0.000000 0.000000 1.000000
vn 0.000000 0.000000 1.000000
vn 0.000000 0.000000 1.000000
vn 0.000006 0.879001 -0.476821
vn 0.000006 0.879001 -0.476821
vn 0.000006 0.879001 -0.476821
vn 0.000006 0.879001 -0.476821
vn 0.789169 -0.539682 0.293183
vn 0.789169 -0.539682 0.293184
vn 0.789169 -0.539682 0.293183
vn 0.789169 -0.539682 0.293184
vn 0.000000 -0.878883 0.477038
vn 0.000000 -0.878883 0.477038
vn 0.000000 -0.878883 0.477038
vn 0.000000 -0.878883 0.477038
vn -0.789171 -0.539895 0.292783
vn -0.789171 -0.539895 0.292783
vn -0.789171 -0.539895 0.292783
vn -0.789171 -0.539895 0.292783
vn 0.712017 0.702162 0.000002
vn 0.712017 0.702162 0.000002
vn 0.712017 0.702162 0.000002
vn 0.712017 0.702162 0.000002
vn 0.000000 0.000000 1.000000
vn 0.000000 0.000000 1.000000
vn 0.000000 0.000000 1.000000
vn 0.000000 0.000000 1.000000
vn -0.711855 -0.702327 -0.000002
vn -0.711855 -0.702327 -0.000002
vn -0.711855 -0.702327 -0.000002
vn -0.711855 -0.702327 -0.000002
vn -0.269581 -0.264601 -0.925912
vn -0.269581 -0.264601 -0.925912
vn -0.269581 -0.264601 -0.925912
vn -0.269581 -0.264601 -0.925912
vn 0.000000 0.000000 1.000000
vn 0.000000 0.000000 1.000000
vn 0.000000 0.000000 1.000000
vn 0.000000 0.000000 1.000000
vn 0.000003 0.000000 -1.000000
vn 0.000003 0.000000 -1.000000
vn 0.000003 0.000000 -1.000000
vn 0.000003 0.000000 -1.000000
vn 0.000000 0.000000 -1.000000
vn 0.000000 0.000000 -1.000000
vn 0.000000 0.000000 -1.000000
vn 0.000000 0.000000 -1.000000
vn -0.000003 0.000000 -1.000000
vn -0.000003 0.000000 -1.000000
vn -0.000003 0.000000 -1.000000
vn -0.000003 0.000000 -1.000000
vn -0.960580 0.278005 0.000001
vn -0.968130 0.250448 0.000002
vn 0.000000 0.329006 0.944328
vn 0.000000 0.320603 0.947214
vn 0.000000 0.320596 0.947216
vn 0.000000 0.329009 0.944327
vn 0.968130 0.250449 -0.000001
vn 0.960580 0.278004 -0.000001
vn 0.000000 0.000120 -1.000000
vn 0.000000 0.000120 -1.000000
vn -1.000000 0.000000 0.000004
vn -1.000000 0.000000 0.000004
vn 0.000000 0.000000 1.000000
vn 0.000000 0.000000 1.000000
vn 1.000000 0.000000 -0.000002
vn 1.000000 0.000000 -0.000002
vn 0.000000 0.000000 -1.000000
vn 0.000000 0.000000 -1.000000
vn 0.000000 0.000000 1.000000
vn 0.000000 0.000000 1.000000
vn 0.000000 0.000000 1.000000
vn 0.000000 0.000000 1.000000
vn 0.000000 0.000000 1.000000
vn 0.000000 0.000000 1.000000
vn 0.000000 -1.000000 0.000000
vn 0.000000 -1.000000 0.000000
vn 0.000000 -1.000000 0.000000
vn 0.000000 -1.000000 0.000000
vn -1.000000 0.000000 0.000000
vn -1.000000 0.000000 0.000000
vn -1.000000 0.000000 0.000000
vn -1.000000 0.000000 0.000000
vn 0.000000 1.000000 0.000000
vn 0.000000 1.000000 0.000000
vn 0.000000 1.000000 0.000000
vn 0.000000 1.000000 0.000000
vn 1.000000 0.000000 0.000000
vn 1.000000 0.000000 0.000000
vn 1.000000 0.000000 0.000000
vn 1.000000 0.000000 0.000000
vn -0.000004 0.000000 1.000000
vn -0.000004 0.000000 1.000000
vn 0.000000 0.000000 1.000000
vn 0.000000 0.000000 1.000000
vn 0.000000 0.000000 1.000000
vn 0.000000 0.000000 1.000000
vn -0.000004 0.000000 1.000000
vn -0.000004 0.000000 1.000000
vn 0.000000 1.000000 0.000005
vn 0.000000 1.000000 0.000005
vn 0.000000 1.000000 0.000005
vn 0.000000 1.000000 0.000005
vn 1.000000 0.000000 0.000056
vn 1.000000 0.000000 0.000056
vn 1.000000 0.000000 0.000056
vn 1.000000 0.000000 0.000056
vn 0.000000 -1.000000 -0.000005
vn 0.000000 -1.000000 -0.000005
vn 0.000000 -1.000000 -0.000005
vn 0.000000 -1.000000 -0.000005
vn -1.000000 0.000000 0.000056
vn -1.000000 0.000000 0.000056
vn -1.000000 0.000000 0.000056
vn -1.000000 0.000000 0.000056
s 1
g House pCube249
usemtl lambert14SG
f 2614/5253/5006 2616/5256/5007 2617/5255/5008 2615/5254/5009
s off
usemtl lambert8SG
f 2634/5153/5010 2637/5156/5011 2636/5155/5012 2635/5154/5013
s 2
usemtl lambert14SG
f 2618/5261/5014 2620/5264/5015 2621/5263/5016 2619/5262/5017
s off
f 2674/5249/5018 2677/5252/5019 2676/5251/5020 2675/5250/5021
usemtl lambert15SG
f 2691/5225/5022 2693/5228/5023 2692/5227/5024 2690/5226/5025
s 3
usemtl lambert14SG
f 2620/5229/5026 2618/5232/5027 2616/5231/5028 2614/5230/5029
s 4
usemtl lambert8SG
f 2616/5173/5030 2622/5176/5031 2623/5175/5032 2617/5174/5033
f 2617/5174/5033 2623/5175/5032 2624/5178/5034 2619/5177/5035
f 2619/5177/5035 2624/5178/5034 2625/5180/5036 2618/5179/5037
f 2618/5179/5037 2625/5180/5036 2622/5176/5031 2616/5173/5030
s off
f 2622/5201/5038 2626/5204/5039 2627/5203/5040 2623/5202/5041
f 2623/5099/5042 2627/5102/5043 2628/5101/5044 2624/5100/5045
f 2624/5205/5046 2628/5208/5047 2629/5207/5048 2625/5206/5049
f 2625/5103/5050 2629/5106/5051 2626/5105/5052 2622/5104/5053
s 5
f 2626/5169/5054 2630/5165/5055 2631/5161/5056 2627/5170/5057
f 2627/5170/5057 2631/5161/5056 2632/5163/5058 2628/5171/5059
f 2628/5171/5059 2632/5163/5058 2633/5167/5060 2629/5172/5061
f 2629/5181/5061 2633/5184/5060 2630/5183/5055 2626/5182/5054
s off
usemtl blinn3SG
f 2654/5309/5062 2657/5310/5063 2656/5311/5064 2655/5312/5065
f 2658/5107/5066 2661/5110/5067 2660/5109/5068 2659/5108/5069
f 2663/5313/5070 2665/5314/5071 2664/5315/5072 2662/5316/5073
usemtl lambert8SG
f 2667/5111/5074 2669/5114/5075 2668/5113/5076 2666/5112/5077
s 6
f 2630/5165/5078 2638/5166/5079 2639/5162/5080 2631/5161/5081
f 2631/5161/5081 2639/5162/5080 2640/5158/5082 2635/5154/5083
f 2635/5154/5083 2640/5158/5082 2641/5157/5084 2634/5153/5085
f 2634/5185/5085 2641/5188/5084 2638/5187/5079 2630/5186/5078
s 7
f 2631/5123/5086 2642/5126/5087 2643/5125/5088 2632/5124/5089
f 2632/5124/5089 2643/5125/5088 2644/5128/5090 2636/5127/5091
f 2636/5127/5091 2644/5128/5090 2645/5130/5092 2635/5129/5093
f 2635/5129/5093 2645/5130/5092 2642/5126/5087 2631/5123/5086
s 8
f 2632/5163/5094 2647/5164/5095 2646/5168/5096 2633/5167/5097
f 2633/5131/5097 2646/5134/5096 2648/5133/5098 2637/5132/5099
f 2637/5156/5099 2648/5160/5098 2649/5159/5100 2636/5155/5101
f 2636/5155/5101 2649/5159/5100 2647/5164/5095 2632/5163/5094
s 9
f 2633/5122/5102 2651/5118/5103 2650/5115/5104 2630/5119/5105
f 2630/5119/5105 2650/5115/5104 2652/5116/5106 2634/5120/5107
f 2634/5120/5107 2652/5116/5106 2653/5117/5108 2637/5121/5109
f 2637/5121/5109 2653/5117/5108 2651/5118/5103 2633/5122/5102
s off
f 2638/5211/5110 2654/5209/5111 2655/5210/5112 2639/5212/5113
f 2639/5137/5114 2655/5140/5115 2656/5139/5116 2640/5138/5117
f 2640/5221/5118 2656/5224/5119 2657/5223/5120 2641/5222/5121
f 2641/5141/5122 2657/5144/5123 2654/5143/5124 2638/5142/5125
f 2642/5189/5126 2658/5192/5127 2659/5191/5128 2643/5190/5129
f 2643/5199/5130 2659/5200/5131 2660/5196/5132 2644/5193/5133
f 2644/5193/5134 2660/5196/5135 2661/5195/5136 2645/5194/5137
f 2645/5194/5138 2661/5195/5139 2658/5198/5140 2642/5197/5141
f 2647/5217/5142 2663/5213/5143 2662/5214/5144 2646/5218/5145
f 2646/5134/5146 2662/5136/5147 2664/5135/5148 2648/5133/5149
f 2648/5219/5150 2664/5215/5151 2665/5216/5152 2649/5220/5153
f 2649/5145/5154 2665/5148/5155 2663/5147/5156 2647/5146/5157
f 2651/5149/5158 2667/5152/5159 2666/5151/5160 2650/5150/5161
f 2650/5115/5162 2666/5112/5163 2668/5113/5164 2652/5116/5165
f 2652/5116/5166 2668/5113/5167 2669/5114/5168 2653/5117/5169
f 2653/5117/5170 2669/5114/5171 2667/5111/5172 2651/5118/5173
s 2
usemtl lambert14SG
f 2620/5264/5015 2670/5266/5174 2671/5265/5175 2621/5263/5016
s 10
f 2621/5237/5176 2671/5240/5177 2672/5239/5178 2615/5238/5179
s 1
f 2615/5254/5009 2672/5258/5180 2673/5257/5181 2614/5253/5006
s 3
f 2614/5230/5029 2673/5234/5182 2670/5233/5183 2620/5229/5026
s 2
f 2670/5266/5174 2674/5268/5184 2675/5267/5185 2671/5265/5175
s 10
f 2671/5240/5177 2675/5244/5186 2676/5243/5187 2672/5239/5178
s 1
f 2672/5258/5180 2676/5260/5188 2677/5259/5189 2673/5257/5181
s 3
f 2673/5234/5182 2677/5236/5190 2674/5235/5191 2670/5233/5183
s 10
f 2615/5238/5179 2679/5242/5192 2678/5241/5193 2621/5237/5176
f 2621/5237/5176 2678/5241/5193 2680/5246/5194 2619/5245/5195
f 2619/5245/5195 2680/5246/5194 2681/5248/5196 2617/5247/5197
f 2617/5247/5197 2681/5248/5196 2679/5242/5192 2615/5238/5179
s off
usemtl lambert8SG
f 2679/5277/5198 2683/5280/5199 2682/5279/5200 2678/5278/5201
f 2678/5293/5202 2682/5296/5203 2684/5295/5204 2680/5294/5205
f 2680/5281/5206 2684/5284/5207 2685/5283/5208 2681/5282/5209
f 2681/5297/5210 2685/5300/5211 2683/5299/5212 2679/5298/5213
s 11
f 2683/5269/5214 2687/5272/5215 2686/5271/5216 2682/5270/5217
f 2682/5270/5217 2686/5271/5216 2688/5274/5218 2684/5273/5219
f 2684/5273/5219 2688/5274/5218 2689/5276/5220 2685/5275/5221
f 2685/5275/5221 2689/5276/5220 2687/5272/5215 2683/5269/5214
s off
f 2687/5285/5222 2691/5288/5223 2690/5287/5224 2686/5286/5225
f 2686/5301/5226 2690/5304/5227 2692/5303/5228 2688/5302/5229
f 2688/5289/5230 2692/5292/5231 2693/5291/5232 2689/5290/5233
f 2689/5305/5234 2693/5308/5235 2691/5307/5236 2687/5306/5237
g default
v 2.623572 3.003762 0.141545
v 2.807161 3.003762 0.141545
v 2.623572 3.909626 0.141545
v 2.807161 3.909626 0.141545
v 2.623572 3.909626 -0.131965
v 2.807161 3.909626 -0.131965
v 2.623572 3.003762 -0.131965
v 2.807161 3.003762 -0.131965
v 2.617452 3.917950 0.150662
v 2.813281 3.917950 0.150662
v 2.813281 3.917950 -0.141082
v 2.617452 3.917950 -0.141082
v 2.617452 3.949841 0.150662
v 2.813281 3.949841 0.150662
v 2.813281 3.949841 -0.141082
v 2.617452 3.949841 -0.141082
v 2.634949 3.016262 0.141545
v 2.795788 3.016262 0.141545
v 2.795788 3.897126 0.141545
v 2.634949 3.897126 0.141545
v 2.634949 3.897126 -0.131965
v 2.795784 3.897126 -0.131965
v 2.795784 3.016262 -0.131965
v 2.634949 3.016262 -0.131965
v 2.807161 3.016262 -0.115017
v 2.807161 3.016262 0.124597
v 2.807161 3.897126 -0.115017
v 2.807161 3.897126 0.124597
v 2.623572 3.016262 -0.115017
v 2.623572 3.016262 0.124597
v 2.623572 3.897126 0.124597
v 2.623572 3.897126 -0.115017
v 2.634949 3.016262 0.135252
v 2.795788 3.016262 0.135252
v 2.795788 3.897126 0.135252
v 2.634949 3.897126 0.135252
v 2.634949 3.897126 -0.125672
v 2.795788 3.897126 -0.125672
v 2.795788 3.016262 -0.125672
v 2.634949 3.016262 -0.125672
v 2.802938 3.016262 -0.115017
v 2.802938 3.016262 0.124597
v 2.802938 3.897126 -0.115017
v 2.802938 3.897126 0.124597
v 2.627796 3.016262 -0.115017
v 2.627796 3.016262 0.124597
v 2.627796 3.897126 0.124597
v 2.627796 3.897126 -0.115017
v 2.622345 3.949841 0.143368
v 2.808385 3.949841 0.143368
v 2.808385 3.949841 -0.133789
v 2.622345 3.949841 -0.133789
v 2.622345 3.982658 0.143368
v 2.808385 3.982658 0.143368
v 2.808385 3.982658 -0.133789
v 2.622345 3.982658 -0.133789
v 2.625254 3.993530 0.139038
v 2.805479 3.993530 0.139038
v 2.805479 3.993530 -0.129458
v 2.625254 3.993530 -0.129458
v 2.632305 4.004784 0.128537
v 2.798429 4.004784 0.128537
v 2.798429 4.004784 -0.118958
v 2.632305 4.004784 -0.118958
v 2.641996 4.004784 0.114099
v 2.788742 4.004784 0.114099
v 2.788738 4.004784 -0.104520
v 2.641996 4.004784 -0.104520
v 2.646885 4.004784 0.106812
v 2.783849 4.004784 0.106812
v 2.783849 4.004784 -0.097233
v 2.646889 4.004784 -0.097233
v 2.646885 3.960109 0.106812
v 2.783849 3.960109 0.106812
v 2.783849 3.960109 -0.097233
v 2.646889 3.960109 -0.097233
v 2.743855 4.196196 -0.062066
v 2.739944 4.196196 -0.069733
v 2.733859 4.196196 -0.075818
v 2.726188 4.196196 -0.079726
v 2.717692 4.196196 -0.081071
v 2.709193 4.196196 -0.079726
v 2.701526 4.196196 -0.075818
v 2.695445 4.196196 -0.069733
v 2.691530 4.196196 -0.062066
v 2.690184 4.196196 -0.053566
v 2.691530 4.196196 -0.045065
v 2.695445 4.196196 -0.037398
v 2.701526 4.196196 -0.031314
v 2.709193 4.196196 -0.027407
v 2.717692 4.196196 -0.026060
v 2.726192 4.196196 -0.027407
v 2.733859 4.196196 -0.031314
v 2.739944 4.196196 -0.037398
v 2.743855 4.196196 -0.045065
v 2.745197 4.196196 -0.053566
v 2.746305 4.201314 -0.062864
v 2.742030 4.201314 -0.071249
v 2.735372 4.201314 -0.077905
v 2.726991 4.201314 -0.082179
v 2.717692 4.201314 -0.083650
v 2.708394 4.201314 -0.082179
v 2.700009 4.201314 -0.077905
v 2.693351 4.201314 -0.071249
v 2.689080 4.201314 -0.062864
v 2.687607 4.201314 -0.053566
v 2.689076 4.201314 -0.044270
v 2.693355 4.201314 -0.035882
v 2.700009 4.201314 -0.029228
v 2.708394 4.201314 -0.024954
v 2.717692 4.201314 -0.023483
v 2.726991 4.201314 -0.024954
v 2.735372 4.201314 -0.029228
v 2.742034 4.201314 -0.035882
v 2.746305 4.201314 -0.044270
v 2.747778 4.201314 -0.053566
v 2.721556 4.213407 -0.054822
v 2.720978 4.213407 -0.055953
v 2.720079 4.213407 -0.056850
v 2.718943 4.213407 -0.057429
v 2.717692 4.213407 -0.057626
v 2.716438 4.213407 -0.057429
v 2.715305 4.213407 -0.056850
v 2.714407 4.213407 -0.055953
v 2.713829 4.213407 -0.054822
v 2.713631 4.213407 -0.053566
v 2.713833 4.213407 -0.052311
v 2.714407 4.213407 -0.051180
v 2.715305 4.213407 -0.050281
v 2.716438 4.213407 -0.049704
v 2.717692 4.213407 -0.049505
v 2.718943 4.213407 -0.049704
v 2.720079 4.213407 -0.050281
v 2.720978 4.213407 -0.051180
v 2.721556 4.213407 -0.052311
v 2.721754 4.213407 -0.053566
v 2.717692 4.213407 -0.053566
v 2.712974 4.211562 -0.047071
v 2.711196 4.211562 -0.048847
v 2.710056 4.211562 -0.051084
v 2.709664 4.211562 -0.053566
v 2.710056 4.211562 -0.056047
v 2.711200 4.211562 -0.058284
v 2.712974 4.211562 -0.060061
v 2.715210 4.211562 -0.061202
v 2.717692 4.211562 -0.061594
v 2.720175 4.211562 -0.061202
v 2.722411 4.211562 -0.060061
v 2.724189 4.211562 -0.058284
v 2.725329 4.211562 -0.056047
v 2.725721 4.211562 -0.053566
v 2.725329 4.211562 -0.051084
v 2.724185 4.211562 -0.048847
v 2.722411 4.211562 -0.047071
v 2.720175 4.211562 -0.045931
v 2.717692 4.211562 -0.045537
v 2.715210 4.211562 -0.045931
v 2.701727 4.202672 -0.031588
v 2.695714 4.202672 -0.037597
v 2.691855 4.202672 -0.045172
v 2.690524 4.202672 -0.053566
v 2.691855 4.202672 -0.061961
v 2.695714 4.202672 -0.069534
v 2.701727 4.202672 -0.075545
v 2.709296 4.202672 -0.079404
v 2.717692 4.202672 -0.080733
v 2.726089 4.202672 -0.079404
v 2.733658 4.202672 -0.075545
v 2.739671 4.202672 -0.069534
v 2.743531 4.202672 -0.061961
v 2.744860 4.202672 -0.053566
v 2.743531 4.202672 -0.045172
v 2.739671 4.202672 -0.037597
v 2.733658 4.202672 -0.031588
v 2.726089 4.202672 -0.027729
v 2.717692 4.202672 -0.026399
v 2.709296 4.202672 -0.027729
v 2.738796 4.197744 -0.060756
v 2.735641 4.197744 -0.067243
v 2.730732 4.197744 -0.072390
v 2.724549 4.197744 -0.075695
v 2.717692 4.197744 -0.076834
v 2.710836 4.197744 -0.075695
v 2.704649 4.197744 -0.072390
v 2.699744 4.197744 -0.067243
v 2.696593 4.197744 -0.060756
v 2.695504 4.197744 -0.053566
v 2.696593 4.197744 -0.046375
v 2.699744 4.197744 -0.039889
v 2.704649 4.197744 -0.034742
v 2.710836 4.197744 -0.031436
v 2.717692 4.197744 -0.030298
v 2.724549 4.197744 -0.031436
v 2.730732 4.197744 -0.034741
v 2.735641 4.197744 -0.039889
v 2.738796 4.197744 -0.046375
v 2.739880 4.197744 -0.053566
v 2.725040 4.198306 -0.056077
v 2.723908 4.198306 -0.058316
v 2.717692 4.198304 -0.053566
v 2.722170 4.198305 -0.060054
v 2.720036 4.198304 -0.061148
v 2.717692 4.198304 -0.061519
v 2.715345 4.198304 -0.061148
v 2.713211 4.198304 -0.060054
v 2.711478 4.198304 -0.058314
v 2.710337 4.198305 -0.056077
v 2.709941 4.198306 -0.053566
v 2.710341 4.198304 -0.051053
v 2.711478 4.198304 -0.048816
v 2.713207 4.198304 -0.047076
v 2.715349 4.198306 -0.045982
v 2.717692 4.198306 -0.045611
v 2.720036 4.198304 -0.045983
v 2.722174 4.198305 -0.047076
v 2.723908 4.198304 -0.048816
v 2.725044 4.198304 -0.051053
v 2.725443 4.198304 -0.053564
v 2.708659 4.197228 -0.025763
v 2.700508 4.197228 -0.029916
v 2.694048 4.197228 -0.036382
v 2.689887 4.197228 -0.044532
v 2.688458 4.197228 -0.053566
v 2.689887 4.197228 -0.062600
v 2.694048 4.197228 -0.070749
v 2.700508 4.197228 -0.077216
v 2.708659 4.197228 -0.081368
v 2.717692 4.197228 -0.082799
v 2.726726 4.197228 -0.081368
v 2.734873 4.197228 -0.077216
v 2.741341 4.197228 -0.070749
v 2.745498 4.197228 -0.062600
v 2.746927 4.197228 -0.053566
v 2.745498 4.197228 -0.044532
v 2.741341 4.197228 -0.036382
v 2.734873 4.197228 -0.029916
v 2.726726 4.197228 -0.025763
v 2.717692 4.197228 -0.024333
v 2.745363 3.948820 -0.062558
v 2.741227 3.948820 -0.070669
v 2.734790 3.948820 -0.077104
v 2.726679 3.948820 -0.081236
v 2.717688 3.948820 -0.082660
v 2.708702 3.948820 -0.081236
v 2.700591 3.948820 -0.077104
v 2.694158 3.948820 -0.070669
v 2.690022 3.948820 -0.062558
v 2.688597 3.948820 -0.053568
v 2.690022 3.948820 -0.044578
v 2.694158 3.948820 -0.036468
v 2.700591 3.948820 -0.030032
v 2.708702 3.948820 -0.025900
v 2.717688 3.948820 -0.024476
v 2.726679 3.948820 -0.025900
v 2.734790 3.948820 -0.030032
v 2.741227 3.948820 -0.036468
v 2.745363 3.948820 -0.044578
v 2.746780 3.948820 -0.053568
v 2.745363 4.130774 -0.062558
v 2.741227 4.130774 -0.070669
v 2.734790 4.130774 -0.077104
v 2.726679 4.130774 -0.081236
v 2.717688 4.130774 -0.082660
v 2.708702 4.130774 -0.081236
v 2.700591 4.130774 -0.077104
v 2.694158 4.130774 -0.070669
v 2.690022 4.130774 -0.062558
v 2.688597 4.130774 -0.053568
v 2.690022 4.130774 -0.044578
v 2.694158 4.130774 -0.036468
v 2.700591 4.130774 -0.030032
v 2.708702 4.130774 -0.025900
v 2.717688 4.130774 -0.024476
v 2.726679 4.130774 -0.025900
v 2.734790 4.130774 -0.030032
v 2.741227 4.130774 -0.036468
v 2.745363 4.130774 -0.044578
v 2.746780 4.130774 -0.053568
v 2.717688 3.948820 -0.053568
v 2.754836 4.148785 -0.065637
v 2.749286 4.148785 -0.076524
v 2.740645 4.148785 -0.085165
v 2.729762 4.148785 -0.090712
v 2.717688 4.148785 -0.092623
v 2.705619 4.148785 -0.090712
v 2.694736 4.148785 -0.085165
v 2.686095 4.148785 -0.076524
v 2.680545 4.148785 -0.065637
v 2.678633 4.148785 -0.053568
v 2.680545 4.148785 -0.041499
v 2.686095 4.148785 -0.030612
v 2.694736 4.148785 -0.021972
v 2.705623 4.148785 -0.016426
v 2.717688 4.148785 -0.014513
v 2.729762 4.148785 -0.016426
v 2.740645 4.148785 -0.021972
v 2.749286 4.148785 -0.030612
v 2.754836 4.148785 -0.041499
v 2.756748 4.148785 -0.053568
v 2.741777 4.177309 -0.061394
v 2.738178 4.177309 -0.068455
v 2.732577 4.177309 -0.074057
v 2.725519 4.177309 -0.077654
v 2.717688 4.177309 -0.078893
v 2.709866 4.177309 -0.077654
v 2.702808 4.177309 -0.074057
v 2.697203 4.177309 -0.068454
v 2.693608 4.177309 -0.061394
v 2.692365 4.177309 -0.053568
v 2.693608 4.177309 -0.045741
v 2.697203 4.177309 -0.038682
v 2.702808 4.177309 -0.033080
v 2.709866 4.177309 -0.029482
v 2.717688 4.177309 -0.028243
v 2.725519 4.177309 -0.029481
v 2.732577 4.177309 -0.033080
v 2.738178 4.177309 -0.038682
v 2.741777 4.177309 -0.045741
v 2.743016 4.177309 -0.053568
v 2.737121 4.177309 -0.059881
v 2.734216 4.177309 -0.065577
v 2.729703 4.177309 -0.070094
v 2.724003 4.177309 -0.072997
v 2.717688 4.177309 -0.073996
v 2.711378 4.177309 -0.072997
v 2.705686 4.177309 -0.070094
v 2.701165 4.177309 -0.065575
v 2.698263 4.177309 -0.059881
v 2.697262 4.177309 -0.053568
v 2.698263 4.177309 -0.047255
v 2.701165 4.177309 -0.041561
v 2.705686 4.177309 -0.037042
v 2.711378 4.177309 -0.034139
v 2.717696 4.177309 -0.033140
v 2.724003 4.177309 -0.034139
v 2.729703 4.177309 -0.037041
v 2.734216 4.177309 -0.041560
v 2.737121 4.177309 -0.047255
v 2.738119 4.177309 -0.053568
v 2.737121 4.166027 -0.059881
v 2.734216 4.166027 -0.065577
v 2.717688 4.166027 -0.053568
v 2.729703 4.166027 -0.070094
v 2.724003 4.166027 -0.072997
v 2.717688 4.166027 -0.073996
v 2.711378 4.166027 -0.072997
v 2.705686 4.166027 -0.070094
v 2.701165 4.166027 -0.065575
v 2.698263 4.166027 -0.059881
v 2.697262 4.166027 -0.053568
v 2.698260 4.166027 -0.047254
v 2.701169 4.166027 -0.041560
v 2.705686 4.166027 -0.037041
v 2.711378 4.166027 -0.034139
v 2.717696 4.166027 -0.033140
v 2.724003 4.166027 -0.034139
v 2.729703 4.166027 -0.037041
v 2.734216 4.166027 -0.041560
v 2.737121 4.166027 -0.047255
v 2.738119 4.166027 -0.053568
v 2.720273 4.177309 -0.076953
v 2.717692 4.177309 -0.077655
v 2.717692 4.177309 -0.074880
v 2.719901 4.177309 -0.074315
v 2.715108 4.177309 -0.076953
v 2.715480 4.177309 -0.074315
v 2.694305 4.177309 -0.055762
v 2.693604 4.177309 -0.053568
v 2.696375 4.177309 -0.053568
v 2.696945 4.177309 -0.055447
v 2.694305 4.177309 -0.051374
v 2.696945 4.177309 -0.051689
v 2.715112 4.177309 -0.030183
v 2.717692 4.177309 -0.029480
v 2.717692 4.177309 -0.032256
v 2.715480 4.177309 -0.032822
v 2.720273 4.177309 -0.030182
v 2.719901 4.177309 -0.032822
v 2.741076 4.177309 -0.051374
v 2.741781 4.177309 -0.053568
v 2.739002 4.177309 -0.053568
v 2.738440 4.177309 -0.051689
v 2.741076 4.177309 -0.055762
v 2.738440 4.177309 -0.055447
v 2.720273 4.198961 -0.076955
v 2.717692 4.198961 -0.077658
v 2.717692 4.198961 -0.074883
v 2.719901 4.198961 -0.074317
v 2.715112 4.198961 -0.076956
v 2.715480 4.198961 -0.074317
v 2.694305 4.198961 -0.055762
v 2.693604 4.198961 -0.053568
v 2.696375 4.198961 -0.053568
v 2.696945 4.198961 -0.055447
v 2.694305 4.198961 -0.051374
v 2.696945 4.198961 -0.051689
v 2.715112 4.198961 -0.030185
v 2.717692 4.198961 -0.029480
v 2.717692 4.198961 -0.032256
v 2.715480 4.198961 -0.032824
v 2.720273 4.198961 -0.030180
v 2.719901 4.198961 -0.032819
v 2.741076 4.198961 -0.051374
v 2.741781 4.198961 -0.053570
v 2.739002 4.198961 -0.053570
v 2.738440 4.198961 -0.051689
v 2.741076 4.198961 -0.055765
v 2.738440 4.198961 -0.055450
v 2.717688 4.054305 -0.082660
v 2.726679 4.054305 -0.081236
v 2.734790 4.054305 -0.077104
v 2.741227 4.054305 -0.070669
v 2.745363 4.054305 -0.062558
v 2.746780 4.054305 -0.053568
v 2.745363 4.054305 -0.044578
v 2.741227 4.054305 -0.036468
v 2.734790 4.054305 -0.030032
v 2.726679 4.054305 -0.025900
v 2.717688 4.054305 -0.024476
v 2.708702 4.054305 -0.025900
v 2.700591 4.054305 -0.030032
v 2.694158 4.054305 -0.036468
v 2.690022 4.054305 -0.044578
v 2.688597 4.054305 -0.053568
v 2.690022 4.054305 -0.062558
v 2.694158 4.054305 -0.070669
v 2.700591 4.054305 -0.077104
v 2.708702 4.054305 -0.081236
v 2.717688 4.046519 -0.011321
v 2.704637 4.046519 -0.013388
v 2.692860 4.046519 -0.019389
v 2.683518 4.046519 -0.028735
v 2.677508 4.046519 -0.040513
v 2.675442 4.046519 -0.053568
v 2.677508 4.046519 -0.066623
v 2.683518 4.046519 -0.078401
v 2.692860 4.046519 -0.087746
v 2.704637 4.046519 -0.093748
v 2.717688 4.046519 -0.095816
v 2.730744 4.046519 -0.093748
v 2.742521 4.046519 -0.087746
v 2.751867 4.046519 -0.078401
v 2.757876 4.046519 -0.066623
v 2.759939 4.046519 -0.053568
v 2.757876 4.046519 -0.040513
v 2.751867 4.046519 -0.028735
v 2.742521 4.046519 -0.019389
v 2.730744 4.046519 -0.013388
v 2.701145 4.032837 -0.030793
v 2.694918 4.032837 -0.037021
v 2.690916 4.032837 -0.044868
v 2.689535 4.032837 -0.053568
v 2.690916 4.032837 -0.062267
v 2.694918 4.032837 -0.070115
v 2.701145 4.032837 -0.076343
v 2.708991 4.032837 -0.080342
v 2.717688 4.032837 -0.081720
v 2.726390 4.032837 -0.080342
v 2.734236 4.032837 -0.076343
v 2.740466 4.032837 -0.070115
v 2.744469 4.032837 -0.062267
v 2.745842 4.032837 -0.053568
v 2.744469 4.032837 -0.044868
v 2.740466 4.032837 -0.037021
v 2.734236 4.032837 -0.030793
v 2.726390 4.032837 -0.026793
v 2.717688 4.032837 -0.025416
v 2.708991 4.032837 -0.026793
v 2.717688 4.058274 -0.024476
v 2.708702 4.058274 -0.025900
v 2.700591 4.058274 -0.030032
v 2.694158 4.058274 -0.036468
v 2.690022 4.058274 -0.044578
v 2.688597 4.058274 -0.053568
v 2.690022 4.058274 -0.062558
v 2.694158 4.058274 -0.070669
v 2.700591 4.058274 -0.077104
v 2.708702 4.058274 -0.081236
v 2.717688 4.058274 -0.082660
v 2.726679 4.058274 -0.081236
v 2.734790 4.058274 -0.077104
v 2.741227 4.058274 -0.070669
v 2.745363 4.058274 -0.062558
v 2.746780 4.058274 -0.053568
v 2.745363 4.058274 -0.044578
v 2.741227 4.058274 -0.036468
v 2.734790 4.058274 -0.030032
v 2.726679 4.058274 -0.025900
v 2.717688 4.029764 -0.025397
v 2.708988 4.029764 -0.026775
v 2.701130 4.029764 -0.030777
v 2.694903 4.029764 -0.037009
v 2.690897 4.029764 -0.044862
v 2.689519 4.029764 -0.053568
v 2.690897 4.029764 -0.062274
v 2.694903 4.029764 -0.070127
v 2.701130 4.029764 -0.076360
v 2.708988 4.029764 -0.080362
v 2.717688 4.029764 -0.081740
v 2.726394 4.029764 -0.080362
v 2.734248 4.029764 -0.076360
v 2.740482 4.029764 -0.070127
v 2.744489 4.029764 -0.062274
v 2.745862 4.029764 -0.053568
v 2.744489 4.029764 -0.044862
v 2.740482 4.029764 -0.037009
v 2.734248 4.029764 -0.030777
v 2.726394 4.029764 -0.026775
v 2.700591 4.082617 -0.077104
v 2.708702 4.082617 -0.081236
v 2.717688 4.082617 -0.082660
v 2.726679 4.082617 -0.081236
v 2.734790 4.082617 -0.077104
v 2.741227 4.082617 -0.070669
v 2.745363 4.082617 -0.062558
v 2.746780 4.082617 -0.053568
v 2.745363 4.082617 -0.044578
v 2.741227 4.082617 -0.036468
v 2.734790 4.082617 -0.030032
v 2.726679 4.082617 -0.025900
v 2.717688 4.082617 -0.024476
v 2.708702 4.082617 -0.025900
v 2.700591 4.082617 -0.030032
v 2.694158 4.082617 -0.036468
v 2.690022 4.082617 -0.044578
v 2.688597 4.082617 -0.053568
v 2.690022 4.082617 -0.062558
v 2.694158 4.082617 -0.070669
v 2.734790 4.128166 -0.030032
v 2.726679 4.128166 -0.025900
v 2.717688 4.128166 -0.024476
v 2.708702 4.128166 -0.025900
v 2.700591 4.128166 -0.030032
v 2.694158 4.128166 -0.036468
v 2.690022 4.128166 -0.044578
v 2.688597 4.128166 -0.053568
v 2.690022 4.128166 -0.062558
v 2.694158 4.128166 -0.070669
v 2.700591 4.128166 -0.077104
v 2.708702 4.128166 -0.081236
v 2.717688 4.128166 -0.082660
v 2.726679 4.128166 -0.081236
v 2.734790 4.128166 -0.077104
v 2.741227 4.128166 -0.070669
v 2.745363 4.128166 -0.062558
v 2.746780 4.128166 -0.053568
v 2.745363 4.128166 -0.044578
v 2.741227 4.128166 -0.036468
v 2.733373 4.174495 -0.031982
v 2.725938 4.174495 -0.028193
v 2.717688 4.174495 -0.026887
v 2.709447 4.174495 -0.028193
v 2.702009 4.174495 -0.031983
v 2.696106 4.174495 -0.037886
v 2.692318 4.174495 -0.045322
v 2.691007 4.174495 -0.053568
v 2.692318 4.174495 -0.061813
v 2.696106 4.174495 -0.069252
v 2.702009 4.174495 -0.075154
v 2.709447 4.174495 -0.078943
v 2.717688 4.174495 -0.080248
v 2.725938 4.174495 -0.078943
v 2.733373 4.174495 -0.075154
v 2.739275 4.174495 -0.069252
v 2.743063 4.174495 -0.061813
v 2.744370 4.174495 -0.053568
v 2.743063 4.174495 -0.045322
v 2.739275 4.174495 -0.037885
v 2.735756 4.133751 -0.028701
v 2.727189 4.133751 -0.024335
v 2.717688 4.133751 -0.022830
v 2.708196 4.133751 -0.024335
v 2.699622 4.133751 -0.028701
v 2.692824 4.133751 -0.035501
v 2.688454 4.133751 -0.044069
v 2.686950 4.133751 -0.053568
v 2.688454 4.133751 -0.063066
v 2.692824 4.133751 -0.071635
v 2.699622 4.133751 -0.078435
v 2.708196 4.133751 -0.082802
v 2.717688 4.133751 -0.084306
v 2.727189 4.133751 -0.082802
v 2.735756 4.133751 -0.078435
v 2.742557 4.133751 -0.071635
v 2.746927 4.133751 -0.063066
v 2.748427 4.133751 -0.053568
v 2.746927 4.133751 -0.044069
v 2.742557 4.133751 -0.035501
v 2.694238 3.963489 -0.070612
v 2.700647 3.963489 -0.077026
v 2.708730 3.963489 -0.081145
v 2.717688 3.963489 -0.082564
v 2.726651 3.963489 -0.081145
v 2.734731 3.963489 -0.077026
v 2.741147 3.963489 -0.070612
v 2.745272 3.963489 -0.062529
v 2.746685 3.963489 -0.053568
v 2.745272 3.963489 -0.044607
v 2.741147 3.963489 -0.036524
v 2.734734 3.963489 -0.030109
v 2.726651 3.963489 -0.025990
v 2.717688 3.963489 -0.024572
v 2.708730 3.963489 -0.025990
v 2.700647 3.963489 -0.030109
v 2.694238 3.963489 -0.036524
v 2.690113 3.963489 -0.044607
v 2.688691 3.963489 -0.053568
v 2.690113 3.963489 -0.062529
v 2.743855 4.196196 0.053872
v 2.739944 4.196196 0.046206
v 2.733859 4.196196 0.040120
v 2.726188 4.196196 0.036212
v 2.717692 4.196196 0.034867
v 2.709193 4.196196 0.036212
v 2.701526 4.196196 0.040120
v 2.695445 4.196196 0.046206
v 2.691530 4.196196 0.053872
v 2.690184 4.196196 0.062373
v 2.691530 4.196196 0.070873
v 2.695445 4.196196 0.078540
v 2.701526 4.196196 0.084625
v 2.709193 4.196196 0.088531
v 2.717692 4.196196 0.089878
v 2.726188 4.196196 0.088531
v 2.733859 4.196196 0.084625
v 2.739944 4.196196 0.078540
v 2.743855 4.196196 0.070873
v 2.745197 4.196196 0.062373
v 2.746305 4.201314 0.053075
v 2.742030 4.201314 0.044689
v 2.735372 4.201314 0.038033
v 2.726991 4.201314 0.033760
v 2.717692 4.201314 0.032288
v 2.708398 4.201314 0.033760
v 2.700009 4.201314 0.038033
v 2.693355 4.201314 0.044689
v 2.689076 4.201314 0.053075
v 2.687603 4.201314 0.062373
v 2.689080 4.201314 0.071669
v 2.693351 4.201314 0.080056
v 2.700013 4.201314 0.086710
v 2.708398 4.201314 0.090984
v 2.717692 4.201314 0.092455
v 2.726991 4.201314 0.090984
v 2.735372 4.201314 0.086710
v 2.742030 4.201314 0.080056
v 2.746305 4.201314 0.071669
v 2.747778 4.201314 0.062373
v 2.721556 4.213407 0.061117
v 2.720974 4.213407 0.059985
v 2.720079 4.213407 0.059088
v 2.718947 4.213407 0.058509
v 2.717692 4.213407 0.058312
v 2.716438 4.213407 0.058509
v 2.715305 4.213407 0.059088
v 2.714407 4.213407 0.059985
v 2.713833 4.213407 0.061117
v 2.713631 4.213407 0.062373
v 2.713829 4.213407 0.063627
v 2.714407 4.213407 0.064758
v 2.715305 4.213407 0.065658
v 2.716438 4.213407 0.066234
v 2.717692 4.213407 0.066433
v 2.718947 4.213407 0.066234
v 2.720079 4.213407 0.065658
v 2.720978 4.213407 0.064758
v 2.721556 4.213407 0.063627
v 2.721750 4.213407 0.062373
v 2.717692 4.213407 0.062373
v 2.712974 4.211562 0.068867
v 2.711196 4.211562 0.067091
v 2.710056 4.211562 0.064854
v 2.709664 4.211562 0.062373
v 2.710056 4.211562 0.059891
v 2.711196 4.211562 0.057654
v 2.712974 4.211562 0.055877
v 2.715210 4.211562 0.054737
v 2.717692 4.211562 0.054344
v 2.720175 4.211562 0.054737
v 2.722411 4.211562 0.055877
v 2.724185 4.211562 0.057654
v 2.725329 4.211562 0.059891
v 2.725721 4.211562 0.062373
v 2.725329 4.211562 0.064854
v 2.724189 4.211562 0.067091
v 2.722411 4.211562 0.068867
v 2.720175 4.211562 0.070007
v 2.717692 4.211562 0.070401
v 2.715210 4.211562 0.070007
v 2.701727 4.202672 0.084350
v 2.695714 4.202672 0.078341
v 2.691855 4.202672 0.070766
v 2.690524 4.202672 0.062373
v 2.691855 4.202672 0.053977
v 2.695714 4.202672 0.046404
v 2.701727 4.202672 0.040393
v 2.709296 4.202672 0.036534
v 2.717692 4.202672 0.035204
v 2.726089 4.202672 0.036534
v 2.733658 4.202672 0.040393
v 2.739671 4.202672 0.046404
v 2.743531 4.202672 0.053977
v 2.744860 4.202672 0.062373
v 2.743531 4.202672 0.070766
v 2.739671 4.202672 0.078341
v 2.733658 4.202672 0.084350
v 2.726089 4.202672 0.088210
v 2.717692 4.202672 0.089539
v 2.709296 4.202672 0.088210
v 2.738796 4.197744 0.055182
v 2.735641 4.197744 0.048696
v 2.730732 4.197744 0.043549
v 2.724549 4.197744 0.040243
v 2.717692 4.197744 0.039104
v 2.710836 4.197744 0.040243
v 2.704649 4.197744 0.043549
v 2.699744 4.197744 0.048696
v 2.696593 4.197744 0.055182
v 2.695504 4.197744 0.062373
v 2.696589 4.197744 0.069563
v 2.699744 4.197744 0.076049
v 2.704649 4.197744 0.081196
v 2.710836 4.197744 0.084502
v 2.717692 4.197744 0.085641
v 2.724549 4.197744 0.084502
v 2.730732 4.197744 0.081197
v 2.735641 4.197744 0.076049
v 2.738796 4.197744 0.069563
v 2.739877 4.197744 0.062373
v 2.725040 4.198306 0.059860
v 2.723908 4.198306 0.057622
v 2.717692 4.198304 0.062373
v 2.722174 4.198305 0.055884
v 2.720036 4.198304 0.054791
v 2.717692 4.198304 0.054420
v 2.715349 4.198304 0.054791
v 2.713211 4.198304 0.055884
v 2.711478 4.198304 0.057624
v 2.710337 4.198305 0.059860
v 2.709941 4.198306 0.062373
v 2.710341 4.198304 0.064885
v 2.711478 4.198304 0.067122
v 2.713207 4.198304 0.068862
v 2.715349 4.198306 0.069955
v 2.717692 4.198306 0.070328
v 2.720036 4.198304 0.069955
v 2.722174 4.198305 0.068862
v 2.723908 4.198304 0.067122
v 2.725044 4.198304 0.064886
v 2.725443 4.198304 0.062374
v 2.708659 4.197228 0.090175
v 2.700508 4.197228 0.086023
v 2.694043 4.197228 0.079556
v 2.689887 4.197228 0.071407
v 2.688458 4.197228 0.062373
v 2.689887 4.197228 0.053339
v 2.694043 4.197228 0.045189
v 2.700512 4.197228 0.038722
v 2.708659 4.197228 0.034570
v 2.717692 4.197228 0.033139
v 2.726726 4.197228 0.034570
v 2.734873 4.197228 0.038722
v 2.741341 4.197228 0.045189
v 2.745498 4.197228 0.053339
v 2.746927 4.197228 0.062373
v 2.745498 4.197228 0.071407
v 2.741341 4.197228 0.079556
v 2.734873 4.197228 0.086023
v 2.726726 4.197228 0.090175
v 2.717692 4.197228 0.091606
v 2.745363 3.948820 0.053380
v 2.741227 3.948820 0.045270
v 2.734790 3.948820 0.038835
v 2.726679 3.948820 0.034702
v 2.717688 3.948820 0.033278
v 2.708702 3.948820 0.034702
v 2.700591 3.948820 0.038835
v 2.694158 3.948820 0.045270
v 2.690022 3.948820 0.053380
v 2.688597 3.948820 0.062370
v 2.690022 3.948820 0.071361
v 2.694158 3.948820 0.079470
v 2.700591 3.948820 0.085907
v 2.708702 3.948820 0.090038
v 2.717688 3.948820 0.091463
v 2.726679 3.948820 0.090038
v 2.734790 3.948820 0.085907
v 2.741227 3.948820 0.079470
v 2.745363 3.948820 0.071361
v 2.746780 3.948820 0.062370
v 2.745363 4.130774 0.053380
v 2.741227 4.130774 0.045270
v 2.734790 4.130774 0.038835
v 2.726679 4.130774 0.034702
v 2.717688 4.130774 0.033278
v 2.708702 4.130774 0.034702
v 2.700591 4.130774 0.038835
v 2.694158 4.130774 0.045270
v 2.690022 4.130774 0.053380
v 2.688597 4.130774 0.062370
v 2.690022 4.130774 0.071361
v 2.694158 4.130774 0.079470
v 2.700591 4.130774 0.085907
v 2.708702 4.130774 0.090038
v 2.717688 4.130774 0.091463
v 2.726679 4.130774 0.090038
v 2.734790 4.130774 0.085907
v 2.741227 4.130774 0.079470
v 2.745363 4.130774 0.071361
v 2.746780 4.130774 0.062370
v 2.717688 3.948820 0.062370
v 2.754836 4.148785 0.050301
v 2.749286 4.148785 0.039414
v 2.740645 4.148785 0.030774
v 2.729762 4.148785 0.025227
v 2.717688 4.148785 0.023315
v 2.705623 4.148785 0.025227
v 2.694736 4.148785 0.030774
v 2.686095 4.148785 0.039414
v 2.680545 4.148785 0.050301
v 2.678637 4.148785 0.062370
v 2.680545 4.148785 0.074439
v 2.686095 4.148785 0.085326
v 2.694736 4.148785 0.093966
v 2.705623 4.148785 0.099514
v 2.717688 4.148785 0.101425
v 2.729762 4.148785 0.099514
v 2.740645 4.148785 0.093966
v 2.749286 4.148785 0.085326
v 2.754836 4.148785 0.074439
v 2.756748 4.148785 0.062370
v 2.741777 4.177309 0.054544
v 2.738178 4.177309 0.047483
v 2.732577 4.177309 0.041881
v 2.725519 4.177309 0.038284
v 2.717688 4.177309 0.037045
v 2.709866 4.177309 0.038284
v 2.702804 4.177309 0.041881
v 2.697203 4.177309 0.047484
v 2.693608 4.177309 0.054544
v 2.692365 4.177309 0.062370
v 2.693608 4.177309 0.070197
v 2.697203 4.177309 0.077256
v 2.702808 4.177309 0.082859
v 2.709866 4.177309 0.086456
v 2.717688 4.177309 0.087695
v 2.725519 4.177309 0.086457
v 2.732577 4.177309 0.082859
v 2.738178 4.177309 0.077256
v 2.741777 4.177309 0.070197
v 2.743016 4.177309 0.062370
v 2.737121 4.177309 0.056056
v 2.734216 4.177309 0.050362
v 2.729703 4.177309 0.045844
v 2.724003 4.177309 0.042942
v 2.717688 4.177309 0.041943
v 2.711382 4.177309 0.042942
v 2.705686 4.177309 0.045844
v 2.701165 4.177309 0.050363
v 2.698260 4.177309 0.056057
v 2.697262 4.177309 0.062370
v 2.698260 4.177309 0.068684
v 2.701169 4.177309 0.074378
v 2.705686 4.177309 0.078897
v 2.711382 4.177309 0.081799
v 2.717692 4.177309 0.082798
v 2.724003 4.177309 0.081800
v 2.729703 4.177309 0.078897
v 2.734216 4.177309 0.074378
v 2.737121 4.177309 0.068684
v 2.738119 4.177309 0.062370
v 2.737118 4.166027 0.056056
v 2.734216 4.166027 0.050362
v 2.717688 4.166027 0.062370
v 2.729703 4.166027 0.045844
v 2.724003 4.166027 0.042942
v 2.717688 4.166027 0.041943
v 2.711382 4.166027 0.042942
v 2.705686 4.166027 0.045844
v 2.701165 4.166027 0.050364
v 2.698260 4.166027 0.056057
v 2.697262 4.166027 0.062370
v 2.698260 4.166027 0.068684
v 2.701169 4.166027 0.074378
v 2.705686 4.166027 0.078897
v 2.711378 4.166027 0.081800
v 2.717692 4.166027 0.082798
v 2.724003 4.166027 0.081800
v 2.729703 4.166027 0.078897
v 2.734216 4.166027 0.074378
v 2.737121 4.166027 0.068684
v 2.738119 4.166027 0.062370
v 2.720273 4.177309 0.038985
v 2.717692 4.177309 0.038283
v 2.717692 4.177309 0.041058
v 2.719901 4.177309 0.041625
v 2.715112 4.177309 0.038985
v 2.715480 4.177309 0.041625
v 2.694305 4.177309 0.060176
v 2.693604 4.177309 0.062370
v 2.696375 4.177309 0.062370
v 2.696945 4.177309 0.060492
v 2.694305 4.177309 0.064564
v 2.696945 4.177309 0.064249
v 2.715112 4.177309 0.085755
v 2.717692 4.177309 0.086458
v 2.717692 4.177309 0.083683
v 2.715480 4.177309 0.083116
v 2.720273 4.177309 0.085756
v 2.719901 4.177309 0.083116
v 2.741076 4.177309 0.064564
v 2.741781 4.177309 0.062370
v 2.739002 4.177309 0.062370
v 2.738440 4.177309 0.064249
v 2.741076 4.177309 0.060176
v 2.738440 4.177309 0.060492
v 2.720273 4.198961 0.038983
v 2.717692 4.198961 0.038281
v 2.717692 4.198961 0.041055
v 2.719901 4.198961 0.041622
v 2.715108 4.198961 0.038982
v 2.715480 4.198961 0.041621
v 2.694305 4.198961 0.060176
v 2.693604 4.198961 0.062370
v 2.696375 4.198961 0.062370
v 2.696945 4.198961 0.060492
v 2.694305 4.198961 0.064564
v 2.696945 4.198961 0.064249
v 2.715112 4.198961 0.085753
v 2.717692 4.198961 0.086459
v 2.717692 4.198961 0.083683
v 2.715480 4.198961 0.083115
v 2.720273 4.198961 0.085759
v 2.719901 4.198961 0.083120
v 2.741076 4.198961 0.064564
v 2.741781 4.198961 0.062368
v 2.739002 4.198961 0.062368
v 2.738440 4.198961 0.064249
v 2.741076 4.198961 0.060173
v 2.738440 4.198961 0.060488
v 2.717688 4.054305 0.033278
v 2.726679 4.054305 0.034702
v 2.734790 4.054305 0.038835
v 2.741227 4.054305 0.045270
v 2.745363 4.054305 0.053380
v 2.746780 4.054305 0.062370
v 2.745363 4.054305 0.071361
v 2.741227 4.054305 0.079470
v 2.734790 4.054305 0.085907
v 2.726679 4.054305 0.090038
v 2.717688 4.054305 0.091463
v 2.708702 4.054305 0.090038
v 2.700591 4.054305 0.085907
v 2.694158 4.054305 0.079470
v 2.690022 4.054305 0.071361
v 2.688597 4.054305 0.062370
v 2.690022 4.054305 0.053380
v 2.694158 4.054305 0.045270
v 2.700591 4.054305 0.038835
v 2.708702 4.054305 0.034702
v 2.717688 4.046519 0.104617
v 2.704637 4.046519 0.102551
v 2.692860 4.046519 0.096549
v 2.683518 4.046519 0.087203
v 2.677508 4.046519 0.075426
v 2.675442 4.046519 0.062370
v 2.677508 4.046519 0.049315
v 2.683518 4.046519 0.037538
v 2.692860 4.046519 0.028192
v 2.704637 4.046519 0.022191
v 2.717688 4.046519 0.020123
v 2.730744 4.046519 0.022191
v 2.742521 4.046519 0.028192
v 2.751867 4.046519 0.037538
v 2.757876 4.046519 0.049315
v 2.759939 4.046519 0.062370
v 2.757876 4.046519 0.075426
v 2.751867 4.046519 0.087203
v 2.742521 4.046519 0.096549
v 2.730744 4.046519 0.102551
v 2.701145 4.032837 0.085146
v 2.694918 4.032837 0.078918
v 2.690916 4.032837 0.071070
v 2.689535 4.032837 0.062370
v 2.690916 4.032837 0.053671
v 2.694918 4.032837 0.045823
v 2.701145 4.032837 0.039596
v 2.708991 4.032837 0.035596
v 2.717688 4.032837 0.034218
v 2.726390 4.032837 0.035596
v 2.734236 4.032837 0.039596
v 2.740466 4.032837 0.045823
v 2.744469 4.032837 0.053671
v 2.745842 4.032837 0.062370
v 2.744469 4.032837 0.071070
v 2.740466 4.032837 0.078918
v 2.734236 4.032837 0.085146
v 2.726390 4.032837 0.089144
v 2.717688 4.032837 0.090522
v 2.708991 4.032837 0.089144
v 2.717688 4.058274 0.091463
v 2.708702 4.058274 0.090038
v 2.700591 4.058274 0.085907
v 2.694158 4.058274 0.079470
v 2.690022 4.058274 0.071361
v 2.688597 4.058274 0.062370
v 2.690022 4.058274 0.053380
v 2.694158 4.058274 0.045270
v 2.700591 4.058274 0.038835
v 2.708702 4.058274 0.034702
v 2.717688 4.058274 0.033278
v 2.726679 4.058274 0.034702
v 2.734790 4.058274 0.038835
v 2.741227 4.058274 0.045270
v 2.745363 4.058274 0.053380
v 2.746780 4.058274 0.062370
v 2.745363 4.058274 0.071361
v 2.741227 4.058274 0.079470
v 2.734790 4.058274 0.085907
v 2.726679 4.058274 0.090038
v 2.717688 4.029764 0.090541
v 2.708983 4.029764 0.089163
v 2.701134 4.029764 0.085162
v 2.694903 4.029764 0.078929
v 2.690897 4.029764 0.071076
v 2.689519 4.029764 0.062370
v 2.690897 4.029764 0.053664
v 2.694903 4.029764 0.045811
v 2.701130 4.029764 0.039579
v 2.708983 4.029764 0.035577
v 2.717688 4.029764 0.034198
v 2.726394 4.029764 0.035577
v 2.734248 4.029764 0.039579
v 2.740482 4.029764 0.045811
v 2.744489 4.029764 0.053664
v 2.745862 4.029764 0.062370
v 2.744489 4.029764 0.071076
v 2.740482 4.029764 0.078929
v 2.734251 4.029764 0.085162
v 2.726394 4.029764 0.089163
v 2.700591 4.082617 0.038835
v 2.708702 4.082617 0.034702
v 2.717688 4.082617 0.033278
v 2.726679 4.082617 0.034702
v 2.734790 4.082617 0.038835
v 2.741227 4.082617 0.045270
v 2.745363 4.082617 0.053380
v 2.746780 4.082617 0.062370
v 2.745363 4.082617 0.071361
v 2.741227 4.082617 0.079470
v 2.734790 4.082617 0.085907
v 2.726679 4.082617 0.090038
v 2.717688 4.082617 0.091463
v 2.708702 4.082617 0.090038
v 2.700591 4.082617 0.085907
v 2.694158 4.082617 0.079470
v 2.690022 4.082617 0.071361
v 2.688597 4.082617 0.062370
v 2.690022 4.082617 0.053380
v 2.694158 4.082617 0.045270
v 2.734790 4.128166 0.085907
v 2.726679 4.128166 0.090038
v 2.717688 4.128166 0.091463
v 2.708702 4.128166 0.090038
v 2.700591 4.128166 0.085907
v 2.694158 4.128166 0.079470
v 2.690022 4.128166 0.071361
v 2.688597 4.128166 0.062370
v 2.690022 4.128166 0.053380
v 2.694158 4.128166 0.045270
v 2.700591 4.128166 0.038835
v 2.708702 4.128166 0.034702
v 2.717688 4.128166 0.033278
v 2.726679 4.128166 0.034702
v 2.734790 4.128166 0.038835
v 2.741227 4.128166 0.045270
v 2.745363 4.128166 0.053380
v 2.746780 4.128166 0.062370
v 2.745363 4.128166 0.071361
v 2.741227 4.128166 0.079470
v 2.733373 4.174495 0.083955
v 2.725938 4.174495 0.087746
v 2.717688 4.174495 0.089051
v 2.709447 4.174495 0.087745
v 2.702009 4.174495 0.083955
v 2.696106 4.174495 0.078053
v 2.692318 4.174495 0.070616
v 2.691007 4.174495 0.062370
v 2.692318 4.174495 0.054125
v 2.696106 4.174495 0.046688
v 2.702009 4.174495 0.040785
v 2.709447 4.174495 0.036995
v 2.717688 4.174495 0.035690
v 2.725938 4.174495 0.036995
v 2.733373 4.174495 0.040785
v 2.739275 4.174495 0.046687
v 2.743063 4.174495 0.054125
v 2.744374 4.174495 0.062370
v 2.743063 4.174495 0.070616
v 2.739275 4.174495 0.078053
v 2.735756 4.133751 0.087237
v 2.727189 4.133751 0.091603
v 2.717688 4.133751 0.093108
v 2.708192 4.133751 0.091603
v 2.699622 4.133751 0.087237
v 2.692824 4.133751 0.080438
v 2.688454 4.133751 0.071869
v 2.686950 4.133751 0.062370
v 2.688454 4.133751 0.052871
v 2.692824 4.133751 0.044302
v 2.699622 4.133751 0.037503
v 2.708192 4.133751 0.033136
v 2.717688 4.133751 0.031632
v 2.727189 4.133751 0.033136
v 2.735756 4.133751 0.037503
v 2.742557 4.133751 0.044302
v 2.746927 4.133751 0.052871
v 2.748427 4.133751 0.062370
v 2.746927 4.133751 0.071869
v 2.742557 4.133751 0.080438
v 2.694238 3.963489 0.045327
v 2.700647 3.963489 0.038912
v 2.708730 3.963489 0.034793
v 2.717688 3.963489 0.033374
v 2.726651 3.963489 0.034793
v 2.734734 3.963489 0.038912
v 2.741147 3.963489 0.045327
v 2.745272 3.963489 0.053410
v 2.746685 3.963489 0.062370
v 2.745272 3.963489 0.071332
v 2.741147 3.963489 0.079414
v 2.734734 3.963489 0.085829
v 2.726651 3.963489 0.089947
v 2.717688 3.963489 0.091366
v 2.708730 3.963489 0.089947
v 2.700647 3.963489 0.085829
v 2.694234 3.963489 0.079414
v 2.690109 3.963489 0.071332
v 2.688691 3.963489 0.062370
v 2.690113 3.963489 0.053410
vt 1.013088 -1.474092
vt 1.341329 -1.474092
vt 1.341329 0.323584
vt 1.013088 0.323584
vt 1.699188 0.323584
vt 1.370944 0.323584
vt 1.370944 -1.474092
vt 1.699188 -1.474092
vt -1.846257 0.407822
vt -1.339710 0.407822
vt -1.339710 0.490312
vt -1.846257 0.490312
vt -1.830428 0.386291
vt -1.355542 0.386291
vt -1.801005 0.353957
vt -1.384970 0.353957
vt -1.830428 -1.956871
vt -1.801005 -1.924538
vt -1.355542 -1.956871
vt -1.384970 -1.924538
vt -0.520915 0.407822
vt -0.014371 0.407822
vt -0.014371 0.490312
vt -0.520915 0.490312
vt -0.505083 0.386291
vt -0.030198 0.386291
vt -0.475658 0.353957
vt -0.059622 0.353957
vt -0.505083 -1.956871
vt -0.475658 -1.924538
vt -0.030198 -1.956871
vt -0.059622 -1.924538
vt 1.962034 0.340202
vt 1.962034 2.618697
vt 1.951108 2.618697
vt 1.951108 0.340202
vt 1.911622 2.618697
vt 1.911622 0.340202
vt 1.922551 0.340202
vt 1.922551 2.618697
vt 1.883060 0.340202
vt 1.883060 2.618697
vt 1.872134 2.618697
vt 1.872134 0.340202
vt 1.832651 2.618697
vt 1.832651 0.340202
vt 1.843577 0.340202
vt 1.843577 2.618697
vt -0.983442 0.990107
vt -0.983442 0.508891
vt -0.898555 0.508891
vt -0.898555 0.990107
vt -0.870432 0.516407
vt -0.870432 0.982583
vt -0.841324 0.534636
vt -0.841324 0.964351
vt -1.154121 0.990110
vt -1.154121 0.508891
vt -1.069233 0.508891
vt -1.069233 0.990110
vt -1.041110 0.516415
vt -1.041110 0.982592
vt -1.012002 0.534647
vt -1.012002 0.964359
vt -1.362020 0.508891
vt -1.362020 0.863167
vt -1.477578 0.863167
vt -1.477578 0.508891
vt -1.506138 0.508891
vt -1.506138 0.863167
vt -1.621696 0.863167
vt -1.621696 0.508891
vt -0.812767 0.508891
vt -0.458488 0.508891
vt -0.458488 1.036683
vt -0.812764 1.036683
vt 0.985856 1.216370
vt 0.510971 1.216370
vt 0.510971 0.508891
vt 0.985853 0.508891
vt -1.182678 0.508891
vt -1.182678 0.924927
vt -1.198956 0.924927
vt -1.198956 0.508891
vt -1.227513 0.508891
vt -1.227513 0.924930
vt -1.243791 0.924930
vt -1.243791 0.508891
vt -1.288627 0.924930
vt -1.288627 0.508894
vt -1.272349 0.508891
vt -1.272349 0.924930
vt -1.333462 0.924927
vt -1.333462 0.508891
vt -1.317184 0.508891
vt -1.317184 0.924927
vt -0.012321 0.508891
vt -0.012321 1.128693
vt -0.023246 1.128693
vt -0.023246 0.508891
vt -0.062732 1.128690
vt -0.062732 0.508891
vt -0.051803 0.508891
vt -0.051803 1.128690
vt -0.102215 1.128690
vt -0.102215 0.508891
vt -0.091289 0.508891
vt -0.091289 1.128690
vt -0.130772 0.508891
vt -0.130772 1.128690
vt -0.141698 1.128690
vt -0.141698 0.508891
vt 1.297547 0.340202
vt 1.804094 0.340202
vt 1.791422 0.359069
vt 1.310206 0.359069
vt 1.804094 1.094840
vt 1.791422 1.075976
vt 1.297547 1.094840
vt 1.310206 1.075976
vt 0.034469 0.536055
vt 0.464184 0.536055
vt 0.439117 0.573399
vt 0.059538 0.573399
vt 0.464184 1.176237
vt 0.439117 1.138893
vt 0.426467 0.592249
vt 0.072188 0.592249
vt 0.034469 1.176237
vt 0.059533 1.138893
vt 0.482413 0.508891
vt 0.482413 1.203400
vt 0.426467 1.120040
vt 0.072191 1.120040
vt 0.016237 1.203400
vt 0.016237 0.508891
vt 2.217809 0.323584
vt 1.728802 0.323584
vt 1.728802 -1.474092
vt 2.217809 -1.474092
vt 2.091155 0.338242
vt 2.580161 0.338242
vt 2.580161 2.135918
vt 2.091155 2.135918
vt -0.555494 -1.874381
vt -1.310134 -1.874381
vt -1.310134 -1.956871
vt -0.555494 -1.956871
vt -0.579076 -1.852849
vt -1.286552 -1.852849
vt -0.622915 -1.820516
vt -1.242714 -1.820516
vt -0.579076 0.490312
vt -0.622915 0.457979
vt -1.286552 0.490312
vt -1.242714 0.457979
vt 0.014299 0.407822
vt 0.768940 0.407822
vt 0.768940 0.490312
vt 0.014299 0.490312
vt 0.037881 0.386291
vt 0.745358 0.386291
vt 0.081720 0.353957
vt 0.701519 0.353957
vt 0.037881 -1.956871
vt 0.081720 -1.924538
vt 0.745358 -1.956871
vt 0.701519 -1.924538
vt 2.141375 0.340202
vt 2.141375 2.618697
vt 2.125096 2.618697
vt 2.125096 0.340202
vt 2.096539 0.340202
vt 2.096539 2.618697
vt 2.080261 2.618697
vt 2.080261 0.340202
vt 2.035426 2.618697
vt 2.035426 0.340202
vt 2.051704 0.340202
vt 2.051704 2.618697
vt 1.990591 2.618697
vt 1.990591 0.340202
vt 2.006869 0.340202
vt 2.006869 2.618697
vt 1.268991 0.340202
vt 1.268991 1.057113
vt 1.184102 1.057113
vt 1.184102 0.340202
vt 1.155981 1.045911
vt 1.155981 0.351404
vt 1.014413 1.057113
vt 1.014413 0.340202
vt 1.099302 0.340202
vt 1.099302 1.057113
vt 1.127424 0.351404
vt 1.127424 1.045911
vt -0.170255 0.508891
vt -0.170255 1.036686
vt -0.285814 1.036686
vt -0.285814 0.508891
vt -0.429930 1.036686
vt -0.429930 0.508891
vt -0.314371 0.508891
vt -0.314371 1.036686
vt 1.374556 1.387258
vt 1.374556 1.312383
vt 1.412100 1.314817
vt 1.412100 1.391838
vt 1.374556 1.229397
vt 1.412100 1.229397
vt 1.374556 1.446604
vt 1.412100 1.452973
vt 1.365079 1.307476
vt 1.365079 1.229397
vt 1.374556 1.146411
vt 1.412100 1.143986
vt 1.365079 1.151318
vt 1.374556 1.071574
vt 1.412100 1.066994
vt 1.374556 1.012151
vt 1.412100 1.005801
vt 1.445789 1.146420
vt 1.445789 1.071545
vt 1.483333 1.066965
vt 1.483333 1.143986
vt 1.445789 1.012199
vt 1.483333 1.005801
vt 1.445789 1.229406
vt 1.483333 1.229406
vt 1.436312 1.229406
vt 1.436312 1.151327
vt 1.445789 1.312383
vt 1.483333 1.314826
vt 1.436312 1.307437
vt 1.445789 1.387219
vt 1.483333 1.391809
vt 1.445789 1.446642
vt 1.483333 1.452973
vt -1.335353 -1.477689
vt -1.260839 -1.477689
vt -1.260584 -1.342929
vt -1.334805 -1.342929
vt -1.178257 -1.477689
vt -1.178257 -1.342929
vt -1.258222 -0.734124
vt -1.330369 -0.734124
vt -1.394478 -1.477689
vt -1.393751 -1.342929
vt -1.095709 -1.477689
vt -1.095964 -1.342929
vt -1.178257 -0.734124
vt -1.258183 -0.705895
vt -1.330258 -0.705895
vt -1.387641 -0.734124
vt -1.021199 -1.477689
vt -1.021709 -1.342929
vt -1.098326 -0.734124
vt -1.178257 -0.705895
vt -1.298185 -0.580208
vt -1.406370 -0.580208
vt -1.387497 -0.705895
vt -0.962108 -1.477689
vt -0.962835 -1.342929
vt -1.026145 -0.734124
vt -1.098364 -0.705895
vt -1.178257 -0.580208
vt -0.968944 -0.734124
vt -1.026289 -0.705895
vt -1.058362 -0.580208
vt -1.178257 -0.508691
vt -1.260839 -0.508691
vt -0.969089 -0.705895
vt -0.950178 -0.580208
vt -1.095709 -0.508691
vt -1.178257 -0.472235
vt -1.260839 -0.472235
vt -1.095709 -0.472235
vt -1.178257 -0.248611
vt -1.260839 -0.248611
vt -1.335353 -0.508691
vt -1.335353 -0.472235
vt -1.021199 -0.508691
vt -1.021199 -0.472235
vt -1.095709 -0.248611
vt -1.178257 0.169812
vt -1.260839 0.169812
vt -1.335353 -0.248611
vt -1.394478 -0.508691
vt -1.394478 -0.472235
vt -0.962108 -0.508691
vt -0.962108 -0.472235
vt -1.021199 -0.248611
vt -1.095709 0.169812
vt -1.178257 0.193760
vt -1.260839 0.193760
vt -1.335353 0.169812
vt -1.394478 -0.248611
vt -0.962108 -0.248611
vt -1.021199 0.169812
vt -1.095709 0.193760
vt -1.178257 0.221114
vt -1.265529 0.221114
vt -1.335353 0.193760
vt -1.394478 0.169812
vt -0.962108 0.169812
vt -1.021199 0.193760
vt -1.091057 0.221114
vt -1.178257 0.359213
vt -1.289169 0.359213
vt -1.344224 0.221114
vt -1.394478 0.193760
vt -0.962108 0.193760
vt -1.012290 0.221114
vt -1.067383 0.359213
vt -1.178257 0.595393
vt -1.254041 0.595393
vt -1.389133 0.359213
vt -1.406697 0.221114
vt -0.949850 0.221114
vt -0.967415 0.359213
vt -1.102545 0.595393
vt -1.178257 0.621246
vt -1.250188 0.621246
vt -1.322330 0.595393
vt -1.468515 0.359213
vt -0.888032 0.359213
vt -1.034217 0.595393
vt -1.106403 0.621246
vt -1.315023 0.621246
vt -1.376553 0.595393
vt -0.980000 0.595393
vt -1.041563 0.621246
vt -1.366479 0.621246
vt -0.990069 0.621246
vt -0.726938 -1.477689
vt -0.652429 -1.477689
vt -0.652174 -1.342929
vt -0.726428 -1.342929
vt -0.569880 -1.477689
vt -0.569880 -1.342929
vt -0.649812 -0.734124
vt -0.721993 -0.734124
vt -0.786029 -1.477689
vt -0.785303 -1.342929
vt -0.487299 -1.477689
vt -0.487554 -1.342929
vt -0.569880 -0.734124
vt -0.649773 -0.705895
vt -0.721848 -0.705895
vt -0.779193 -0.734124
vt -0.412784 -1.477689
vt -0.413294 -1.342929
vt -0.489916 -0.734124
vt -0.569880 -0.705895
vt -0.689775 -0.580208
vt -0.797960 -0.580208
vt -0.779048 -0.705895
vt -0.353660 -1.477689
vt -0.354386 -1.342929
vt -0.417768 -0.734124
vt -0.489954 -0.705895
vt -0.569880 -0.580208
vt -0.360496 -0.734124
vt -0.417879 -0.705895
vt -0.449952 -0.580208
vt -0.569880 -0.508691
vt -0.652429 -0.508691
vt -0.360640 -0.705895
vt -0.341768 -0.580208
vt -0.487299 -0.508691
vt -0.569880 -0.472235
vt -0.652429 -0.472235
vt -0.487299 -0.472235
vt -0.569880 -0.248611
vt -0.652429 -0.248611
vt -0.726938 -0.508691
vt -0.726938 -0.472235
vt -0.412784 -0.508691
vt -0.412784 -0.472235
vt -0.487299 -0.248611
vt -0.569880 0.169812
vt -0.652429 0.169812
vt -0.726938 -0.248611
vt -0.786029 -0.508691
vt -0.786029 -0.472235
vt -0.353660 -0.508691
vt -0.353660 -0.472235
vt -0.412784 -0.248611
vt -0.487299 0.169812
vt -0.569880 0.193760
vt -0.652429 0.193760
vt -0.726938 0.169812
vt -0.786029 -0.248611
vt -0.353660 -0.248611
vt -0.412784 0.169812
vt -0.487299 0.193760
vt -0.569880 0.221114
vt -0.657081 0.221114
vt -0.726938 0.193760
vt -0.786029 0.169812
vt -0.353660 0.169812
vt -0.412784 0.193760
vt -0.482608 0.221114
vt -0.569880 0.359213
vt -0.680721 0.359213
vt -0.735848 0.221114
vt -0.786029 0.193760
vt -0.353660 0.193760
vt -0.403913 0.221114
vt -0.458968 0.359213
vt -0.569880 0.595393
vt -0.645593 0.595393
vt -0.780723 0.359213
vt -0.798287 0.221114
vt -0.341440 0.221114
vt -0.359005 0.359213
vt -0.494096 0.595393
vt -0.569880 0.621246
vt -0.641734 0.621246
vt -0.713920 0.595393
vt -0.860105 0.359213
vt -0.279622 0.359213
vt -0.425807 0.595393
vt -0.497950 0.621246
vt -0.706574 0.621246
vt -0.768138 0.595393
vt -0.371585 0.595393
vt -0.433115 0.621246
vt -0.758069 0.621246
vt -0.381659 0.621246
vt 0.024501 2.000883
vt 0.024501 2.053253
vt -0.079142 2.053253
vt -0.079142 2.000883
vt 0.024501 2.111252
vt -0.079142 2.111252
vt 0.024501 1.959433
vt -0.079142 1.959433
vt 0.024501 2.169221
vt -0.079142 2.169221
vt 0.024501 2.221505
vt -0.079142 2.221505
vt 0.024501 2.263032
vt -0.079142 2.263032
vt 0.152358 1.985334
vt 0.152358 2.037637
vt 0.048714 2.037637
vt 0.048714 1.985334
vt 0.152358 2.095674
vt 0.048714 2.095674
vt 0.152358 1.943808
vt 0.048714 1.943846
vt 0.152358 2.153596
vt 0.048714 2.153596
vt 0.152358 2.205957
vt 0.048714 2.205957
vt 0.152358 2.247416
vt 0.048714 2.247416
vt -0.917936 1.959471
vt -0.894228 1.959471
vt -0.894228 2.158368
vt -0.917936 2.158368
vt -0.870482 1.959471
vt -0.870516 2.158368
vt -0.962435 1.959471
vt -0.942148 1.959471
vt -0.942148 2.158368
vt -0.962435 2.158368
vt -0.982766 1.959471
vt -0.982766 2.158368
vt -1.251424 1.924372
vt -1.227168 1.924372
vt -1.227168 2.123269
vt -1.251424 2.123269
vt -1.299893 1.924372
vt -1.275637 1.924372
vt -1.275637 2.123269
vt -1.299893 2.123269
vt -1.371525 1.924372
vt -1.347813 1.924372
vt -1.347813 2.123269
vt -1.371525 2.123269
vt -1.324105 1.924372
vt -1.324105 2.123269
vt -1.416068 1.924372
vt -1.395738 1.924372
vt -1.395738 2.123269
vt -1.416068 2.123269
vt -1.436355 1.924372
vt -1.436355 2.123269
vt -1.229304 2.174129
vt -1.205087 2.174129
vt -1.205087 2.373025
vt -1.229304 2.373025
vt -1.175467 2.174129
vt -1.151249 2.174129
vt -1.151249 2.373025
vt -1.175467 2.373025
vt 1.303323 1.387239
vt 1.303323 1.312363
vt 1.340866 1.314769
vt 1.340866 1.391780
vt 1.303323 1.229377
vt 1.340866 1.229377
vt 1.303323 1.446623
vt 1.340866 1.452982
vt 1.293846 1.307456
vt 1.293846 1.229377
vt 1.303323 1.146391
vt 1.340866 1.143967
vt 1.293846 1.151337
vt 1.303323 1.071555
vt 1.340866 1.066975
vt 1.303323 1.012132
vt 1.340866 1.005811
vt 1.232094 1.146382
vt 1.232094 1.071545
vt 1.269638 1.066927
vt 1.269638 1.143986
vt 1.232094 1.012122
vt 1.269638 1.005801
vt 1.232094 1.229368
vt 1.269638 1.229368
vt 1.222617 1.229368
vt 1.222617 1.151289
vt 1.232094 1.312344
vt 1.269638 1.314788
vt 1.222617 1.307399
vt 1.232094 1.387181
vt 1.269638 1.391770
vt 1.232094 1.446604
vt 1.269638 1.452934
vt -0.119307 -1.477689
vt -0.044793 -1.477689
vt -0.044538 -1.342929
vt -0.118797 -1.342929
vt 0.037789 -1.477689
vt 0.037789 -1.342929
vt -0.042176 -0.734124
vt -0.114323 -0.734124
vt -0.178432 -1.477689
vt -0.177705 -1.342929
vt 0.120337 -1.477689
vt 0.120082 -1.342929
vt 0.037789 -0.734124
vt -0.042138 -0.705895
vt -0.114213 -0.705895
vt -0.171596 -0.734124
vt 0.194846 -1.477689
vt 0.194337 -1.342929
vt 0.117754 -0.734124
vt 0.037789 -0.705895
vt -0.082139 -0.580208
vt -0.190324 -0.580208
vt -0.171451 -0.705895
vt 0.253937 -1.477689
vt 0.253211 -1.342929
vt 0.189901 -0.734124
vt 0.117681 -0.705895
vt 0.037789 -0.580208
vt 0.247101 -0.734124
vt 0.189757 -0.705895
vt 0.157683 -0.580208
vt 0.037789 -0.508691
vt -0.044793 -0.508691
vt 0.246957 -0.705895
vt 0.265868 -0.580208
vt 0.120337 -0.508691
vt 0.037789 -0.472235
vt -0.044793 -0.472235
vt 0.120337 -0.472235
vt 0.037789 -0.248611
vt -0.044793 -0.248611
vt -0.119307 -0.508691
vt -0.119307 -0.472235
vt 0.194846 -0.508691
vt 0.194846 -0.472235
vt 0.120337 -0.248611
vt 0.037789 0.169812
vt -0.044793 0.169812
vt -0.119307 -0.248611
vt -0.178432 -0.508691
vt -0.178432 -0.472235
vt 0.253937 -0.508691
vt 0.253937 -0.472235
vt 0.194846 -0.248611
vt 0.120337 0.169812
vt 0.037789 0.193760
vt -0.044793 0.193760
vt -0.119307 0.169812
vt -0.178432 -0.248611
vt 0.253937 -0.248611
vt 0.194846 0.169812
vt 0.120337 0.193760
vt 0.037789 0.221114
vt -0.049484 0.221114
vt -0.119307 0.193760
vt -0.178432 0.169812
vt 0.253937 0.169812
vt 0.194846 0.193760
vt 0.125028 0.221114
vt 0.037789 0.359213
vt -0.073124 0.359213
vt -0.128178 0.221114
vt -0.178432 0.193760
vt 0.253937 0.193760
vt 0.203756 0.221114
vt 0.148629 0.359213
vt 0.037789 0.595393
vt -0.037995 0.595393
vt -0.173087 0.359213
vt -0.190651 0.221114
vt 0.266195 0.221114
vt 0.248631 0.359213
vt 0.113501 0.595393
vt 0.037789 0.621246
vt -0.034142 0.621246
vt -0.106285 0.595393
vt -0.252470 0.359213
vt 0.328014 0.359213
vt 0.181828 0.595393
vt 0.109643 0.621246
vt -0.098977 0.621246
vt -0.160507 0.595393
vt 0.236046 0.595393
vt 0.174521 0.621246
vt -0.150433 0.621246
vt 0.225977 0.621246
vt 0.488338 -1.477689
vt 0.562847 -1.477689
vt 0.563102 -1.342929
vt 0.488848 -1.342929
vt 0.645395 -1.477689
vt 0.645395 -1.342929
vt 0.565431 -0.734124
vt 0.493317 -0.734124
vt 0.429247 -1.477689
vt 0.429935 -1.342929
vt 0.727977 -1.477689
vt 0.727722 -1.342929
vt 0.645395 -0.734124
vt 0.565503 -0.705895
vt 0.493428 -0.705895
vt 0.436083 -0.734124
vt 0.802492 -1.477689
vt 0.801982 -1.342929
vt 0.725360 -0.734124
vt 0.645395 -0.705895
vt 0.525501 -0.580208
vt 0.417316 -0.580208
vt 0.436227 -0.705895
vt 0.861616 -1.477689
vt 0.860890 -1.342929
vt 0.797546 -0.734124
vt 0.725322 -0.705895
vt 0.645395 -0.580208
vt 0.854780 -0.734124
vt 0.797397 -0.705895
vt 0.765324 -0.580208
vt 0.645395 -0.508691
vt 0.562847 -0.508691
vt 0.854636 -0.705895
vt 0.873508 -0.580208
vt 0.727977 -0.508691
vt 0.645395 -0.472235
vt 0.562847 -0.472235
vt 0.727977 -0.472235
vt 0.645395 -0.248611
vt 0.562847 -0.248611
vt 0.488338 -0.508691
vt 0.488338 -0.472235
vt 0.802492 -0.508691
vt 0.802492 -0.472235
vt 0.727977 -0.248611
vt 0.645395 0.169812
vt 0.562847 0.169812
vt 0.488338 -0.248611
vt 0.429247 -0.508691
vt 0.429247 -0.472235
vt 0.861616 -0.508691
vt 0.861616 -0.472235
vt 0.802492 -0.248611
vt 0.727977 0.169812
vt 0.645395 0.193760
vt 0.562847 0.193760
vt 0.488338 0.169812
vt 0.429247 -0.248611
vt 0.861616 -0.248611
vt 0.802492 0.169812
vt 0.727977 0.193760
vt 0.645395 0.221114
vt 0.558157 0.221114
vt 0.488338 0.193760
vt 0.429247 0.169812
vt 0.861616 0.169812
vt 0.802492 0.193760
vt 0.732668 0.221114
vt 0.645395 0.359213
vt 0.534555 0.359213
vt 0.479428 0.221114
vt 0.429247 0.193760
vt 0.861616 0.193760
vt 0.811363 0.221114
vt 0.756308 0.359213
vt 0.645395 0.595393
vt 0.569683 0.595393
vt 0.434553 0.359213
vt 0.416989 0.221114
vt 0.873835 0.221114
vt 0.856271 0.359213
vt 0.721180 0.595393
vt 0.645395 0.621246
vt 0.573542 0.621246
vt 0.501356 0.595393
vt 0.355171 0.359213
vt 0.935654 0.359213
vt 0.789469 0.595393
vt 0.717326 0.621246
vt 0.508702 0.621246
vt 0.447138 0.595393
vt 0.843691 0.595393
vt 0.782161 0.621246
vt 0.457207 0.621246
vt 0.833617 0.621246
vt -0.103355 2.000883
vt -0.103355 2.053253
vt -0.206998 2.053253
vt -0.206998 2.000883
vt -0.103355 2.111252
vt -0.206998 2.111252
vt -0.103355 1.959433
vt -0.206998 1.959433
vt -0.103355 2.169183
vt -0.206998 2.169183
vt -0.103355 2.221505
vt -0.206998 2.221505
vt -0.103355 2.263032
vt -0.206998 2.263032
vt -0.231211 2.000921
vt -0.231211 2.053262
vt -0.334855 2.053224
vt -0.334855 2.000921
vt -0.231211 2.111223
vt -0.334855 2.111223
vt -0.231211 1.959433
vt -0.334855 1.959433
vt -0.231211 2.169183
vt -0.334855 2.169183
vt -0.231211 2.221544
vt -0.334855 2.221544
vt -0.231211 2.263003
vt -0.334855 2.263003
vt -1.121624 2.174129
vt -1.097917 2.174129
vt -1.097917 2.373025
vt -1.121624 2.373025
vt -1.074205 2.174129
vt -1.074171 2.373025
vt -1.024374 2.174129
vt -1.004087 2.174129
vt -1.004087 2.373025
vt -1.024374 2.373025
vt -1.044705 2.174129
vt -1.044705 2.373025
vt -0.737041 2.195835
vt -0.712785 2.195835
vt -0.712785 2.394732
vt -0.737041 2.394732
vt -0.683198 2.195835
vt -0.658942 2.195835
vt -0.658942 2.394732
vt -0.683198 2.394732
vt -0.629361 2.195835
vt -0.605649 2.195835
vt -0.605649 2.394732
vt -0.629361 2.394732
vt -0.581941 2.195835
vt -0.581941 2.394732
vt -0.532154 2.195806
vt -0.511824 2.195806
vt -0.511824 2.394703
vt -0.532154 2.394703
vt -0.552441 2.195806
vt -0.552441 2.394703
vt -0.244777 2.278792
vt -0.220560 2.278792
vt -0.220560 2.477689
vt -0.244777 2.477689
vt -0.190935 2.278792
vt -0.166717 2.278792
vt -0.166717 2.477689
vt -0.190935 2.477689
vt 0.140218 1.419167
vt 0.069788 1.455095
vt 0.060455 1.442254
vt 0.135311 1.404076
vt 0.152249 1.465640
vt 0.092658 1.494620
vt 0.013886 1.510986
vt 0.001042 1.501677
vt 0.218301 1.406837
vt 0.218301 1.390948
vt 0.218301 1.455677
vt 0.195224 1.592005
vt 0.174663 1.602405
vt 0.045378 1.539711
vt -0.022012 1.581459
vt -0.037103 1.576514
vt 0.296385 1.419167
vt 0.301283 1.404076
vt 0.284349 1.465640
vt 0.218311 1.588295
vt 0.218301 1.659495
vt 0.158691 1.618368
vt 0.015012 1.596512
vt 0.366815 1.455095
vt 0.376148 1.442254
vt 0.343935 1.494620
vt 0.241384 1.591971
vt 0.148651 1.637972
vt -0.034368 1.659495
vt 0.004553 1.659495
vt 0.422707 1.510986
vt 0.435547 1.501677
vt 0.391215 1.539711
vt 0.261930 1.602405
vt 0.145240 1.659495
vt -0.022012 1.737574
vt 0.015012 1.722483
vt 0.458595 1.581421
vt 0.473701 1.576514
vt 0.421581 1.596512
vt 0.277912 1.618334
vt 0.148651 1.681062
vt 0.013886 1.808009
vt 0.045378 1.779317
vt 0.470969 1.659495
vt 0.432040 1.659495
vt 0.287947 1.637972
vt 0.158691 1.700661
vt 0.001042 1.817356
vt -0.037103 1.742481
vt 0.069788 1.863867
vt 0.092658 1.824375
vt 0.458595 1.737574
vt 0.421581 1.722483
vt 0.291372 1.659495
vt 0.174677 1.716589
vt 0.060455 1.876702
vt 0.140218 1.899827
vt 0.152249 1.853322
vt 0.422707 1.808009
vt 0.391215 1.779317
vt 0.287957 1.681023
vt 0.195224 1.727062
vt 0.135311 1.914919
vt 0.218301 1.912196
vt 0.218301 1.863318
vt 0.473701 1.742481
vt 0.435547 1.817356
vt 0.366815 1.863867
vt 0.343935 1.824375
vt 0.277917 1.700699
vt 0.218297 1.730699
vt 0.218301 1.928047
vt 0.296385 1.899827
vt 0.284349 1.853322
vt 0.376148 1.876702
vt 0.261930 1.716589
vt 0.241379 1.727024
vt 0.301283 1.914919
vt -0.430724 1.930150
vt -0.507749 1.890879
vt -0.491999 1.869207
vt -0.422425 1.904662
vt -0.568889 1.829715
vt -0.547217 1.813969
vt -0.388653 1.726985
vt -0.368102 1.737459
vt -0.345304 1.943678
vt -0.345304 1.916877
vt -0.608150 1.752728
vt -0.582658 1.744439
vt -0.404972 1.710658
vt -0.367236 1.697490
vt -0.356849 1.702802
vt -0.345304 1.741057
vt -0.259907 1.930150
vt -0.268201 1.904662
vt -0.621668 1.667312
vt -0.594872 1.667312
vt -0.415450 1.690111
vt -0.375482 1.689240
vt -0.345304 1.667312
vt -0.345304 1.704620
vt -0.322515 1.737459
vt -0.182867 1.890913
vt -0.198618 1.869207
vt -0.608150 1.581892
vt -0.582658 1.590181
vt -0.419048 1.667312
vt -0.380793 1.678801
vt -0.333782 1.702802
vt -0.301954 1.726947
vt -0.121732 1.829715
vt -0.143419 1.813969
vt -0.568889 1.504872
vt -0.547217 1.520651
vt -0.415450 1.644510
vt -0.382611 1.667312
vt -0.323390 1.697490
vt -0.285645 1.710658
vt -0.082481 1.752728
vt -0.107963 1.744439
vt -0.507749 1.443707
vt -0.491999 1.465414
vt -0.404972 1.623963
vt -0.380793 1.655781
vt -0.315130 1.689240
vt -0.275177 1.690111
vt -0.068958 1.667312
vt -0.095754 1.667312
vt -0.430724 1.404471
vt -0.422425 1.429958
vt -0.388653 1.607673
vt -0.375482 1.645380
vt -0.309829 1.678801
vt -0.271559 1.667312
vt -0.082481 1.581892
vt -0.107963 1.590181
vt -0.345304 1.390943
vt -0.345304 1.417744
vt -0.368102 1.597162
vt -0.367236 1.637130
vt -0.308006 1.667312
vt -0.275177 1.644510
vt -0.121732 1.504872
vt -0.143419 1.520651
vt -0.259907 1.404432
vt -0.268201 1.429958
vt -0.345304 1.593563
vt -0.356849 1.631819
vt -0.309829 1.655781
vt -0.285645 1.623963
vt -0.182867 1.443741
vt -0.198618 1.465414
vt -0.322515 1.597162
vt -0.345304 1.630000
vt -0.315130 1.645380
vt -0.301954 1.607635
vt -0.333782 1.631857
vt -0.323390 1.637130
vt 1.711366 0.864725
vt 1.785876 0.826724
vt 1.868458 1.080945
vt 1.868458 0.813702
vt 1.652254 0.923849
vt 1.951040 0.826724
vt 1.614290 0.998363
vt 2.025539 0.864725
vt 1.601214 1.080945
vt 2.084659 0.923849
vt 1.614290 1.163494
vt 2.122621 0.998363
vt 1.652254 1.238003
vt 2.135701 1.080945
vt 1.711366 1.297094
vt 2.122621 1.163494
vt 1.785876 1.335094
vt 2.084659 1.238003
vt 1.868458 1.348189
vt 2.025539 1.297094
vt 1.951040 1.335094
vt 0.952756 2.343560
vt 0.900439 2.316864
vt 1.010751 2.165046
vt 0.858941 2.275410
vt 1.010751 2.352724
vt 0.832275 2.223044
vt 1.068740 2.343560
vt 0.823101 2.165046
vt 1.121052 2.316864
vt 0.832275 2.107081
vt 1.162569 2.275410
vt 0.858941 2.054788
vt 1.189221 2.223044
vt 0.900449 2.013261
vt 1.198405 2.165118
vt 0.952761 1.986604
vt 1.189221 2.107081
vt 1.010751 1.977406
vt 1.162569 2.054788
vt 1.068754 1.986570
vt 1.121052 2.013299
vt 2.157776 1.817842
vt 2.092912 1.784787
vt 2.119357 1.748384
vt 2.171674 1.775079
vt 2.041451 1.733331
vt 2.077859 1.706929
vt 2.212407 1.787187
vt 2.209511 1.811405
vt 2.008411 1.668496
vt 2.051193 1.654564
vt 2.229668 1.784243
vt 2.229668 1.792349
vt 2.229668 1.829224
vt 2.229668 1.817880
vt 2.014852 1.620311
vt 2.039089 1.616891
vt 2.287657 1.775079
vt 2.246924 1.787187
vt 2.301570 1.817842
vt 2.249815 1.811405
vt 1.997033 1.596565
vt 2.008396 1.596604
vt 2.042019 1.596565
vt 2.033893 1.596604
vt 2.008411 1.524711
vt 2.014852 1.572858
vt 2.051193 1.538600
vt 2.039089 1.576273
vt 2.366410 1.784787
vt 2.339970 1.748384
vt 2.417876 1.733331
vt 2.381487 1.706929
vt 2.041451 1.459872
vt 2.077859 1.486307
vt 2.450926 1.668496
vt 2.408139 1.654564
vt 2.092927 1.408377
vt 2.119366 1.444780
vt 2.420247 1.616891
vt 2.444489 1.620311
vt 2.157776 1.375360
vt 2.171679 1.418123
vt 2.417322 1.596637
vt 2.425443 1.596604
vt 2.462308 1.596565
vt 2.450945 1.596604
vt 2.209511 1.381759
vt 2.212407 1.406015
vt 2.408139 1.538600
vt 2.420242 1.576273
vt 2.450926 1.524711
vt 2.444484 1.572891
vt 2.229668 1.363940
vt 2.229668 1.375322
vt 2.229668 1.408925
vt 2.229668 1.400781
vt 2.301570 1.375360
vt 2.249815 1.381759
vt 2.287662 1.418123
vt 2.246924 1.406015
vt 2.417876 1.459872
vt 2.381477 1.486307
vt 2.366410 1.408377
vt 2.339970 1.444780
vt 0.069340 2.310586
vt 0.062887 2.286879
vt 0.088377 2.286879
vt 0.093577 2.307166
vt 0.069326 2.263166
vt 0.093572 2.266548
vt 0.376990 2.408779
vt 0.370553 2.388622
vt 0.396012 2.388622
vt 0.401246 2.405883
vt 0.376990 2.368474
vt 0.401246 2.371366
vt 0.148663 2.284440
vt 0.155143 2.308152
vt 0.129646 2.308152
vt 0.124421 2.287822
vt 0.148716 2.331860
vt 0.124469 2.328439
vt 0.271703 2.284450
vt 0.278179 2.304616
vt 0.252648 2.304616
vt 0.247486 2.287341
vt 0.271703 2.324783
vt 0.247486 2.321892
vt -0.142187 0.692124
vt -0.034003 0.637002
vt 0.003344 0.751931
vt -0.071166 0.789893
vt -0.228007 0.777977
vt -0.130257 0.849013
vt -0.283206 0.886171
vt -0.168257 0.923512
vt -0.302189 1.006094
vt -0.181352 1.006094
vt -0.283206 1.126023
vt -0.168257 1.088676
vt -0.228007 1.234212
vt -0.130257 1.163186
vt -0.142187 1.320056
vt -0.071166 1.222301
vt -0.034003 1.375192
vt 0.003344 1.260262
vt -0.486401 1.320056
vt -0.594586 1.375192
vt -0.631932 1.260262
vt -0.557418 1.222301
vt -0.400543 1.234212
vt -0.498294 1.163186
vt -0.345345 1.126023
vt -0.460293 1.088676
vt -0.326400 1.006094
vt -0.447270 1.006094
vt -0.345345 0.886171
vt -0.460293 0.923512
vt -0.400543 0.777977
vt -0.498294 0.849013
vt -0.486401 0.692124
vt -0.557418 0.789893
vt -0.594586 0.637002
vt -0.631932 0.751931
vt -1.411315 1.442659
vt -1.468515 1.385449
vt -1.392404 1.280689
vt -1.306585 1.366542
vt -1.374551 1.514743
vt -1.251386 1.474737
vt -1.361860 1.594660
vt -1.232402 1.594660
vt -1.374551 1.674577
vt -1.251386 1.714588
vt -1.411315 1.746667
vt -1.306585 1.822778
vt -1.468515 1.803871
vt -1.392404 1.908622
vt -0.713384 1.102979
vt -0.656145 1.160184
vt -0.732256 1.264939
vt -0.818115 1.179090
vt -0.750148 1.030889
vt -0.873313 1.070901
vt -0.762766 0.950972
vt -0.892258 0.950972
vt -0.750148 0.871056
vt -0.873313 0.831049
vt -0.713384 0.798971
vt -0.818115 0.722855
vt -0.656145 0.741761
vt -0.732256 0.637002
vt 0.678631 1.452776
vt 0.608201 1.488703
vt 0.598868 1.475863
vt 0.673724 1.437684
vt 0.690667 1.499248
vt 0.631071 1.528228
vt 0.552290 1.544594
vt 0.539455 1.535285
vt 0.756715 1.440446
vt 0.756715 1.424556
vt 0.756715 1.489318
vt 0.733632 1.625613
vt 0.713076 1.636014
vt 0.583791 1.573320
vt 0.516402 1.615067
vt 0.501310 1.610122
vt 0.834798 1.452776
vt 0.839705 1.437684
vt 0.822762 1.499248
vt 0.756719 1.621904
vt 0.756715 1.693103
vt 0.697104 1.651942
vt 0.553430 1.630120
vt 0.905233 1.488703
vt 0.914566 1.475863
vt 0.882348 1.528228
vt 0.779797 1.625579
vt 0.687064 1.671580
vt 0.504043 1.693103
vt 0.542971 1.693103
vt 0.961125 1.544594
vt 0.973965 1.535285
vt 0.929633 1.573320
vt 0.800344 1.636014
vt 0.683653 1.693103
vt 0.516402 1.771182
vt 0.553430 1.756091
vt 0.997013 1.615067
vt 1.012109 1.610122
vt 0.959999 1.630120
vt 0.816325 1.651942
vt 0.687064 1.714631
vt 0.552290 1.841617
vt 0.583791 1.812925
vt 1.009377 1.693103
vt 0.970458 1.693103
vt 0.826365 1.671580
vt 0.697104 1.734269
vt 0.539455 1.850926
vt 0.501310 1.776089
vt 0.608201 1.897475
vt 0.631071 1.857983
vt 0.997013 1.771182
vt 0.959999 1.756091
vt 0.829790 1.693103
vt 0.713086 1.750197
vt 0.598868 1.910348
vt 0.678631 1.933435
vt 0.690667 1.886930
vt 0.961125 1.841617
vt 0.929628 1.812925
vt 0.826365 1.714631
vt 0.733632 1.760671
vt 0.673724 1.948527
vt 0.756715 1.945804
vt 0.756715 1.896926
vt 1.012109 1.776089
vt 0.973965 1.850964
vt 0.905233 1.897475
vt 0.882348 1.857983
vt 0.816330 1.734308
vt 0.756710 1.764307
vt 0.756715 1.961655
vt 0.834798 1.933435
vt 0.822762 1.886963
vt 0.914566 1.910348
vt 0.800344 1.750197
vt 0.779787 1.760632
vt 0.839705 1.948527
vt -1.015282 1.930188
vt -1.092312 1.890918
vt -1.076562 1.869245
vt -1.006988 1.904701
vt -1.153452 1.829753
vt -1.131780 1.814008
vt -0.973216 1.726985
vt -0.952660 1.737497
vt -0.929867 1.943716
vt -0.929867 1.916915
vt -1.192704 1.752766
vt -1.167221 1.744478
vt -0.989535 1.710696
vt -0.951799 1.697495
vt -0.941408 1.702840
vt -0.929867 1.741096
vt -0.844470 1.930188
vt -0.852764 1.904701
vt -1.206232 1.667351
vt -1.179435 1.667351
vt -1.000013 1.690149
vt -0.960045 1.689279
vt -0.929867 1.667351
vt -0.929867 1.704620
vt -0.907073 1.737497
vt -0.767426 1.890918
vt -0.783181 1.869245
vt -1.192704 1.581964
vt -1.167221 1.590220
vt -1.003616 1.667351
vt -0.965361 1.678878
vt -0.918340 1.702840
vt -0.886517 1.727024
vt -0.706295 1.829753
vt -0.727977 1.814008
vt -1.153452 1.504910
vt -1.131780 1.520690
vt -1.000013 1.644548
vt -0.967174 1.667351
vt -0.907953 1.697529
vt -0.870208 1.710696
vt -0.667044 1.752766
vt -0.692527 1.744478
vt -1.092312 1.443779
vt -1.076562 1.465452
vt -0.989535 1.624001
vt -0.965361 1.655820
vt -0.899693 1.689279
vt -0.859735 1.690149
vt -0.653525 1.667351
vt -0.680317 1.667351
vt -1.015282 1.404471
vt -1.006988 1.429996
vt -0.973216 1.607673
vt -0.960045 1.645419
vt -0.894397 1.678878
vt -0.856117 1.667351
vt -0.667044 1.581964
vt -0.692527 1.590220
vt -0.929867 1.390943
vt -0.929867 1.417782
vt -0.952660 1.597200
vt -0.951799 1.637168
vt -0.892564 1.667351
vt -0.859735 1.644548
vt -0.706295 1.504944
vt -0.727977 1.520690
vt -0.844470 1.404509
vt -0.852764 1.429996
vt -0.929867 1.593602
vt -0.941408 1.631895
vt -0.894397 1.655820
vt -0.870208 1.624001
vt -0.767426 1.443746
vt -0.783181 1.465452
vt -0.907073 1.597200
vt -0.929867 1.630038
vt -0.899693 1.645419
vt -0.886517 1.607673
vt -0.918340 1.631857
vt -0.907953 1.637168
vt 1.090747 0.879884
vt 1.052746 0.805384
vt 1.306967 0.722797
vt 1.039723 0.722797
vt 1.149871 0.939003
vt 1.052746 0.640215
vt 1.224385 0.976965
vt 1.090747 0.565720
vt 1.306967 0.990051
vt 1.149871 0.506596
vt 1.389515 0.976965
vt 1.224385 0.468643
vt 1.464025 0.939003
vt 1.306967 0.455558
vt 1.523116 0.879884
vt 1.389515 0.468643
vt 1.561116 0.805384
vt 1.464025 0.506596
vt 1.574211 0.722797
vt 1.523116 0.565720
vt 1.561116 0.640215
vt 0.553235 2.343521
vt 0.500923 2.316864
vt 0.611239 2.165046
vt 0.459420 2.275410
vt 0.611239 2.352724
vt 0.432764 2.223044
vt 0.669228 2.343560
vt 0.423585 2.165046
vt 0.721541 2.316864
vt 0.432764 2.107119
vt 0.763048 2.275410
vt 0.459420 2.054788
vt 0.789714 2.223044
vt 0.500942 2.013261
vt 0.798888 2.165084
vt 0.553240 1.986570
vt 0.789714 2.107081
vt 0.611239 1.977406
vt 0.763048 2.054788
vt 0.669233 1.986570
vt 0.721541 2.013299
vt 1.668291 1.817842
vt 1.603432 1.784787
vt 1.629872 1.748384
vt 1.682184 1.775079
vt 1.551966 1.733331
vt 1.588369 1.706929
vt 1.722927 1.787187
vt 1.720031 1.811405
vt 1.518925 1.668496
vt 1.561713 1.654564
vt 1.740188 1.784243
vt 1.740188 1.792349
vt 1.740188 1.829224
vt 1.740188 1.817880
vt 1.525362 1.620311
vt 1.549608 1.616891
vt 1.798177 1.775079
vt 1.757439 1.787187
vt 1.812080 1.817842
vt 1.760330 1.811405
vt 1.507543 1.596565
vt 1.518916 1.596604
vt 1.552534 1.596565
vt 1.544403 1.596604
vt 1.518925 1.524711
vt 1.525362 1.572891
vt 1.561713 1.538638
vt 1.549608 1.576273
vt 1.876929 1.784787
vt 1.850489 1.748384
vt 1.928395 1.733331
vt 1.891997 1.706929
vt 1.551966 1.459833
vt 1.588369 1.486307
vt 1.961445 1.668496
vt 1.918663 1.654564
vt 1.603436 1.408377
vt 1.629881 1.444780
vt 1.930757 1.616891
vt 1.955004 1.620311
vt 1.668291 1.375360
vt 1.682189 1.418090
vt 1.927837 1.596604
vt 1.935963 1.596604
vt 1.972823 1.596565
vt 1.961455 1.596604
vt 1.720031 1.381759
vt 1.722927 1.406015
vt 1.918658 1.538638
vt 1.930753 1.576273
vt 1.961436 1.524711
vt 1.954999 1.572891
vt 1.740188 1.363940
vt 1.740183 1.375322
vt 1.740188 1.408925
vt 1.740183 1.400781
vt 1.812080 1.375360
vt 1.760330 1.381759
vt 1.798177 1.418090
vt 1.757439 1.406015
vt 1.928391 1.459872
vt 1.891992 1.486307
vt 1.876925 1.408377
vt 1.850485 1.444818
vt 0.007801 2.326241
vt 0.001354 2.302533
vt 0.026842 2.302533
vt 0.032047 2.322820
vt 0.007791 2.278787
vt 0.032037 2.282203
vt 0.438522 2.408774
vt 0.432085 2.388622
vt 0.457544 2.388622
vt 0.462778 2.405879
vt 0.438522 2.368474
vt 0.462778 2.371366
vt 0.210190 2.284440
vt 0.216675 2.308152
vt 0.191173 2.308152
vt 0.185954 2.287822
vt 0.210243 2.331860
vt 0.186002 2.328439
vt 0.333238 2.284450
vt 0.339714 2.304611
vt 0.314183 2.304611
vt 0.309021 2.287341
vt 0.333238 2.324783
vt 0.309021 2.321887
vt 0.517301 0.692138
vt 0.625486 0.637002
vt 0.662832 0.751946
vt 0.588323 0.789898
vt 0.431482 0.777987
vt 0.529232 0.849022
vt 0.376283 0.886171
vt 0.491232 0.923517
vt 0.357299 1.006104
vt 0.478137 1.006099
vt 0.376283 1.126032
vt 0.491232 1.088686
vt 0.431482 1.234222
vt 0.529232 1.163186
vt 0.517301 1.320075
vt 0.588323 1.222306
vt 0.625486 1.375197
vt 0.662832 1.260267
vt 0.173087 1.320075
vt 0.064902 1.375197
vt 0.027556 1.260267
vt 0.102070 1.222306
vt 0.258945 1.234222
vt 0.161195 1.163186
vt 0.314144 1.126032
vt 0.199195 1.088686
vt 0.333089 1.006104
vt 0.212218 1.006099
vt 0.314144 0.886171
vt 0.199195 0.923517
vt 0.258945 0.777987
vt 0.161195 0.849022
vt 0.173087 0.692138
vt 0.102070 0.789898
vt 0.064902 0.637002
vt 0.027556 0.751946
vt -1.095381 0.798961
vt -1.152582 0.741747
vt -1.076470 0.637002
vt -0.990651 0.722850
vt -1.058618 0.871051
vt -0.935452 0.831035
vt -1.045927 0.950963
vt -0.916468 0.950968
vt -1.058618 1.030880
vt -0.935452 1.070896
vt -1.095381 1.102979
vt -0.990651 1.179085
vt -1.152582 1.160179
vt -1.076470 1.264939
vt -1.234033 1.102979
vt -1.176794 1.160179
vt -1.252906 1.264939
vt -1.338764 1.179085
vt -1.270797 1.030880
vt -1.393963 1.070896
vt -1.283416 0.950963
vt -1.412908 0.950968
vt -1.270797 0.871051
vt -1.393963 0.831035
vt -1.234033 0.798961
vt -1.338764 0.722850
vt -1.176794 0.741747
vt -1.252906 0.637002
vt 0.238321 2.023253
vt 0.238321 1.948387
vt 0.275865 1.943798
vt 0.275865 2.020838
vt 0.238321 2.106239
vt 0.275865 2.106239
vt 0.238321 2.189225
vt 0.275865 2.191659
vt 0.238321 2.264081
vt 0.275865 2.268680
vt 0.214109 2.189225
vt 0.214109 2.264081
vt 0.176565 2.268680
vt 0.176565 2.191659
vt 0.214109 2.106239
vt 0.176565 2.106239
vt 0.214109 2.023253
vt 0.176565 2.020838
vt 0.214109 1.948387
vt 0.176565 1.943798
vt 1.776687 0.439803
vt 1.702178 0.439803
vt 1.702697 0.305043
vt 1.776957 0.305043
vt 1.707152 -0.303761
vt 1.779295 -0.303761
vt 1.859269 0.439803
vt 1.859269 0.305043
vt 1.707263 -0.331991
vt 1.779352 -0.331991
vt 1.859269 -0.303761
vt 1.941851 0.439803
vt 1.941582 0.305043
vt 1.859269 -0.331991
vt 1.939244 -0.303761
vt 2.016351 0.439803
vt 2.015841 0.305043
vt 1.939186 -0.331991
vt 2.011386 -0.303761
vt 2.011271 -0.331991
vt 1.363792 -0.331991
vt 1.438302 -0.331991
vt 1.438571 -0.197231
vt 1.364312 -0.197231
vt 1.520883 -0.331991
vt 1.520883 -0.197231
vt 1.440909 0.411573
vt 1.368766 0.411573
vt 1.603465 -0.331991
vt 1.603196 -0.197231
vt 1.520883 0.411573
vt 1.440967 0.439803
vt 1.368877 0.439803
vt 1.677965 -0.331991
vt 1.677455 -0.197231
vt 1.600858 0.411573
vt 1.520883 0.439803
vt 1.673000 0.411573
vt 1.600800 0.439803
vt 1.672885 0.439803
vt 1.091102 -1.050202
vt 1.016593 -1.050202
vt 1.007712 -1.077557
vt 1.086426 -1.077557
vt 1.091102 -1.026254
vt 1.016593 -1.026254
vt 0.962809 -1.215655
vt 1.062820 -1.215655
vt 1.173684 -1.050202
vt 1.173684 -1.077557
vt 1.091102 -0.607832
vt 1.016593 -0.607832
vt 1.173684 -1.026254
vt 1.029611 -1.451836
vt 1.097943 -1.451836
vt 1.173684 -1.215655
vt 1.256266 -1.050202
vt 1.260942 -1.077557
vt 1.091102 -0.384207
vt 1.016593 -0.384207
vt 1.173684 -0.607832
vt 1.256266 -1.026254
vt 1.036928 -1.477689
vt 1.101792 -1.477689
vt 1.173684 -1.451836
vt 1.284544 -1.215655
vt 1.330766 -1.050202
vt 1.339656 -1.077557
vt 1.091102 -0.347751
vt 1.016593 -0.347751
vt 1.173684 -0.384207
vt 1.256266 -0.607832
vt 1.330766 -1.026254
vt 1.173684 -1.477689
vt 1.249435 -1.451836
vt 1.384560 -1.215655
vt 1.173684 -0.347751
vt 1.256266 -0.384207
vt 1.330766 -0.607832
vt 1.245587 -1.477689
vt 1.317748 -1.451836
vt 1.256266 -0.347751
vt 1.330766 -0.384207
vt 1.310426 -1.477689
vt 1.330766 -0.347751
vt 1.462707 -0.775237
vt 1.537216 -0.775237
vt 1.532540 -0.747883
vt 1.453826 -0.747883
vt 1.462707 -0.799185
vt 1.537216 -0.799185
vt 1.619798 -0.775237
vt 1.619798 -0.747883
vt 1.508933 -0.609785
vt 1.408922 -0.609785
vt 1.462707 -1.217608
vt 1.537216 -1.217608
vt 1.619798 -0.799185
vt 1.702380 -0.775237
vt 1.707056 -0.747883
vt 1.619798 -0.609785
vt 1.544057 -0.373604
vt 1.475729 -0.373604
vt 1.462707 -1.441233
vt 1.537216 -1.441233
vt 1.619798 -1.217608
vt 1.702380 -0.799185
vt 1.776880 -0.775237
vt 1.785770 -0.747883
vt 1.619798 -0.373604
vt 1.547906 -0.347751
vt 1.483056 -0.347751
vt 1.462707 -1.477689
vt 1.537216 -1.477689
vt 1.619798 -1.441233
vt 1.702380 -1.217608
vt 1.776880 -0.799185
vt 1.830674 -0.609785
vt 1.730658 -0.609785
vt 1.695549 -0.373604
vt 1.619798 -0.347751
vt 1.619798 -1.477689
vt 1.702380 -1.441233
vt 1.776880 -1.217608
vt 1.763857 -0.373604
vt 1.691700 -0.347751
vt 1.702380 -1.477689
vt 1.776880 -1.441233
vt 1.756540 -0.347751
vt 1.776880 -1.477689
vt -0.359065 2.127733
vt -0.359065 2.180046
vt -0.462708 2.180046
vt -0.462708 2.127733
vt -0.359065 2.069735
vt -0.462708 2.069735
vt -0.359065 2.011745
vt -0.462708 2.011745
vt -0.359065 1.959433
vt -0.462708 1.959433
vt -0.718418 2.180075
vt -0.718418 2.127762
vt -0.614775 2.127762
vt -0.614775 2.180075
vt -0.718418 2.069773
vt -0.614775 2.069773
vt -0.718418 2.011774
vt -0.614775 2.011774
vt -0.718418 1.959471
vt -0.614775 1.959471
vt -1.006976 2.158368
vt -1.031213 2.158368
vt -1.031232 1.959471
vt -1.006995 1.959471
vt -1.079682 1.959471
vt -1.055445 1.959471
vt -1.055469 2.158368
vt -1.079715 2.158368
vt -1.144230 1.959471
vt -1.124073 1.959471
vt -1.124073 2.158368
vt -1.144230 2.158368
vt -1.103925 1.959471
vt -1.103925 2.158368
vt -1.185699 2.158368
vt -1.202960 2.158368
vt -1.202960 1.959471
vt -1.185699 1.959471
vt -1.168443 2.158368
vt -1.168443 1.959471
vt -1.468496 2.139029
vt -1.444255 2.139029
vt -1.444274 2.337926
vt -1.468515 2.337926
vt -1.389662 2.337926
vt -1.413903 2.337926
vt -1.413879 2.139029
vt -1.389633 2.139029
vt -1.319728 2.337926
vt -1.339875 2.337926
vt -1.339894 2.139029
vt -1.319728 2.139029
vt -1.360032 2.337926
vt -1.360061 2.139029
vt -1.273544 2.139029
vt -1.256288 2.139029
vt -1.256288 2.337926
vt -1.273563 2.337926
vt -1.290805 2.139029
vt -1.290839 2.337926
vt -0.137095 2.278792
vt -0.049837 2.278792
vt -0.026236 2.416890
vt -0.137095 2.416890
vt 0.361831 2.023263
vt 0.361831 1.948406
vt 0.399374 1.943808
vt 0.399374 2.020857
vt 0.361831 2.106258
vt 0.399374 2.106258
vt 0.361831 2.189244
vt 0.399374 2.191669
vt 0.361831 2.264100
vt 0.399374 2.268699
vt 0.337618 2.189244
vt 0.337618 2.264100
vt 0.300075 2.268699
vt 0.300075 2.191669
vt 0.337618 2.106258
vt 0.300075 2.106258
vt 0.337618 2.023263
vt 0.300075 2.020857
vt 0.337618 1.948406
vt 0.300075 1.943808
vt 1.099918 0.439803
vt 1.025418 0.439803
vt 1.025938 0.305043
vt 1.100188 0.305043
vt 1.030383 -0.303761
vt 1.102526 -0.303761
vt 1.182505 0.439803
vt 1.182505 0.305043
vt 1.030489 -0.331991
vt 1.102588 -0.331991
vt 1.182505 -0.303761
vt 1.265087 0.439803
vt 1.264818 0.305043
vt 1.182505 -0.331991
vt 1.262475 -0.303761
vt 1.339582 0.439803
vt 1.339067 0.305043
vt 1.262417 -0.331991
vt 1.334612 -0.303761
vt 1.334506 -0.331991
vt 0.687042 0.637006
vt 0.761542 0.637006
vt 0.761812 0.771766
vt 0.687562 0.771766
vt 0.844129 0.637006
vt 0.844129 0.771766
vt 0.764150 1.380571
vt 0.692007 1.380571
vt 0.926711 0.637006
vt 0.926442 0.771766
vt 0.844129 1.380571
vt 0.764212 1.408800
vt 0.692113 1.408800
vt 1.001206 0.637006
vt 1.000691 0.771766
vt 0.924099 1.380571
vt 0.844129 1.408800
vt 0.996236 1.380571
vt 0.924041 1.408800
vt 0.996130 1.408800
vt 1.983332 -1.050202
vt 1.908832 -1.050202
vt 1.899942 -1.077557
vt 1.978656 -1.077557
vt 1.983332 -1.026254
vt 1.908832 -1.026254
vt 1.855038 -1.215655
vt 1.955045 -1.215655
vt 2.065918 -1.050202
vt 2.065918 -1.077557
vt 1.983332 -0.607832
vt 1.908832 -0.607832
vt 2.065918 -1.026254
vt 1.921840 -1.451836
vt 1.990173 -1.451836
vt 2.065918 -1.215655
vt 2.148500 -1.050202
vt 2.153172 -1.077557
vt 1.983332 -0.384207
vt 1.908832 -0.384207
vt 2.065918 -0.607832
vt 2.148500 -1.026254
vt 1.929163 -1.477689
vt 1.994022 -1.477689
vt 2.065918 -1.451836
vt 2.176778 -1.215655
vt 2.222996 -1.050202
vt 2.231886 -1.077557
vt 1.983332 -0.347751
vt 1.908832 -0.347751
vt 2.065918 -0.384207
vt 2.148500 -0.607832
vt 2.222996 -1.026254
vt 2.065918 -1.477689
vt 2.141664 -1.451836
vt 2.276785 -1.215655
vt 2.065918 -0.347751
vt 2.148500 -0.384207
vt 2.222996 -0.607832
vt 2.137811 -1.477689
vt 2.209977 -1.451836
vt 2.148500 -0.347751
vt 2.222996 -0.384207
vt 2.202660 -1.477689
vt 2.222996 -0.347751
vt 2.094355 0.370460
vt 2.168855 0.370460
vt 2.164179 0.397814
vt 2.085465 0.397814
vt 2.094355 0.346512
vt 2.168855 0.346512
vt 2.251442 0.370460
vt 2.251442 0.397814
vt 2.140567 0.535913
vt 2.040561 0.535913
vt 2.094355 -0.071911
vt 2.168855 -0.071911
vt 2.251442 0.346512
vt 2.334024 0.370460
vt 2.338695 0.397814
vt 2.251442 0.535913
vt 2.175696 0.772093
vt 2.107378 0.772093
vt 2.094355 -0.295535
vt 2.168855 -0.295535
vt 2.251442 -0.071911
vt 2.334024 0.346512
vt 2.408519 0.370460
vt 2.417409 0.397814
vt 2.362301 0.535913
vt 2.251442 0.772093
vt 2.179544 0.797946
vt 2.114690 0.797946
vt 2.094355 -0.331991
vt 2.168855 -0.331991
vt 2.251442 -0.295535
vt 2.334024 -0.071911
vt 2.408519 0.346512
vt 2.462308 0.535913
vt 2.327188 0.772093
vt 2.251442 0.797946
vt 2.251442 -0.331991
vt 2.334024 -0.295535
vt 2.408519 -0.071911
vt 2.395496 0.772093
vt 2.323334 0.797946
vt 2.334024 -0.331991
vt 2.408519 -0.295535
vt 2.388178 0.797946
vt 2.408519 -0.331991
vt -0.486919 2.127733
vt -0.486919 2.180046
vt -0.590562 2.180046
vt -0.590562 2.127733
vt -0.486919 2.069735
vt -0.590562 2.069735
vt -0.486919 2.011736
vt -0.590562 2.011736
vt -0.486919 1.959433
vt -0.590562 1.959433
vt -0.846270 2.180075
vt -0.846270 2.127772
vt -0.742626 2.127772
vt -0.742626 2.180065
vt -0.846270 2.069773
vt -0.742626 2.069773
vt -0.846270 2.011774
vt -0.742626 2.011774
vt -0.846270 1.959471
vt -0.742626 1.959471
vt -0.951217 2.373025
vt -0.975463 2.373025
vt -0.975482 2.174129
vt -0.951236 2.174129
vt -0.921611 2.174129
vt -0.897365 2.174129
vt -0.897394 2.373025
vt -0.921640 2.373025
vt -0.867798 2.195835
vt -0.847645 2.195835
vt -0.847645 2.394732
vt -0.867798 2.394732
vt -0.827498 2.195835
vt -0.827498 2.394732
vt -0.781319 2.394732
vt -0.798575 2.394732
vt -0.798575 2.195835
vt -0.781319 2.195835
vt -0.764063 2.394732
vt -0.764063 2.195835
vt -0.483210 2.195806
vt -0.458963 2.195806
vt -0.458982 2.394703
vt -0.483219 2.394703
vt -0.405130 2.394703
vt -0.429377 2.394703
vt -0.429343 2.195806
vt -0.405102 2.195806
vt -0.335201 2.477660
vt -0.355344 2.477660
vt -0.355363 2.278763
vt -0.335201 2.278763
vt -0.375501 2.477660
vt -0.375535 2.278763
vt -0.289017 2.278763
vt -0.271766 2.278763
vt -0.271766 2.477660
vt -0.289037 2.477660
vt -0.306279 2.278763
vt -0.306312 2.477660
vn 0.000000 0.000000 1.000000
vn 0.000000 0.000000 1.000000
vn 0.000000 0.000000 1.000000
vn 0.000000 0.000000 1.000000
vn 0.000000 1.000000 -0.000001
vn 0.000000 1.000000 -0.000001
vn 0.000000 1.000000 -0.000001
vn 0.000000 1.000000 -0.000001
vn 0.000000 0.000000 -1.000000
vn 0.000000 0.000000 -1.000000
vn 0.000000 0.000000 -1.000000
vn 0.000000 0.000000 -1.000000
vn 0.000000 -1.000000 0.000000
vn 0.000000 -1.000000 0.000000
vn 0.000000 -1.000000 0.000000
vn 0.000000 -1.000000 0.000000
vn 1.000000 0.000000 0.000000
vn 1.000000 0.000000 0.000000
vn 1.000000 0.000000 0.000000
vn 1.000000 0.000000 0.000000
vn -1.000000 0.000000 0.000000
vn -1.000000 0.000000 0.000000
vn -1.000000 0.000000 0.000000
vn -1.000000 0.000000 0.000000
vn 0.000000 -0.738488 0.674267
vn 0.000000 -0.738488 0.674267
vn 0.000000 -0.738488 0.674267
vn 0.000000 -0.738488 0.674267
vn 0.805678 -0.592354 0.000000
vn 0.805678 -0.592354 0.000000
vn 0.805678 -0.592354 0.000000
vn 0.805678 -0.592354 0.000000
vn 0.000000 -0.738485 -0.674270
vn 0.000000 -0.738485 -0.674270
vn 0.000000 -0.738485 -0.674270
vn 0.000000 -0.738485 -0.674270
vn -0.805681 -0.592350 0.000000
vn -0.805681 -0.592350 0.000000
vn -0.805681 -0.592350 0.000000
vn -0.805681 -0.592350 0.000000
vn 0.000000 0.000000 1.000000
vn 0.000000 0.000000 1.000000
vn 0.000000 0.000000 1.000000
vn 0.000000 0.000000 1.000000
vn 1.000000 0.000000 0.000000
vn 1.000000 0.000000 0.000000
vn 1.000000 0.000000 0.000000
vn 1.000000 0.000000 0.000000
vn 0.000000 0.000000 -1.000000
vn 0.000000 0.000000 -1.000000
vn 0.000000 0.000000 -1.000000
vn 0.000000 0.000000 -1.000000
vn -1.000000 0.000000 0.000000
vn -1.000000 0.000000 0.000000
vn -1.000000 0.000000 0.000000
vn -1.000000 0.000000 0.000000
vn -0.000000 0.000000 1.000000
vn -0.000000 0.000000 1.000000
vn -0.000000 0.000000 1.000000
vn -0.000000 0.000000 1.000000
vn -0.000000 0.000000 1.000000
vn -0.000000 0.000000 1.000000
vn -0.000000 0.000000 1.000000
vn -0.000000 0.000000 1.000000
vn -0.000000 0.000000 -1.000000
vn 0.000001 0.000000 -1.000000
vn 0.000001 0.000000 -1.000000
vn -0.000000 0.000000 -1.000000
vn 0.000001 0.000000 -1.000000
vn 0.000001 0.000000 -1.000000
vn -0.000000 0.000000 -1.000000
vn -0.000000 0.000000 -1.000000
vn 1.000000 -0.000001 0.000000
vn 1.000000 -0.000001 0.000000
vn 1.000000 -0.000002 0.000000
vn 1.000000 -0.000002 0.000000
vn 1.000000 0.000001 0.000000
vn 1.000000 0.000002 0.000000
vn 1.000000 0.000001 0.000000
vn 1.000000 0.000002 0.000000
vn -1.000000 0.000001 0.000000
vn -1.000000 0.000001 0.000000
vn -1.000000 0.000002 0.000000
vn -1.000000 0.000002 0.000000
vn -1.000000 -0.000003 0.000000
vn -1.000000 -0.000004 0.000000
vn -1.000000 -0.000003 0.000000
vn -1.000000 -0.000004 0.000000
vn 0.000000 1.000000 0.000000
vn 0.000000 1.000000 0.000000
vn 0.000000 1.000000 0.000000
vn 0.000000 1.000000 0.000000
vn -1.000000 0.000000 0.000000
vn -1.000000 0.000000 0.000000
vn -1.000000 0.000000 0.000000
vn -1.000000 0.000000 0.000000
vn 0.000000 -1.000000 0.000000
vn 0.000000 -1.000000 0.000000
vn 0.000000 -1.000000 0.000000
vn 0.000000 -1.000000 0.000000
vn 1.000000 0.000000 0.000000
vn 1.000000 0.000000 0.000000
vn 1.000000 0.000000 0.000000
vn 1.000000 0.000000 0.000000
vn 0.000000 -1.000000 0.000059
vn 0.000000 -1.000000 0.000059
vn 0.000000 -1.000000 0.000059
vn 0.000000 -1.000000 0.000059
vn -1.000000 0.000000 0.000606
vn -1.000000 0.000000 0.000606
vn -1.000000 0.000000 0.000606
vn -1.000000 0.000000 0.000606
vn 0.000000 1.000000 -0.000004
vn 0.000000 1.000000 -0.000004
vn 0.000000 1.000000 -0.000004
vn 0.000000 1.000000 -0.000004
vn 1.000000 0.000000 0.000000
vn 1.000000 0.000000 0.000000
vn 1.000000 0.000000 0.000000
vn 1.000000 0.000000 0.000000
vn 0.000000 1.000000 0.000000
vn 0.000000 1.000000 0.000000
vn 0.000000 1.000000 0.000000
vn 0.000000 1.000000 0.000000
vn 0.000000 0.000000 1.000000
vn 0.000000 0.000000 1.000000
vn 0.000000 0.000000 1.000000
vn 0.000000 0.000000 1.000000
vn 0.000000 -1.000000 0.000000
vn 0.000000 -1.000000 0.000000
vn 0.000000 -1.000000 0.000000
vn 0.000000 -1.000000 0.000000
vn 0.000000 0.000000 -1.000000
vn 0.000000 0.000000 -1.000000
vn 0.000000 0.000000 -1.000000
vn 0.000000 0.000000 -1.000000
vn 0.000000 1.000000 0.000000
vn 0.000000 1.000000 0.000000
vn 0.000000 1.000000 0.000000
vn 0.000000 1.000000 0.000000
vn 0.000000 0.000000 -1.000000
vn 0.000000 0.000000 -1.000000
vn 0.000000 0.000000 -1.000000
vn 0.000000 0.000000 -1.000000
vn 0.000000 -1.000000 0.000000
vn 0.000000 -1.000000 0.000000
vn 0.000000 -1.000000 0.000000
vn 0.000000 -1.000000 0.000000
vn 0.000000 0.000000 1.000000
vn 0.000000 0.000000 1.000000
vn 0.000000 0.000000 1.000000
vn 0.000000 0.000000 1.000000
vn 0.000000 1.000000 -0.000013
vn 0.000000 1.000000 -0.000013
vn 0.000000 1.000000 -0.000010
vn 0.000000 1.000000 -0.000010
vn 0.000000 1.000000 0.000005
vn 0.000000 1.000000 0.000004
vn 0.000000 1.000000 0.000005
vn 0.000000 1.000000 0.000004
vn 0.000000 0.000000 1.000000
vn 0.000000 0.000000 1.000000
vn 0.000000 0.085741 0.996318
vn 0.000000 0.085726 0.996319
vn 1.000000 0.000000 0.000000
vn 1.000000 0.000000 0.000000
vn 0.998576 0.053352 0.000000
vn 0.998576 0.053352 0.000000
vn 0.000000 0.000000 -1.000000
vn 0.000000 0.000000 -1.000000
vn 0.000000 0.085726 -0.996319
vn 0.000000 0.085740 -0.996318
vn -1.000000 0.000000 0.000000
vn -1.000000 0.000000 0.000000
vn -0.998572 0.053419 0.000000
vn -0.998572 0.053419 0.000000
vn 0.000000 0.515833 0.856689
vn 0.000000 0.515819 0.856697
vn 0.934888 0.354943 0.000000
vn 0.934889 0.354942 0.000000
vn 0.000000 0.515810 -0.856703
vn 0.000000 0.515823 -0.856695
vn -0.934816 0.355133 0.000000
vn -0.934815 0.355135 0.000000
vn 0.000000 0.682240 0.731128
vn 0.000000 0.682240 0.731128
vn 0.847427 0.530912 0.000000
vn 0.847427 0.530912 0.000000
vn 0.000000 0.682229 -0.731138
vn 0.000000 0.682229 -0.731138
vn -0.847424 0.530918 0.000000
vn -0.847424 0.530918 0.000000
vn 0.000000 1.000000 -0.000001
vn 0.000000 1.000000 -0.000001
vn 0.000000 1.000000 -0.000003
vn 0.000000 1.000000 -0.000003
vn 0.000000 1.000000 -0.000006
vn 0.000000 1.000000 -0.000004
vn 0.000000 1.000000 -0.000006
vn 0.000000 1.000000 -0.000004
vn 0.000000 1.000000 -0.000013
vn 0.000000 1.000000 -0.000012
vn 0.000000 1.000000 -0.000002
vn 0.000000 1.000000 -0.000002
vn 0.000000 0.000000 -1.000000
vn 0.000000 0.000000 -1.000000
vn 0.000000 0.000000 -1.000000
vn 0.000000 0.000000 -1.000000
vn -1.000000 0.000000 0.000000
vn -1.000000 0.000000 0.000000
vn -1.000000 0.000000 0.000000
vn -1.000000 0.000000 0.000000
vn 0.000000 0.000000 1.000000
vn 0.000000 0.000000 1.000000
vn 0.000000 0.000000 1.000000
vn 0.000000 0.000000 1.000000
vn 1.000000 0.000000 0.000020
vn 1.000000 0.000000 0.000020
vn 1.000000 0.000000 0.000020
vn 1.000000 0.000000 0.000020
vn 0.487708 -0.858488 -0.158555
vn 0.414964 -0.858375 -0.301656
vn 0.732325 -0.424600 -0.532367
vn 0.861036 -0.424618 -0.279852
vn 0.301523 -0.858485 -0.414834
vn 0.532201 -0.424764 -0.732351
vn 0.158385 -0.858587 -0.487588
vn 0.279805 -0.424869 -0.860927
vn 0.000003 -0.858535 -0.512756
vn 0.000002 -0.424765 -0.905304
vn -0.158466 -0.858473 -0.487762
vn -0.279705 -0.424796 -0.860996
vn -0.301465 -0.858489 -0.414868
vn -0.532176 -0.424943 -0.732265
vn -0.414906 -0.858447 -0.301532
vn -0.732141 -0.425192 -0.532148
vn -0.487825 -0.858391 -0.158718
vn -0.860955 -0.424776 -0.279862
vn -0.513173 -0.858285 -0.000001
vn -0.905381 -0.424600 -0.000082
vn -0.487883 -0.858350 0.158762
vn -0.860874 -0.424862 0.279978
vn -0.414910 -0.858449 0.301521
vn -0.732202 -0.425012 0.532207
vn -0.301413 -0.858544 0.414792
vn -0.532232 -0.424825 0.732293
vn -0.158474 -0.858500 0.487712
vn -0.279708 -0.424702 0.861041
vn -0.000001 -0.858464 0.512873
vn -0.000002 -0.424604 0.905379
vn 0.158523 -0.858457 0.487772
vn 0.279756 -0.424640 0.861056
vn 0.301569 -0.858396 0.414985
vn 0.532123 -0.424708 0.732440
vn 0.414938 -0.858373 0.301700
vn 0.732244 -0.424733 0.532372
vn 0.487696 -0.858492 0.158569
vn 0.861024 -0.424677 0.279798
vn 0.512760 -0.858532 0.000002
vn 0.905361 -0.424644 0.000001
vn 0.902415 0.315540 -0.293395
vn 0.767562 0.315490 -0.557955
vn 0.340909 0.906855 -0.247782
vn 0.400787 0.906867 -0.130240
vn 0.557842 0.315389 -0.767686
vn 0.247760 0.906853 -0.340927
vn 0.293331 0.315287 -0.902525
vn 0.130227 0.906871 -0.400781
vn 0.000002 0.315382 -0.948965
vn -0.000001 0.906860 -0.421431
vn -0.293270 0.315345 -0.902524
vn -0.130225 0.906871 -0.400783
vn -0.557841 0.315440 -0.767666
vn -0.247737 0.906877 -0.340882
vn -0.767746 0.315347 -0.557784
vn -0.340856 0.906893 -0.247714
vn -0.902463 0.315424 -0.293375
vn -0.400737 0.906890 -0.130231
vn -0.948873 0.315658 -0.000082
vn -0.421384 0.906882 -0.000004
vn -0.902464 0.315373 0.293426
vn -0.400739 0.906893 0.130207
vn -0.767632 0.315497 0.557856
vn -0.340874 0.906878 0.247745
vn -0.557833 0.315557 0.767624
vn -0.247707 0.906862 0.340943
vn -0.293258 0.315478 0.902482
vn -0.130253 0.906867 0.400783
vn -0.000001 0.315496 0.948927
vn 0.000000 0.906857 0.421438
vn 0.293298 0.315437 0.902483
vn 0.130258 0.906863 0.400790
vn 0.557728 0.315516 0.767717
vn 0.247733 0.906864 0.340920
vn 0.767613 0.315498 0.557881
vn 0.340857 0.906885 0.247744
vn 0.902430 0.315635 0.293250
vn 0.400738 0.906886 0.130260
vn 0.948883 0.315629 -0.000001
vn 0.421412 0.906869 -0.000001
vn 0.000000 1.000000 0.000000
vn 0.000000 1.000000 0.000000
vn 0.000000 1.000000 -0.000000
vn 0.000000 1.000000 0.000000
vn 0.000000 1.000000 0.000000
vn 0.000000 1.000000 0.000000
vn 0.000000 1.000000 0.000000
vn 0.000000 1.000000 0.000183
vn 0.000000 1.000000 0.000183
vn 0.000000 1.000000 0.000000
vn 0.000000 1.000000 0.000000
vn 0.000000 1.000000 0.000000
vn 0.000000 1.000000 0.000000
vn 0.000000 1.000000 0.000000
vn 0.000000 1.000000 0.000000
vn 0.000000 1.000000 0.000000
vn 0.000000 1.000000 0.000000
vn 0.000000 1.000000 -0.000183
vn 0.000000 1.000000 -0.000183
vn 0.000000 1.000000 0.000000
vn 0.000000 1.000000 0.000000
vn -0.028064 -0.999412 0.019688
vn -0.033125 -0.999399 0.010228
vn 0.000012 -1.000000 0.000005
vn -0.020233 -0.999432 0.026939
vn -0.010598 -0.999449 0.031468
vn -0.000000 -0.999454 0.033036
vn 0.010648 -0.999449 0.031447
vn 0.020317 -0.999433 0.026833
vn 0.028023 -0.999415 0.019582
vn 0.033066 -0.999398 0.010468
vn 0.034824 -0.999393 -0.000026
vn 0.033055 -0.999399 -0.010456
vn 0.028054 -0.999416 -0.019520
vn 0.020445 -0.999431 -0.026812
vn 0.010780 -0.999446 -0.031485
vn -0.000129 -0.999452 -0.033091
vn -0.010730 -0.999447 -0.031463
vn -0.020315 -0.999434 -0.026822
vn -0.028096 -0.999414 -0.019561
vn -0.033047 -0.999400 -0.010350
vn -0.034838 -0.999393 -0.000128
vn -0.340778 0.906935 0.247670
vn -0.247641 0.906922 0.340833
vn -0.247901 0.906719 0.341182
vn -0.341094 0.906765 0.247855
vn -0.400658 0.906937 0.130152
vn -0.400964 0.906789 0.130239
vn -0.421274 0.906934 0.000007
vn -0.421706 0.906733 0.000171
vn -0.400611 0.906947 -0.130222
vn -0.401122 0.906691 -0.130431
vn -0.340774 0.906935 -0.247672
vn -0.341248 0.906634 -0.248123
vn -0.247721 0.906930 -0.340752
vn -0.248107 0.906685 -0.341124
vn -0.130187 0.906944 -0.400631
vn -0.130307 0.906722 -0.401093
vn -0.000001 0.906942 -0.421256
vn 0.000006 0.906699 -0.421778
vn 0.130185 0.906952 -0.400611
vn 0.130249 0.906732 -0.401089
vn 0.247666 0.906930 -0.340791
vn 0.247815 0.906695 -0.341309
vn 0.340774 0.906928 -0.247697
vn 0.341054 0.906707 -0.248123
vn 0.400652 0.906936 -0.130173
vn 0.401127 0.906714 -0.130259
vn 0.421269 0.906936 -0.000000
vn 0.421815 0.906682 0.000005
vn 0.400600 0.906947 0.130260
vn 0.401059 0.906720 0.130424
vn 0.340759 0.906933 0.247699
vn 0.341231 0.906676 0.247991
vn 0.247674 0.906927 0.340794
vn 0.247899 0.906718 0.341188
vn 0.130230 0.906940 0.400625
vn 0.130281 0.906729 0.401086
vn 0.000000 0.906945 0.421250
vn 0.000008 0.906750 0.421669
vn -0.130231 0.906940 0.400625
vn -0.130334 0.906729 0.401068
vn -0.244980 -0.954454 0.170299
vn -0.272505 -0.958414 0.084754
vn -0.137105 -0.989576 0.044068
vn -0.118839 -0.989213 0.085644
vn -0.191738 -0.948539 0.252012
vn -0.088407 -0.988736 0.120768
vn -0.107620 -0.942648 0.315964
vn -0.047372 -0.988335 0.144744
vn 0.000001 -0.940066 0.340992
vn -0.000000 -0.988180 0.153300
vn 0.107624 -0.942634 0.316004
vn 0.047367 -0.988334 0.144746
vn 0.191805 -0.948500 0.252108
vn 0.088476 -0.988733 0.120740
vn 0.245076 -0.954440 0.170242
vn 0.118863 -0.989219 0.085541
vn 0.272407 -0.958442 0.084758
vn 0.137034 -0.989581 0.044172
vn 0.280651 -0.959810 -0.000000
vn 0.143076 -0.989712 -0.000015
vn 0.272394 -0.958443 -0.084779
vn 0.137016 -0.989583 -0.044178
vn 0.245050 -0.954444 -0.170258
vn 0.118877 -0.989219 -0.085526
vn 0.191810 -0.948507 -0.252078
vn 0.088533 -0.988732 -0.120710
vn 0.107654 -0.942628 -0.316012
vn 0.047448 -0.988324 -0.144794
vn 0.000000 -0.940048 -0.341042
vn -0.000062 -0.988165 -0.153394
vn -0.107654 -0.942628 -0.316013
vn -0.047433 -0.988325 -0.144787
vn -0.191750 -0.948528 -0.252046
vn -0.088437 -0.988740 -0.120715
vn -0.244980 -0.954461 -0.170263
vn -0.118846 -0.989220 -0.085559
vn -0.272505 -0.958415 -0.084740
vn -0.137060 -0.989581 -0.044096
vn -0.280856 -0.959750 -0.000021
vn -0.143049 -0.989716 -0.000055
vn 0.951054 0.006551 -0.308956
vn 0.808814 0.006620 -0.588028
vn 0.808755 0.011354 -0.588037
vn 0.951000 0.011345 -0.308983
vn 0.587772 0.006596 -0.809000
vn 0.587732 0.011353 -0.808976
vn 0.309033 0.006532 -0.951029
vn 0.309037 0.011348 -0.950983
vn 0.000000 0.006517 -0.999979
vn 0.000000 0.011346 -0.999936
vn -0.309060 0.006502 -0.951020
vn -0.309050 0.011343 -0.950978
vn -0.587850 0.006537 -0.808944
vn -0.587838 0.011342 -0.808899
vn -0.808974 0.006584 -0.587807
vn -0.808957 0.011344 -0.587758
vn -0.950923 0.006540 -0.309359
vn -0.950894 0.011354 -0.309309
vn -0.999979 0.006495 -0.000000
vn -0.999935 0.011363 0.000000
vn -0.950925 0.006533 0.309352
vn -0.950898 0.011355 0.309297
vn -0.808978 0.006560 0.587802
vn -0.808961 0.011343 0.587753
vn -0.587861 0.006505 0.808936
vn -0.587832 0.011344 0.808903
vn -0.309026 0.006499 0.951031
vn -0.308992 0.011351 0.950997
vn -0.000000 0.006537 0.999979
vn 0.000000 0.011358 0.999936
vn 0.308965 0.006499 0.951051
vn 0.308948 0.011357 0.951011
vn 0.587765 0.006493 0.809006
vn 0.587732 0.011356 0.808976
vn 0.808869 0.006553 0.587952
vn 0.808809 0.011353 0.587961
vn 0.951055 0.006543 0.308951
vn 0.951004 0.011346 0.308971
vn 0.999979 0.006506 -0.000001
vn 0.999936 0.011337 0.000000
vn 0.000000 -1.000000 -0.000028
vn 0.000000 -1.000000 0.000000
vn 0.000000 -1.000000 -0.000003
vn 0.000000 -1.000000 -0.000028
vn 0.000000 -1.000000 0.000000
vn 0.000000 -1.000000 0.000000
vn 0.000000 -1.000000 0.000000
vn 0.000000 -1.000000 0.000000
vn 0.000000 -1.000000 0.000000
vn 0.000000 -1.000000 0.000000
vn 0.000000 -1.000000 0.000000
vn 0.000000 -1.000000 0.000000
vn 0.000000 -1.000000 0.000000
vn 0.000000 -1.000000 0.000000
vn 0.000000 -1.000000 0.000000
vn 0.000000 -1.000000 0.000000
vn 0.000000 -1.000000 0.000000
vn 0.000000 -1.000000 0.000000
vn 0.000000 -1.000000 0.000000
vn 0.000000 -1.000000 0.000000
vn 0.000000 -1.000000 0.000000
vn 0.000000 1.000000 -0.000058
vn 0.000000 1.000000 0.000000
vn 0.000000 1.000000 -0.000007
vn 0.000000 1.000000 0.000000
vn 0.000000 1.000000 0.000000
vn 0.000000 1.000000 0.000000
vn 0.000000 1.000000 0.000014
vn 0.000000 1.000000 -0.000014
vn 0.000000 1.000000 -0.000029
vn 0.000000 1.000000 0.000000
vn 0.000000 1.000000 0.000000
vn 0.000000 1.000000 0.000000
vn 0.000000 1.000000 0.000000
vn 0.000000 1.000000 -0.000029
vn 0.000000 1.000000 -0.000029
vn 0.000000 1.000000 0.000006
vn 0.000000 1.000000 0.000006
vn 0.000000 1.000000 -0.000029
vn 0.000000 1.000000 -0.000029
vn 0.000000 1.000000 0.000058
vn 0.000000 1.000000 0.000000
vn 0.909757 -0.291598 -0.295487
vn 0.773757 -0.291472 -0.562445
vn 0.707842 -0.484013 -0.514482
vn 0.832182 -0.484074 -0.270456
vn 0.562209 -0.291645 -0.773863
vn 0.514378 -0.484068 -0.707880
vn 0.295540 -0.291761 -0.909688
vn 0.270384 -0.484095 -0.832193
vn -0.000001 -0.291728 -0.956501
vn -0.000001 -0.484072 -0.875028
vn -0.295651 -0.291742 -0.909658
vn -0.270381 -0.484084 -0.832200
vn -0.562182 -0.291892 -0.773790
vn -0.514356 -0.484086 -0.707883
vn -0.773732 -0.291984 -0.562214
vn -0.707862 -0.484089 -0.514382
vn -0.909521 -0.292034 -0.295784
vn -0.832126 -0.484118 -0.270547
vn -0.956413 -0.292017 0.000004
vn -0.875017 -0.484092 0.000000
vn -0.909512 -0.292062 0.295782
vn -0.832128 -0.484118 0.270543
vn -0.773723 -0.291980 0.562228
vn -0.707843 -0.484088 0.514409
vn -0.562182 -0.291826 0.773814
vn -0.514308 -0.484056 0.707938
vn -0.295666 -0.291662 0.909678
vn -0.270427 -0.484022 0.832221
vn -0.000002 -0.291688 0.956514
vn -0.000001 -0.484033 0.875050
vn 0.295565 -0.291700 0.909699
vn 0.270411 -0.484056 0.832206
vn 0.562213 -0.291602 0.773876
vn 0.514361 -0.484045 0.707908
vn 0.773744 -0.291484 0.562457
vn 0.707822 -0.484013 0.514508
vn 0.909747 -0.291634 0.295484
vn 0.832182 -0.484079 0.270446
vn 0.956524 -0.291655 0.000000
vn 0.875011 -0.484104 -0.000000
vn 0.947510 0.086055 -0.307927
vn 0.805972 0.085996 -0.585673
vn 0.728957 0.433685 -0.529659
vn 0.856922 0.433743 -0.278481
vn 0.585673 0.085959 -0.805977
vn 0.529699 0.433669 -0.728938
vn 0.307843 0.086005 -0.947542
vn 0.278392 0.433707 -0.856969
vn 0.000001 0.086039 -0.996292
vn -0.000002 0.433708 -0.901053
vn -0.307909 0.085992 -0.947522
vn -0.278437 0.433725 -0.856945
vn -0.585624 0.085983 -0.806009
vn -0.529652 0.433705 -0.728951
vn -0.805986 0.086026 -0.585650
vn -0.728938 0.433730 -0.529648
vn -0.947482 0.086050 -0.308014
vn -0.856880 0.433774 -0.278561
vn -0.996287 0.086092 0.000000
vn -0.901004 0.433811 -0.000001
vn -0.947486 0.086051 0.308002
vn -0.856881 0.433775 0.278556
vn -0.805966 0.086035 0.585676
vn -0.728918 0.433741 0.529667
vn -0.585571 0.085999 0.806047
vn -0.529615 0.433701 0.728979
vn -0.307925 0.085986 0.947517
vn -0.278490 0.433682 0.856950
vn -0.000005 0.086031 0.996292
vn -0.000016 0.433674 0.901070
vn 0.307864 0.085994 0.947536
vn 0.278418 0.433677 0.856976
vn 0.585665 0.085968 0.805982
vn 0.529708 0.433669 0.728931
vn 0.805954 0.086002 0.585698
vn 0.728936 0.433698 0.529677
vn 0.947514 0.086051 0.307917
vn 0.856918 0.433749 0.278483
vn 0.996288 0.086087 0.000000
vn 0.901018 0.433781 -0.000001
vn 0.000000 1.000000 -0.000020
vn 0.000000 1.000000 -0.000027
vn 0.000000 1.000000 -0.000027
vn 0.000000 1.000000 -0.000017
vn 0.000000 1.000000 0.000013
vn 0.000000 1.000000 0.000013
vn 0.000000 1.000000 0.000011
vn 0.000000 1.000000 0.000020
vn 0.000000 1.000000 -0.000035
vn 0.000000 1.000000 -0.000088
vn 0.000000 1.000000 -0.000088
vn 0.000000 1.000000 -0.000035
vn 0.000000 1.000000 -0.000141
vn 0.000000 1.000000 -0.000141
vn 0.000000 1.000000 -0.000042
vn 0.000000 1.000000 -0.000013
vn 0.000000 1.000000 -0.000013
vn 0.000000 1.000000 -0.000037
vn 0.000000 1.000000 -0.000013
vn 0.000000 1.000000 -0.000013
vn 0.000000 1.000000 -0.000021
vn 0.000000 1.000000 -0.000019
vn 0.000000 1.000000 0.000000
vn 0.000000 1.000000 0.000000
vn 0.000000 1.000000 0.000000
vn 0.000000 1.000000 0.000000
vn 0.000000 1.000000 0.000000
vn 0.000000 1.000000 0.000000
vn 0.000000 1.000000 0.000020
vn 0.000000 1.000000 0.000000
vn 0.000000 1.000000 -0.000000
vn 0.000000 1.000000 0.000019
vn 0.000000 1.000000 -0.000040
vn 0.000000 1.000000 -0.000040
vn 0.000000 1.000000 -0.000011
vn 0.000000 1.000000 -0.000021
vn 0.000000 1.000000 0.000106
vn 0.000000 1.000000 0.000053
vn 0.000000 1.000000 0.000053
vn 0.000000 1.000000 0.000106
vn 0.000000 1.000000 0.000000
vn 0.000000 1.000000 0.000000
vn 0.000000 1.000000 0.000031
vn 0.000000 1.000000 0.000034
vn 0.000000 1.000000 0.000034
vn 0.000000 1.000000 0.000028
vn 0.000000 1.000000 0.000040
vn 0.000000 1.000000 0.000040
vn 0.000000 1.000000 0.000023
vn 0.000000 1.000000 0.000020
vn 0.000000 1.000000 0.000000
vn 0.000000 1.000000 -0.000083
vn 0.000000 1.000000 -0.000083
vn 0.000000 1.000000 0.000000
vn 0.000000 1.000000 -0.000166
vn 0.000000 1.000000 -0.000166
vn -0.951021 0.000000 0.309127
vn -0.809072 0.000000 0.587710
vn -0.809072 0.000000 0.587710
vn -0.951021 0.000000 0.309127
vn -0.587771 0.000000 0.809027
vn -0.587771 0.000000 0.809027
vn -0.308856 0.000000 0.951109
vn -0.308856 0.000000 0.951109
vn -0.000000 0.000000 1.000000
vn -0.000000 0.000000 1.000000
vn 0.309133 0.000000 0.951019
vn 0.309133 0.000000 0.951019
vn 0.587839 0.000000 0.808978
vn 0.587839 0.000000 0.808978
vn 0.808942 0.000000 0.587889
vn 0.808942 0.000000 0.587889
vn 0.951018 0.000000 0.309137
vn 0.951018 0.000000 0.309137
vn 1.000000 -0.000092 0.000150
vn 1.000000 -0.000092 0.000150
vn 0.950975 -0.000089 -0.309269
vn 0.950976 -0.000089 -0.309265
vn 0.808859 0.000046 -0.588003
vn 0.808829 0.000046 -0.588045
vn 0.587914 0.000024 -0.808923
vn 0.587906 0.000024 -0.808929
vn 0.308982 -0.000020 -0.951068
vn 0.308982 -0.000020 -0.951068
vn 0.000000 0.000000 -1.000000
vn 0.000000 0.000000 -1.000000
vn -0.309044 0.000000 -0.951048
vn -0.309044 0.000000 -0.951048
vn -0.587821 0.000000 -0.808991
vn -0.587821 0.000000 -0.808991
vn -0.809098 0.000000 -0.587674
vn -0.809098 0.000000 -0.587674
vn -0.951021 0.000000 -0.309127
vn -0.951021 0.000000 -0.309127
vn -1.000000 0.000000 0.000000
vn -1.000000 0.000000 0.000000
vn 0.000000 1.000000 -0.000203
vn 0.000000 1.000000 -0.000203
vn 0.000000 1.000000 -0.000097
vn 0.000000 1.000000 0.000105
vn 0.000000 1.000000 0.000050
vn 0.000000 1.000000 0.000105
vn 0.000000 1.000000 -0.000063
vn 0.000000 1.000000 0.000000
vn 0.000000 1.000000 -0.000015
vn 0.000000 1.000000 -0.000015
vn 0.000000 1.000000 0.000043
vn 0.000000 1.000000 0.000000
vn 0.000000 1.000000 0.000039
vn 0.000000 1.000000 0.000000
vn 0.000000 1.000000 -0.000054
vn 0.000000 1.000000 -0.000039
vn 0.000000 1.000000 0.000166
vn 0.000000 1.000000 0.000165
vn 0.000000 1.000000 0.000097
vn 0.000000 1.000000 -0.000256
vn 0.000000 1.000000 -0.000123
vn 0.000000 1.000000 -0.000257
vn 0.000000 1.000000 0.000034
vn 0.000000 1.000000 0.000000
vn 0.000000 1.000000 -0.000015
vn 0.000000 1.000000 -0.000015
vn 0.000000 1.000000 -0.000019
vn 0.000000 1.000000 -0.000084
vn 0.000000 1.000000 -0.000004
vn 0.000000 1.000000 -0.000084
vn 0.000000 1.000000 0.000016
vn 0.000000 1.000000 -0.000022
vn 0.262681 -0.000097 -0.964883
vn 0.262681 -0.000097 -0.964883
vn 0.262681 -0.000097 -0.964883
vn 0.262681 -0.000097 -0.964883
vn -0.000055 0.000105 1.000000
vn -0.248120 0.000097 0.968729
vn -0.248120 0.000097 0.968729
vn -0.000055 0.000105 1.000000
vn 0.990209 0.000016 0.139593
vn 0.990209 0.000016 0.139593
vn 0.990209 0.000016 0.139593
vn 0.990209 0.000016 0.139593
vn -0.262241 -0.000106 -0.965002
vn -0.262241 -0.000106 -0.965003
vn -0.262241 -0.000106 -0.965003
vn -0.262241 -0.000106 -0.965002
vn -0.990305 0.000112 0.138908
vn -0.990305 0.000112 0.138908
vn -0.990305 0.000112 0.138908
vn -0.990305 0.000112 0.138908
vn 0.247617 0.000107 0.968858
vn 0.247617 0.000107 0.968858
vn -0.952623 0.000000 -0.304154
vn -0.952623 0.000000 -0.304154
vn -0.952623 0.000000 -0.304154
vn -0.952623 0.000000 -0.304154
vn 0.956898 0.000000 0.290423
vn 0.956898 0.000000 0.290423
vn 0.956898 0.000000 0.290423
vn 0.956898 0.000000 0.290423
vn 0.118704 0.000000 -0.992930
vn 0.118704 0.000000 -0.992930
vn 0.118704 0.000000 -0.992930
vn 0.118704 0.000000 -0.992930
vn -0.952623 0.000000 0.304154
vn -0.952623 0.000000 0.304154
vn -0.952623 0.000000 0.304154
vn -0.952623 0.000000 0.304154
vn 0.118349 0.000000 0.992972
vn 0.118349 0.000000 0.992972
vn 0.118349 0.000000 0.992972
vn 0.118349 0.000000 0.992972
vn 0.956939 0.000000 -0.290288
vn 0.956939 0.000000 -0.290288
vn 0.956939 0.000000 -0.290288
vn 0.956939 0.000000 -0.290288
vn -0.263345 0.000033 0.964702
vn -0.263345 0.000033 0.964702
vn -0.263345 0.000033 0.964702
vn -0.263345 0.000033 0.964702
vn 0.000593 0.000017 -1.000000
vn 0.248303 -0.000031 -0.968682
vn 0.248303 -0.000031 -0.968682
vn 0.000593 0.000017 -1.000000
vn -0.990410 -0.000015 -0.138163
vn -0.990410 -0.000015 -0.138163
vn -0.990410 -0.000015 -0.138163
vn -0.990410 -0.000015 -0.138163
vn 0.262183 -0.000074 0.965018
vn 0.262183 -0.000074 0.965018
vn 0.262183 -0.000074 0.965018
vn 0.262183 -0.000074 0.965018
vn 0.990218 0.000011 -0.139531
vn 0.990218 0.000011 -0.139531
vn 0.990218 0.000011 -0.139531
vn 0.990218 0.000011 -0.139531
vn -0.247628 0.000064 -0.968855
vn -0.247628 0.000064 -0.968855
vn 0.952152 0.000019 0.305626
vn 0.952152 0.000019 0.305626
vn 0.952152 0.000019 0.305626
vn 0.952152 0.000019 0.305626
vn -0.958120 -0.000014 -0.286367
vn -0.958120 -0.000014 -0.286367
vn -0.958120 -0.000014 -0.286367
vn -0.958120 -0.000014 -0.286367
vn -0.118528 0.000000 0.992951
vn -0.118528 0.000000 0.992951
vn -0.118528 0.000000 0.992951
vn -0.118528 0.000000 0.992951
vn 0.952133 -0.000034 -0.305686
vn 0.952132 -0.000034 -0.305686
vn 0.952133 -0.000034 -0.305686
vn 0.952132 -0.000034 -0.305686
vn -0.118705 -0.000154 -0.992930
vn -0.118705 -0.000154 -0.992930
vn -0.118705 -0.000154 -0.992929
vn -0.118705 -0.000154 -0.992929
vn -0.958080 0.000045 0.286500
vn -0.958080 0.000045 0.286500
vn -0.958080 0.000045 0.286500
vn -0.958080 0.000045 0.286500
vn 0.195721 0.773863 -0.602353
vn -0.000001 0.773877 -0.633336
vn -0.000000 0.000000 -1.000000
vn 0.309018 0.000000 -0.951056
vn 0.372268 0.773831 -0.512448
vn 0.587712 0.000000 -0.809070
vn 0.512325 0.773828 -0.372442
vn 0.808873 0.000000 -0.587984
vn 0.602261 0.773947 -0.195674
vn 0.951093 0.000000 -0.308904
vn 0.633342 0.773872 -0.000000
vn 1.000000 0.000000 0.000000
vn 0.602254 0.773955 0.195662
vn 0.951093 0.000000 0.308904
vn 0.512320 0.773838 0.372429
vn 0.808864 0.000000 0.587996
vn 0.372264 0.773849 0.512422
vn 0.587730 0.000000 0.809057
vn 0.195710 0.773861 0.602360
vn 0.309019 0.000000 0.951056
vn -0.000002 0.773870 0.633344
vn -0.000000 0.000000 1.000000
vn -0.195750 0.773847 0.602364
vn -0.309085 0.000000 0.951034
vn -0.372314 0.773857 0.512375
vn -0.587831 0.000000 0.808984
vn -0.512393 0.773825 0.372355
vn -0.808980 0.000000 0.587836
vn -0.602258 0.773897 0.195880
vn -0.950966 0.000000 0.309297
vn -0.633321 0.773890 -0.000000
vn -1.000000 0.000000 -0.000000
vn -0.602271 0.773888 -0.195876
vn -0.950966 0.000000 -0.309296
vn -0.512399 0.773824 -0.372348
vn -0.808989 0.000000 -0.587823
vn -0.372317 0.773845 -0.512390
vn -0.587813 0.000000 -0.808997
vn -0.195762 0.773850 -0.602357
vn -0.309085 0.000000 -0.951034
vn -0.308745 -0.045182 0.950071
vn 0.000002 -0.045227 0.998977
vn -0.587247 -0.045196 0.808145
vn -0.808116 -0.045200 0.587286
vn -0.950003 -0.045200 0.308953
vn -0.998979 -0.045171 0.000000
vn -0.950003 -0.045203 -0.308952
vn -0.808126 -0.045212 -0.587271
vn -0.587251 -0.045218 -0.808141
vn -0.308777 -0.045193 -0.950060
vn 0.000003 -0.045234 -0.998976
vn 0.308722 -0.045179 -0.950079
vn 0.587170 -0.045220 -0.808199
vn 0.808036 -0.045221 -0.587395
vn 0.950071 -0.045215 -0.308740
vn 0.998980 -0.045161 -0.000007
vn 0.950082 -0.045226 0.308706
vn 0.808042 -0.045203 0.587388
vn 0.587171 -0.045175 0.808202
vn 0.308691 -0.045163 0.950089
vn -0.606947 -0.661102 0.441088
vn -0.441061 -0.661115 0.606953
vn -0.713440 -0.661169 0.232074
vn -0.750213 -0.661196 -0.000000
vn -0.713444 -0.661166 -0.232072
vn -0.606951 -0.661105 -0.441079
vn -0.441077 -0.661102 -0.606956
vn -0.231930 -0.661138 -0.713516
vn -0.000002 -0.661143 -0.750260
vn 0.231880 -0.661145 -0.713526
vn 0.441003 -0.661114 -0.606996
vn 0.606864 -0.661114 -0.441186
vn 0.713482 -0.661197 -0.231866
vn 0.750247 -0.661157 -0.000009
vn 0.713480 -0.661207 0.231843
vn 0.606858 -0.661124 0.441178
vn 0.440991 -0.661125 0.606993
vn 0.231847 -0.661159 0.713524
vn -0.000002 -0.661156 0.750248
vn -0.231893 -0.661151 0.713516
vn -0.000000 0.000000 1.000000
vn -0.309086 0.000000 0.951034
vn -0.587833 0.000000 0.808982
vn -0.808977 0.000000 0.587840
vn -0.950965 0.000000 0.309300
vn -1.000000 0.000000 0.000000
vn -0.950965 0.000000 -0.309300
vn -0.808987 0.000000 -0.587827
vn -0.587816 0.000000 -0.808995
vn -0.309086 0.000000 -0.951034
vn 0.000000 0.000000 -1.000000
vn 0.309019 0.000000 -0.951056
vn 0.587715 0.000000 -0.809068
vn 0.808874 0.000000 -0.587981
vn 0.951094 0.000000 -0.308902
vn 1.000000 0.000000 0.000000
vn 0.951094 0.000000 0.308902
vn 0.808865 0.000000 0.587994
vn 0.587732 0.000000 0.809055
vn 0.309019 0.000000 0.951056
vn -0.308972 0.012181 0.950993
vn 0.000000 0.012173 0.999926
vn -0.587830 0.012186 0.808893
vn -0.808959 0.012174 0.587739
vn -0.950892 0.012170 0.309284
vn -0.999926 0.012174 0.000000
vn -0.950887 0.012172 -0.309298
vn -0.808953 0.012175 -0.587747
vn -0.587838 0.012187 -0.808887
vn -0.309033 0.012185 -0.950973
vn -0.000000 0.012180 -0.999926
vn 0.309022 0.012179 -0.950977
vn 0.587728 0.012170 -0.808967
vn 0.808744 0.012168 -0.588035
vn 0.950988 0.012173 -0.308987
vn 0.999926 0.012172 0.000000
vn 0.950993 0.012174 0.308973
vn 0.808798 0.012177 0.587960
vn 0.587718 0.012186 0.808974
vn 0.308933 0.012181 0.951006
vn -0.587816 0.000000 -0.808994
vn -0.309086 0.000000 -0.951034
vn 0.000000 0.000000 -1.000000
vn 0.309019 0.000000 -0.951056
vn 0.587716 0.000000 -0.809067
vn 0.808875 0.000000 -0.587980
vn 0.951094 0.000000 -0.308901
vn 1.000000 0.000000 0.000000
vn 0.951094 0.000000 0.308901
vn 0.808866 0.000000 0.587993
vn 0.587734 0.000000 0.809055
vn 0.309019 0.000000 0.951056
vn -0.000000 0.000000 1.000000
vn -0.309086 0.000000 0.951034
vn -0.587834 0.000000 0.808982
vn -0.808978 0.000000 0.587839
vn -0.950965 0.000000 0.309299
vn -1.000000 0.000000 0.000000
vn -0.950965 0.000000 -0.309299
vn -0.808987 0.000000 -0.587827
vn 0.529748 0.433946 0.728737
vn 0.278367 0.433916 0.856871
vn -0.000034 0.433813 0.901003
vn -0.278473 0.433982 0.856804
vn -0.529442 0.434170 0.728826
vn -0.728804 0.434139 0.529498
vn -0.856715 0.434186 0.278428
vn -0.900717 0.434406 -0.000010
vn -0.856685 0.434226 -0.278457
vn -0.728848 0.434157 -0.529423
vn -0.529417 0.434174 -0.728842
vn -0.278370 0.434010 -0.856823
vn 0.000000 0.433874 -0.900974
vn 0.278302 0.433929 -0.856886
vn 0.529676 0.433857 -0.728842
vn 0.729045 0.433637 -0.529577
vn 0.857094 0.433432 -0.278436
vn 0.901210 0.433383 0.000000
vn 0.857075 0.433466 0.278441
vn 0.728983 0.433715 0.529599
vn 0.487692 -0.858497 -0.158556
vn 0.414982 -0.858362 -0.301669
vn 0.732348 -0.424556 -0.532370
vn 0.861049 -0.424585 -0.279861
vn 0.301548 -0.858454 -0.414881
vn 0.532208 -0.424724 -0.732369
vn 0.158404 -0.858556 -0.487637
vn 0.279812 -0.424806 -0.860956
vn 0.000001 -0.858507 -0.512802
vn 0.000002 -0.424696 -0.905336
vn -0.158530 -0.858413 -0.487847
vn -0.279814 -0.424674 -0.861021
vn -0.301587 -0.858447 -0.414865
vn -0.532103 -0.424814 -0.732393
vn -0.414723 -0.858556 -0.301472
vn -0.732213 -0.425000 -0.532201
vn -0.487712 -0.858470 -0.158636
vn -0.860810 -0.425049 -0.279892
vn -0.513162 -0.858292 -0.000001
vn -0.905224 -0.424935 0.000082
vn -0.487675 -0.858494 0.158626
vn -0.860894 -0.424896 0.279867
vn -0.414558 -0.858683 0.301338
vn -0.732241 -0.424940 0.532211
vn -0.301288 -0.858636 0.414692
vn -0.532182 -0.424643 0.732435
vn -0.158447 -0.858523 0.487681
vn -0.279809 -0.424566 0.861075
vn 0.000000 -0.858566 0.512703
vn -0.000003 -0.424625 0.905369
vn 0.158367 -0.858615 0.487545
vn 0.279780 -0.424734 0.861002
vn 0.301466 -0.858484 0.414878
vn 0.532159 -0.424667 0.732438
vn 0.414944 -0.858370 0.301699
vn 0.732368 -0.424489 0.532396
vn 0.487699 -0.858492 0.158558
vn 0.861057 -0.424543 0.279900
vn 0.512747 -0.858540 0.000002
vn 0.905365 -0.424634 0.000000
vn 0.902416 0.315571 -0.293362
vn 0.767571 0.315483 -0.557947
vn 0.340906 0.906859 -0.247769
vn 0.400752 0.906877 -0.130275
vn 0.557835 0.315388 -0.767692
vn 0.247779 0.906857 -0.340906
vn 0.293338 0.315280 -0.902525
vn 0.130239 0.906864 -0.400794
vn 0.000003 0.315348 -0.948976
vn 0.000000 0.906858 -0.421437
vn -0.293210 0.315325 -0.902551
vn -0.130249 0.906861 -0.400798
vn -0.557855 0.315330 -0.767701
vn -0.247737 0.906857 -0.340935
vn -0.767571 0.315502 -0.557936
vn -0.340883 0.906876 -0.247739
vn -0.902424 0.315506 -0.293407
vn -0.400710 0.906907 -0.130199
vn -0.948903 0.315567 0.000097
vn -0.421322 0.906911 0.000010
vn -0.902407 0.315632 0.293324
vn -0.400741 0.906892 0.130204
vn -0.767605 0.315666 0.557796
vn -0.340863 0.906885 0.247734
vn -0.557600 0.315730 0.767722
vn -0.247726 0.906850 0.340961
vn -0.293188 0.315500 0.902497
vn -0.130276 0.906849 0.400815
vn -0.000001 0.315488 0.948930
vn 0.000000 0.906850 0.421453
vn 0.293298 0.315447 0.902480
vn 0.130259 0.906860 0.400797
vn 0.557751 0.315551 0.767685
vn 0.247733 0.906848 0.340961
vn 0.767545 0.315594 0.557921
vn 0.340896 0.906859 0.247784
vn 0.902408 0.315623 0.293328
vn 0.400789 0.906865 0.130245
vn 0.948872 0.315661 -0.000001
vn 0.421414 0.906869 -0.000001
vn 0.000000 1.000000 0.000000
vn 0.000000 1.000000 0.000000
vn 0.000000 1.000000 0.000037
vn 0.000000 1.000000 0.000000
vn 0.000000 1.000000 0.000000
vn 0.000000 1.000000 0.000000
vn 0.000000 1.000000 0.000000
vn 0.000000 1.000000 0.000183
vn 0.000000 1.000000 0.000183
vn 0.000000 1.000000 0.000365
vn 0.000000 1.000000 0.000365
vn 0.000000 1.000000 0.000000
vn 0.000000 1.000000 0.000000
vn 0.000000 1.000000 0.000000
vn 0.000000 1.000000 0.000000
vn 0.000000 1.000000 0.000000
vn 0.000000 1.000000 0.000000
vn 0.000000 1.000000 -0.000183
vn 0.000000 1.000000 -0.000183
vn 0.000000 1.000000 0.000000
vn 0.000000 1.000000 0.000000
vn -0.028068 -0.999412 0.019691
vn -0.033129 -0.999399 0.010206
vn 0.000012 -1.000000 0.000001
vn -0.020236 -0.999432 0.026939
vn -0.010595 -0.999449 0.031454
vn 0.000000 -0.999454 0.033032
vn 0.010647 -0.999449 0.031433
vn 0.020311 -0.999434 0.026829
vn 0.028021 -0.999416 0.019582
vn 0.033065 -0.999398 0.010467
vn 0.034822 -0.999394 -0.000026
vn 0.033049 -0.999399 -0.010454
vn 0.028050 -0.999416 -0.019516
vn 0.020443 -0.999431 -0.026812
vn 0.010781 -0.999446 -0.031484
vn -0.000127 -0.999452 -0.033091
vn -0.010732 -0.999447 -0.031462
vn -0.020315 -0.999434 -0.026822
vn -0.028096 -0.999414 -0.019561
vn -0.033050 -0.999401 -0.010302
vn -0.034844 -0.999393 -0.000104
vn -0.340774 0.906933 0.247680
vn -0.247648 0.906920 0.340832
vn -0.247871 0.906725 0.341188
vn -0.341043 0.906740 0.248017
vn -0.400660 0.906935 0.130159
vn -0.401067 0.906737 0.130279
vn -0.421272 0.906934 -0.000005
vn -0.421705 0.906733 -0.000161
vn -0.400656 0.906940 -0.130134
vn -0.401014 0.906770 -0.130213
vn -0.340784 0.906937 -0.247653
vn -0.341096 0.906756 -0.247884
vn -0.247677 0.906926 -0.340795
vn -0.247989 0.906710 -0.341144
vn -0.130196 0.906942 -0.400631
vn -0.130314 0.906712 -0.401114
vn 0.000000 0.906942 -0.421255
vn 0.000001 0.906663 -0.421856
vn 0.130195 0.906948 -0.400618
vn 0.130313 0.906722 -0.401091
vn 0.247719 0.906937 -0.340736
vn 0.248190 0.906713 -0.340989
vn 0.340766 0.906932 -0.247694
vn 0.341135 0.906654 -0.248203
vn 0.400592 0.906952 -0.130244
vn 0.400920 0.906786 -0.130389
vn 0.421267 0.906937 0.000001
vn 0.421705 0.906733 0.000005
vn 0.400647 0.906938 0.130175
vn 0.401049 0.906787 0.129991
vn 0.340764 0.906931 0.247700
vn 0.341072 0.906737 0.247985
vn 0.247641 0.906923 0.340829
vn 0.247890 0.906724 0.341178
vn 0.130230 0.906938 0.400628
vn 0.130371 0.906705 0.401109
vn 0.000000 0.906940 0.421259
vn 0.000000 0.906724 0.421725
vn -0.130233 0.906940 0.400624
vn -0.130366 0.906726 0.401065
vn -0.244978 -0.954454 0.170303
vn -0.272460 -0.958430 0.084718
vn -0.137125 -0.989574 0.044047
vn -0.118855 -0.989210 0.085659
vn -0.191727 -0.948544 0.252004
vn -0.088409 -0.988736 0.120768
vn -0.107617 -0.942656 0.315940
vn -0.047370 -0.988337 0.144729
vn 0.000001 -0.940074 0.340971
vn -0.000000 -0.988179 0.153303
vn 0.107623 -0.942639 0.315988
vn 0.047370 -0.988336 0.144737
vn 0.191788 -0.948507 0.252093
vn 0.088460 -0.988738 0.120716
vn 0.245061 -0.954445 0.170234
vn 0.118860 -0.989219 0.085541
vn 0.272404 -0.958443 0.084756
vn 0.137033 -0.989581 0.044169
vn 0.280709 -0.959793 0.000065
vn 0.143065 -0.989713 0.000015
vn 0.272483 -0.958418 -0.084787
vn 0.137056 -0.989578 -0.044180
vn 0.245073 -0.954427 -0.170321
vn 0.118853 -0.989221 -0.085528
vn 0.191797 -0.948510 -0.252077
vn 0.088527 -0.988733 -0.120709
vn 0.107655 -0.942624 -0.316022
vn 0.047446 -0.988324 -0.144788
vn 0.000001 -0.940040 -0.341064
vn -0.000061 -0.988167 -0.153383
vn -0.107645 -0.942625 -0.316023
vn -0.047444 -0.988328 -0.144764
vn -0.191739 -0.948533 -0.252034
vn -0.088436 -0.988740 -0.120713
vn -0.244968 -0.954465 -0.170255
vn -0.118847 -0.989220 -0.085557
vn -0.272458 -0.958434 -0.084682
vn -0.137077 -0.989581 -0.044051
vn -0.280768 -0.959776 -0.000000
vn -0.143005 -0.989722 -0.000031
vn 0.951053 0.006558 -0.308959
vn 0.808869 0.006570 -0.587952
vn 0.808802 0.011353 -0.587972
vn 0.951000 0.011345 -0.308983
vn 0.587774 0.006511 -0.808999
vn 0.587748 0.011355 -0.808964
vn 0.309002 0.006505 -0.951039
vn 0.308995 0.011352 -0.950996
vn 0.000000 0.006538 -0.999979
vn 0.000000 0.011350 -0.999936
vn -0.309061 0.006508 -0.951020
vn -0.309036 0.011339 -0.950983
vn -0.587867 0.006525 -0.808931
vn -0.587894 0.011337 -0.808859
vn -0.808976 0.006570 -0.587805
vn -0.808953 0.011344 -0.587764
vn -0.950922 0.006533 -0.309363
vn -0.950894 0.011355 -0.309310
vn -0.999979 0.006417 -0.000120
vn -0.999935 0.011361 -0.000121
vn -0.950954 0.006328 0.309269
vn -0.950925 0.011355 0.309213
vn -0.808915 0.006390 0.587890
vn -0.808861 0.011355 0.587891
vn -0.587803 0.006471 0.808979
vn -0.587828 0.011354 0.808907
vn -0.309015 0.006508 0.951035
vn -0.309012 0.011351 0.950991
vn -0.000000 0.006537 0.999979
vn 0.000000 0.011356 0.999936
vn 0.308953 0.006506 0.951055
vn 0.308919 0.011353 0.951021
vn 0.587755 0.006511 0.809013
vn 0.587727 0.011345 0.808980
vn 0.808868 0.006564 0.587954
vn 0.808848 0.011346 0.587909
vn 0.951053 0.006544 0.308960
vn 0.950998 0.011346 0.308987
vn 0.999979 0.006514 -0.000001
vn 0.999936 0.011338 0.000000
vn 0.000000 -1.000000 -0.000028
vn 0.000000 -1.000000 0.000000
vn 0.000000 -1.000000 -0.000003
vn 0.000000 -1.000000 -0.000028
vn 0.000000 -1.000000 0.000000
vn 0.000000 -1.000000 0.000000
vn 0.000000 -1.000000 0.000000
vn 0.000000 -1.000000 0.000000
vn 0.000000 -1.000000 0.000000
vn 0.000000 -1.000000 0.000000
vn 0.000000 -1.000000 0.000000
vn 0.000000 -1.000000 0.000000
vn 0.000000 -1.000000 0.000000
vn 0.000000 -1.000000 0.000000
vn 0.000000 -1.000000 0.000000
vn 0.000000 -1.000000 0.000000
vn 0.000000 -1.000000 0.000000
vn 0.000000 -1.000000 0.000000
vn 0.000000 -1.000000 0.000000
vn 0.000000 -1.000000 0.000000
vn 0.000000 -1.000000 0.000000
vn 0.000000 1.000000 -0.000058
vn 0.000000 1.000000 0.000000
vn 0.000000 1.000000 -0.000008
vn 0.000000 1.000000 0.000000
vn 0.000000 1.000000 0.000000
vn 0.000000 1.000000 0.000000
vn 0.000000 1.000000 0.000014
vn 0.000000 1.000000 -0.000014
vn 0.000000 1.000000 -0.000029
vn 0.000000 1.000000 0.000000
vn 0.000000 1.000000 0.000000
vn 0.000000 1.000000 0.000000
vn 0.000000 1.000000 0.000000
vn 0.000000 1.000000 -0.000029
vn 0.000000 1.000000 -0.000043
vn 0.000000 1.000000 -0.000004
vn 0.000000 1.000000 0.000010
vn 0.000000 1.000000 -0.000029
vn 0.000000 1.000000 -0.000029
vn 0.000000 1.000000 0.000058
vn 0.000000 1.000000 0.000000
vn 0.909746 -0.291640 -0.295479
vn 0.773747 -0.291542 -0.562422
vn 0.707829 -0.484011 -0.514501
vn 0.832184 -0.484073 -0.270449
vn 0.562209 -0.291690 -0.773846
vn 0.514373 -0.484065 -0.707886
vn 0.295558 -0.291775 -0.909677
vn 0.270386 -0.484091 -0.832194
vn -0.000000 -0.291767 -0.956489
vn -0.000000 -0.484049 -0.875041
vn -0.295607 -0.291862 -0.909634
vn -0.270434 -0.484052 -0.832202
vn -0.562203 -0.292012 -0.773729
vn -0.514368 -0.484067 -0.707888
vn -0.773724 -0.292051 -0.562190
vn -0.707847 -0.484094 -0.514398
vn -0.909510 -0.292074 -0.295776
vn -0.832164 -0.484095 -0.270473
vn -0.956415 -0.292011 0.000004
vn -0.875061 -0.484013 0.000001
vn -0.909513 -0.292052 0.295791
vn -0.832165 -0.484086 0.270485
vn -0.773734 -0.291974 0.562217
vn -0.707849 -0.484081 0.514408
vn -0.562189 -0.291906 0.773779
vn -0.514367 -0.484063 0.707890
vn -0.295574 -0.291780 0.909671
vn -0.270430 -0.484058 0.832199
vn -0.000001 -0.291723 0.956503
vn -0.000001 -0.484062 0.875034
vn 0.295537 -0.291710 0.909705
vn 0.270386 -0.484093 0.832193
vn 0.562199 -0.291618 0.773881
vn 0.514378 -0.484055 0.707888
vn 0.773753 -0.291479 0.562447
vn 0.707830 -0.484003 0.514507
vn 0.909747 -0.291624 0.295493
vn 0.832182 -0.484074 0.270456
vn 0.956529 -0.291637 0.000000
vn 0.875013 -0.484100 0.000000
vn 0.947497 0.086038 -0.307974
vn 0.805960 0.086009 -0.585688
vn 0.728947 0.433688 -0.529672
vn 0.856900 0.433735 -0.278562
vn 0.585675 0.085970 -0.805974
vn 0.529708 0.433666 -0.728933
vn 0.307856 0.086009 -0.947538
vn 0.278415 0.433702 -0.856964
vn 0.000002 0.086021 -0.996293
vn -0.000002 0.433695 -0.901060
vn -0.307899 0.086009 -0.947523
vn -0.278469 0.433695 -0.856951
vn -0.585609 0.086041 -0.806014
vn -0.529638 0.433680 -0.728975
vn -0.805973 0.086042 -0.585666
vn -0.728942 0.433716 -0.529654
vn -0.947510 0.086051 -0.307929
vn -0.856914 0.433753 -0.278492
vn -0.996288 0.086086 -0.000000
vn -0.901033 0.433752 -0.000001
vn -0.947510 0.086054 0.307928
vn -0.856913 0.433753 0.278493
vn -0.805966 0.086033 0.585677
vn -0.728916 0.433735 0.529675
vn -0.585612 0.086036 0.806012
vn -0.529640 0.433710 0.728957
vn -0.307912 0.086004 0.947520
vn -0.278495 0.433712 0.856933
vn -0.000005 0.086001 0.996295
vn -0.000017 0.433690 0.901062
vn 0.307861 0.085997 0.947537
vn 0.278424 0.433696 0.856964
vn 0.585692 0.085972 0.805961
vn 0.529736 0.433668 0.728911
vn 0.805954 0.085998 0.585699
vn 0.728937 0.433686 0.529686
vn 0.947496 0.086028 0.307979
vn 0.856897 0.433729 0.278579
vn 0.996291 0.086052 -0.000000
vn 0.901021 0.433777 -0.000001
vn 0.000000 1.000000 -0.000020
vn 0.000000 1.000000 -0.000027
vn 0.000000 1.000000 -0.000027
vn 0.000000 1.000000 -0.000017
vn 0.000000 1.000000 0.000013
vn 0.000000 1.000000 0.000013
vn 0.000000 1.000000 0.000011
vn 0.000000 1.000000 0.000020
vn 0.000000 1.000000 -0.000035
vn 0.000000 1.000000 -0.000088
vn 0.000000 1.000000 -0.000088
vn 0.000000 1.000000 -0.000035
vn 0.000000 1.000000 -0.000141
vn 0.000000 1.000000 -0.000141
vn 0.000000 1.000000 0.000023
vn 0.000000 1.000000 0.000007
vn 0.000000 1.000000 0.000007
vn 0.000000 1.000000 0.000028
vn 0.000000 1.000000 -0.000013
vn 0.000000 1.000000 -0.000013
vn 0.000000 1.000000 -0.000006
vn 0.000000 1.000000 -0.000008
vn 0.000000 1.000000 0.000000
vn 0.000000 1.000000 0.000000
vn 0.000000 1.000000 0.000000
vn 0.000000 1.000000 0.000000
vn 0.000000 1.000000 0.000000
vn 0.000000 1.000000 0.000000
vn 0.000000 1.000000 0.000035
vn 0.000000 1.000000 0.000000
vn 0.000000 1.000000 -0.000000
vn 0.000000 1.000000 0.000035
vn 0.000000 1.000000 0.000013
vn 0.000000 1.000000 0.000013
vn 0.000000 1.000000 0.000064
vn 0.000000 1.000000 0.000055
vn 0.000000 1.000000 0.000106
vn 0.000000 1.000000 0.000053
vn 0.000000 1.000000 0.000053
vn 0.000000 1.000000 0.000106
vn 0.000000 1.000000 0.000000
vn 0.000000 1.000000 0.000000
vn 0.000000 1.000000 0.000031
vn 0.000000 1.000000 0.000034
vn 0.000000 1.000000 0.000034
vn 0.000000 1.000000 0.000028
vn 0.000000 1.000000 0.000040
vn 0.000000 1.000000 0.000040
vn 0.000000 1.000000 0.000023
vn 0.000000 1.000000 0.000020
vn 0.000000 1.000000 0.000000
vn 0.000000 1.000000 -0.000083
vn 0.000000 1.000000 -0.000083
vn 0.000000 1.000000 0.000000
vn 0.000000 1.000000 -0.000166
vn 0.000000 1.000000 -0.000166
vn -0.951029 0.000157 0.309102
vn -0.809145 0.000078 0.587609
vn -0.809145 0.000078 0.587609
vn -0.951022 0.000157 0.309122
vn -0.587771 0.000000 0.809027
vn -0.587771 0.000000 0.809027
vn -0.308822 0.000000 0.951120
vn -0.308822 0.000000 0.951120
vn -0.000000 0.000000 1.000000
vn -0.000000 0.000000 1.000000
vn 0.309098 0.000000 0.951030
vn 0.309098 0.000000 0.951030
vn 0.587696 0.000007 0.809082
vn 0.587696 0.000007 0.809082
vn 0.808794 0.000004 0.588093
vn 0.808798 0.000004 0.588087
vn 0.951017 -0.000002 0.309137
vn 0.951017 -0.000002 0.309137
vn 1.000000 0.000000 0.000000
vn 1.000000 0.000000 0.000000
vn 0.950924 -0.000012 -0.309424
vn 0.950922 -0.000012 -0.309432
vn 0.808788 -0.000027 -0.588101
vn 0.808784 -0.000027 -0.588106
vn 0.587928 -0.000074 -0.808913
vn 0.587924 -0.000074 -0.808916
vn 0.309027 -0.000083 -0.951053
vn 0.309090 -0.000083 -0.951033
vn 0.000020 -0.000024 -1.000000
vn 0.000020 -0.000024 -1.000000
vn -0.308948 0.000000 -0.951079
vn -0.308948 0.000000 -0.951079
vn -0.587846 0.000000 -0.808973
vn -0.587846 0.000000 -0.808973
vn -0.809085 0.000000 -0.587692
vn -0.809085 0.000000 -0.587692
vn -0.951017 0.000000 -0.309138
vn -0.951017 0.000000 -0.309138
vn -1.000000 0.000078 0.000150
vn -1.000000 0.000078 0.000150
vn 0.000000 1.000000 -0.000203
vn 0.000000 1.000000 -0.000203
vn 0.000000 1.000000 -0.000097
vn 0.000000 1.000000 0.000105
vn 0.000000 1.000000 0.000050
vn 0.000000 1.000000 0.000106
vn 0.000000 1.000000 -0.000063
vn 0.000000 1.000000 0.000000
vn 0.000000 1.000000 -0.000015
vn 0.000000 1.000000 -0.000015
vn 0.000000 1.000000 -0.000004
vn 0.000000 1.000000 -0.000084
vn 0.000000 1.000000 -0.000020
vn 0.000000 1.000000 -0.000084
vn 0.000000 1.000000 -0.000023
vn 0.000000 1.000000 -0.000036
vn 0.000000 1.000000 0.000166
vn 0.000000 1.000000 0.000165
vn 0.000000 1.000000 0.000097
vn 0.000000 1.000000 0.000000
vn 0.000000 1.000000 0.000000
vn 0.000000 1.000000 0.000000
vn 0.000000 1.000000 0.000034
vn 0.000000 1.000000 0.000000
vn 0.000000 1.000000 -0.000015
vn 0.000000 1.000000 -0.000015
vn 0.000000 1.000000 -0.000019
vn 0.000000 1.000000 -0.000084
vn 0.000000 1.000000 -0.000004
vn 0.000000 1.000000 -0.000084
vn 0.000000 1.000000 0.000016
vn 0.000000 1.000000 -0.000022
vn 0.262432 -0.000085 -0.964951
vn 0.262432 -0.000085 -0.964951
vn 0.262432 -0.000085 -0.964951
vn 0.262432 -0.000085 -0.964951
vn -0.000162 0.000128 1.000000
vn -0.248609 0.000107 0.968604
vn -0.248609 0.000107 0.968604
vn -0.000162 0.000128 1.000000
vn 0.990218 0.000020 0.139531
vn 0.990218 0.000020 0.139531
vn 0.990218 0.000020 0.139531
vn 0.990218 0.000020 0.139531
vn -0.262074 -0.000128 -0.965048
vn -0.262074 -0.000128 -0.965048
vn -0.262074 -0.000128 -0.965048
vn -0.262074 -0.000128 -0.965048
vn -0.990308 -0.000061 0.138885
vn -0.990308 -0.000061 0.138885
vn -0.990308 -0.000061 0.138885
vn -0.990309 -0.000061 0.138885
vn 0.247911 0.000141 0.968783
vn 0.247911 0.000141 0.968783
vn -0.952604 0.000000 -0.304214
vn -0.952604 0.000000 -0.304214
vn -0.952604 0.000000 -0.304214
vn -0.952604 0.000000 -0.304214
vn 0.956899 0.000000 0.290423
vn 0.956899 0.000000 0.290423
vn 0.956899 0.000000 0.290423
vn 0.956899 0.000000 0.290423
vn 0.118526 0.000000 -0.992951
vn 0.118526 0.000000 -0.992951
vn 0.118526 0.000000 -0.992951
vn 0.118526 0.000000 -0.992951
vn -0.952623 0.000000 0.304154
vn -0.952623 0.000000 0.304154
vn -0.952623 0.000000 0.304154
vn -0.952623 0.000000 0.304154
vn 0.118349 0.000000 0.992972
vn 0.118349 0.000000 0.992972
vn 0.118349 0.000000 0.992972
vn 0.118349 0.000000 0.992972
vn 0.956939 0.000000 -0.290288
vn 0.956939 0.000000 -0.290288
vn 0.956939 0.000000 -0.290288
vn 0.956939 0.000000 -0.290288
vn -0.263180 0.000032 0.964747
vn -0.263180 0.000032 0.964747
vn -0.263180 0.000032 0.964747
vn -0.263181 0.000032 0.964747
vn 0.000647 0.000034 -1.000000
vn 0.248402 -0.000019 -0.968657
vn 0.248402 -0.000019 -0.968657
vn 0.000647 0.000034 -1.000000
vn -0.990411 -0.000008 -0.138151
vn -0.990411 -0.000008 -0.138151
vn -0.990411 -0.000008 -0.138151
vn -0.990411 -0.000008 -0.138151
vn 0.262101 -0.000089 0.965041
vn 0.262101 -0.000089 0.965041
vn 0.262101 -0.000089 0.965041
vn 0.262101 -0.000089 0.965041
vn 0.990216 0.000019 -0.139543
vn 0.990216 0.000019 -0.139543
vn 0.990216 0.000019 -0.139543
vn 0.990216 0.000019 -0.139543
vn -0.247628 0.000085 -0.968855
vn -0.247628 0.000085 -0.968855
vn 0.952132 0.000019 0.305686
vn 0.952132 0.000019 0.305686
vn 0.952133 0.000019 0.305686
vn 0.952132 0.000019 0.305686
vn -0.958100 -0.000014 -0.286433
vn -0.958100 -0.000014 -0.286433
vn -0.958100 -0.000014 -0.286433
vn -0.958100 -0.000014 -0.286433
vn -0.118528 0.000000 0.992951
vn -0.118528 0.000000 0.992951
vn -0.118528 0.000000 0.992951
vn -0.118528 0.000000 0.992951
vn 0.952152 -0.000043 -0.305626
vn 0.952152 -0.000043 -0.305626
vn 0.952152 -0.000043 -0.305626
vn 0.952152 -0.000043 -0.305626
vn -0.118793 -0.000164 -0.992919
vn -0.118793 -0.000164 -0.992919
vn -0.118793 -0.000164 -0.992919
vn -0.118793 -0.000164 -0.992919
vn -0.958090 0.000039 0.286467
vn -0.958090 0.000039 0.286467
vn -0.958090 0.000039 0.286467
vn -0.958090 0.000039 0.286467
vn 0.195725 0.773858 -0.602359
vn -0.000001 0.773873 -0.633341
vn 0.000000 0.000000 -1.000000
vn 0.309042 0.000000 -0.951048
vn 0.372263 0.773847 -0.512426
vn 0.587730 0.000000 -0.809057
vn 0.512322 0.773834 -0.372434
vn 0.808873 0.000000 -0.587984
vn 0.602255 0.773951 -0.195676
vn 0.951091 0.000000 -0.308912
vn 0.633345 0.773870 0.000001
vn 1.000000 0.000000 -0.000000
vn 0.602255 0.773953 0.195664
vn 0.951091 0.000000 0.308912
vn 0.512329 0.773831 0.372431
vn 0.808873 0.000000 0.587984
vn 0.372256 0.773854 0.512421
vn 0.587712 0.000000 0.809070
vn 0.195700 0.773864 0.602359
vn 0.308995 0.000000 0.951064
vn -0.000002 0.773885 0.633326
vn 0.000000 0.000000 1.000000
vn -0.195738 0.773856 0.602357
vn -0.309061 0.000000 0.951042
vn -0.372306 0.773862 0.512373
vn -0.587813 0.000000 0.808997
vn -0.512399 0.773821 0.372355
vn -0.808989 0.000000 0.587824
vn -0.602257 0.773897 0.195882
vn -0.950963 0.000000 0.309304
vn -0.633320 0.773890 0.000001
vn -1.000000 0.000000 0.000000
vn -0.602259 0.773897 -0.195876
vn -0.950963 0.000000 -0.309304
vn -0.512398 0.773828 -0.372341
vn -0.808989 0.000000 -0.587823
vn -0.372315 0.773859 -0.512370
vn -0.587831 0.000000 -0.808984
vn -0.195764 0.773846 -0.602361
vn -0.309109 0.000000 -0.951027
vn -0.308733 -0.045174 0.950075
vn 0.000002 -0.045217 0.998977
vn -0.587248 -0.045201 0.808144
vn -0.808116 -0.045195 0.587286
vn -0.950001 -0.045204 0.308959
vn -0.998979 -0.045175 -0.000002
vn -0.950003 -0.045208 -0.308950
vn -0.808129 -0.045195 -0.587269
vn -0.587244 -0.045198 -0.808147
vn -0.308769 -0.045200 -0.950063
vn 0.000002 -0.045239 -0.998976
vn 0.308714 -0.045188 -0.950081
vn 0.587164 -0.045192 -0.808206
vn 0.808039 -0.045200 -0.587393
vn 0.950072 -0.045222 -0.308737
vn 0.998980 -0.045152 -0.000010
vn 0.950080 -0.045220 0.308712
vn 0.808042 -0.045203 0.587388
vn 0.587171 -0.045183 0.808201
vn 0.308679 -0.045176 0.950093
vn -0.606932 -0.661116 0.441089
vn -0.441055 -0.661149 0.606921
vn -0.713434 -0.661175 0.232075
vn -0.750210 -0.661199 0.000002
vn -0.713443 -0.661169 -0.232067
vn -0.606947 -0.661109 -0.441077
vn -0.441064 -0.661109 -0.606957
vn -0.231915 -0.661127 -0.713531
vn -0.000002 -0.661141 -0.750262
vn 0.231874 -0.661155 -0.713518
vn 0.440983 -0.661129 -0.606994
vn 0.606859 -0.661119 -0.441185
vn 0.713486 -0.661195 -0.231860
vn 0.750250 -0.661154 -0.000007
vn 0.713480 -0.661206 0.231846
vn 0.606873 -0.661112 0.441177
vn 0.440989 -0.661111 0.607010
vn 0.231837 -0.661160 0.713526
vn -0.000001 -0.661159 0.750246
vn -0.231873 -0.661159 0.713515
vn 0.000000 0.000000 1.000000
vn -0.309062 0.000000 0.951042
vn -0.587816 0.000000 0.808995
vn -0.808986 0.000000 0.587827
vn -0.950962 0.000000 0.309307
vn -1.000000 0.000000 0.000000
vn -0.950962 0.000000 -0.309307
vn -0.808987 0.000000 -0.587827
vn -0.587833 0.000000 -0.808982
vn -0.309109 0.000000 -0.951026
vn -0.000000 0.000000 -1.000000
vn 0.309043 0.000000 -0.951048
vn 0.587732 0.000000 -0.809055
vn 0.808874 0.000000 -0.587981
vn 0.951091 0.000000 -0.308910
vn 1.000000 0.000000 0.000000
vn 0.951091 0.000000 0.308910
vn 0.808874 0.000000 0.587982
vn 0.587715 0.000000 0.809068
vn 0.308996 0.000000 0.951064
vn -0.309014 0.012180 0.950980
vn 0.000000 0.012173 0.999926
vn -0.587829 0.012193 0.808894
vn -0.808845 0.012209 0.587895
vn -0.950916 0.012213 0.309208
vn -0.999926 0.012189 -0.000116
vn -0.950888 0.012171 -0.309297
vn -0.808949 0.012173 -0.587752
vn -0.587901 0.012186 -0.808841
vn -0.309032 0.012183 -0.950974
vn 0.000000 0.012176 -0.999926
vn 0.308980 0.012184 -0.950990
vn 0.587733 0.012186 -0.808963
vn 0.808788 0.012176 -0.587974
vn 0.950989 0.012172 -0.308986
vn 0.999926 0.012172 0.000000
vn 0.950988 0.012174 0.308988
vn 0.808846 0.012174 0.587895
vn 0.587725 0.012183 0.808969
vn 0.308900 0.012181 0.951016
vn -0.587834 0.000000 -0.808982
vn -0.309110 0.000000 -0.951026
vn -0.000000 0.000000 -1.000000
vn 0.309043 0.000000 -0.951048
vn 0.587734 0.000000 -0.809055
vn 0.808875 0.000000 -0.587980
vn 0.951092 0.000000 -0.308909
vn 1.000000 0.000000 0.000000
vn 0.951092 0.000000 0.308909
vn 0.808875 0.000000 0.587980
vn 0.587716 0.000000 0.809067
vn 0.308995 0.000000 0.951064
vn -0.000000 0.000000 1.000000
vn -0.309062 0.000000 0.951042
vn -0.587816 0.000000 0.808995
vn -0.808987 0.000000 0.587827
vn -0.950962 0.000000 0.309307
vn -1.000000 0.000000 0.000000
vn -0.950962 0.000000 -0.309307
vn -0.808987 0.000000 -0.587827
vn 0.529773 0.433791 0.728811
vn 0.278348 0.433863 0.856904
vn -0.000048 0.433907 0.900958
vn -0.278459 0.434010 0.856794
vn -0.529446 0.434079 0.728878
vn -0.728828 0.434079 0.529514
vn -0.856722 0.434166 0.278439
vn -0.900746 0.434346 -0.000010
vn -0.856736 0.434117 -0.278471
vn -0.729042 0.433770 -0.529473
vn -0.529639 0.433716 -0.728953
vn -0.278384 0.433845 -0.856902
vn -0.000000 0.433877 -0.900972
vn 0.278344 0.433898 -0.856888
vn 0.529700 0.433779 -0.728871
vn 0.729051 0.433596 -0.529603
vn 0.856947 0.433685 -0.278495
vn 0.900978 0.433865 -0.000008
vn 0.856947 0.433674 0.278511
vn 0.729015 0.433647 0.529611
s off
g House pCylinder40
usemtl lambert14SG
f 2726/5317/5238 2727/5318/5239 2728/5319/5240 2729/5320/5241
usemtl lambert8SG
f 2766/5389/5242 2767/5390/5243 2768/5391/5244 2769/5392/5245
usemtl lambert14SG
f 2730/5321/5246 2731/5322/5247 2732/5323/5248 2733/5324/5249
usemtl lambert8SG
f 2700/5393/5250 2701/5394/5251 2695/5395/5252 2694/5396/5253
usemtl lambert14SG
f 2735/5453/5254 2734/5454/5255 2736/5455/5256 2737/5456/5257
f 2738/5457/5258 2739/5458/5259 2740/5459/5260 2741/5460/5261
usemtl lambert8SG
f 2696/5329/5262 2697/5330/5263 2703/5326/5264 2702/5325/5265
f 2697/5465/5266 2699/5466/5267 2704/5462/5268 2703/5461/5269
f 2699/5341/5270 2698/5342/5271 2705/5338/5272 2704/5337/5273
f 2698/5477/5274 2696/5478/5275 2702/5474/5276 2705/5473/5277
f 2702/5325/5278 2703/5326/5279 2707/5327/5280 2706/5328/5281
f 2703/5461/5282 2704/5462/5283 2708/5463/5284 2707/5464/5285
f 2704/5337/5286 2705/5338/5287 2709/5339/5288 2708/5340/5289
f 2705/5473/5290 2702/5474/5291 2706/5475/5292 2709/5476/5293
s 1
f 2694/5333/5294 2695/5335/5295 2711/5336/5296 2710/5334/5297
f 2695/5335/5295 2697/5330/5298 2712/5332/5299 2711/5336/5296
f 2697/5330/5298 2696/5329/5300 2713/5331/5301 2712/5332/5299
f 2696/5329/5300 2694/5333/5294 2710/5334/5297 2713/5331/5301
s 2
f 2698/5342/5302 2699/5341/5303 2715/5343/5304 2714/5344/5305
f 2699/5341/5303 2701/5345/5306 2716/5346/5307 2715/5343/5304
f 2701/5345/5306 2700/5347/5308 2717/5348/5309 2716/5346/5307
f 2700/5347/5308 2698/5342/5302 2714/5344/5305 2717/5348/5309
s 3
f 2695/5469/5310 2701/5471/5311 2718/5472/5312 2719/5470/5313
f 2701/5471/5311 2699/5466/5314 2720/5468/5315 2718/5472/5312
f 2699/5466/5314 2697/5465/5316 2721/5467/5317 2720/5468/5315
f 2697/5465/5316 2695/5469/5310 2719/5470/5313 2721/5467/5317
s 4
f 2700/5481/5318 2694/5483/5319 2723/5484/5320 2722/5482/5321
f 2694/5483/5319 2696/5478/5322 2724/5480/5323 2723/5484/5320
f 2696/5478/5322 2698/5477/5324 2725/5479/5325 2724/5480/5323
f 2698/5477/5324 2700/5481/5318 2722/5482/5321 2725/5479/5325
s off
f 2710/5397/5326 2711/5398/5327 2727/5399/5328 2726/5400/5329
f 2711/5485/5330 2712/5486/5331 2728/5487/5332 2727/5488/5333
f 2712/5401/5334 2713/5402/5335 2729/5403/5336 2728/5404/5337
f 2713/5489/5338 2710/5490/5339 2726/5491/5340 2729/5492/5341
f 2714/5405/5342 2715/5406/5343 2731/5407/5344 2730/5408/5345
f 2715/5493/5346 2716/5494/5347 2732/5495/5348 2731/5496/5349
f 2716/5409/5350 2717/5410/5351 2733/5411/5352 2732/5412/5353
f 2717/5497/5354 2714/5498/5355 2730/5499/5356 2733/5500/5357
f 2719/5413/5358 2718/5414/5359 2734/5415/5360 2735/5416/5361
f 2718/5349/5362 2720/5350/5363 2736/5351/5364 2734/5352/5365
f 2720/5417/5366 2721/5418/5367 2737/5419/5368 2736/5420/5369
f 2721/5353/5370 2719/5354/5371 2735/5355/5372 2737/5356/5373
f 2722/5421/5374 2723/5422/5375 2739/5423/5376 2738/5424/5377
f 2723/5357/5378 2724/5358/5379 2740/5359/5380 2739/5360/5381
f 2724/5425/5382 2725/5426/5383 2741/5427/5384 2740/5428/5385
f 2725/5361/5386 2722/5362/5387 2738/5363/5388 2741/5364/5389
s 5
f 2706/5429/5390 2707/5430/5391 2743/5431/5392 2742/5432/5393
f 2707/5430/5391 2708/5433/5394 2744/5434/5395 2743/5431/5392
f 2708/5433/5394 2709/5435/5396 2745/5436/5397 2744/5434/5395
f 2709/5435/5396 2706/5429/5390 2742/5432/5393 2745/5436/5397
s 6
f 2742/5365/5398 2743/5366/5399 2747/5367/5400 2746/5368/5401
s 7
f 2743/5501/5402 2744/5502/5403 2748/5503/5404 2747/5504/5405
s 8
f 2744/5373/5406 2745/5374/5407 2749/5375/5408 2748/5376/5409
s 9
f 2745/5507/5410 2742/5508/5411 2746/5509/5412 2749/5510/5413
s 6
f 2746/5368/5401 2747/5367/5400 2751/5369/5414 2750/5370/5415
s 7
f 2747/5504/5405 2748/5503/5404 2752/5505/5416 2751/5506/5417
s 8
f 2748/5376/5409 2749/5375/5408 2753/5377/5418 2752/5378/5419
s 9
f 2749/5510/5413 2746/5509/5412 2750/5511/5420 2753/5512/5421
s 6
f 2750/5370/5415 2751/5369/5414 2755/5371/5422 2754/5372/5423
s 7
f 2751/5447/5417 2752/5448/5416 2756/5441/5424 2755/5438/5425
s 8
f 2752/5378/5419 2753/5377/5418 2757/5379/5426 2756/5380/5427
s 9
f 2753/5451/5421 2750/5452/5420 2754/5437/5428 2757/5445/5429
s 10
f 2754/5437/5430 2755/5438/5431 2759/5439/5432 2758/5440/5433
f 2755/5438/5431 2756/5441/5434 2760/5442/5435 2759/5439/5432
f 2756/5441/5434 2757/5445/5436 2761/5446/5437 2760/5442/5435
f 2757/5445/5436 2754/5437/5430 2758/5440/5433 2761/5446/5437
f 2758/5440/5433 2759/5439/5432 2763/5443/5438 2762/5444/5439
f 2759/5439/5432 2760/5442/5435 2764/5449/5440 2763/5443/5438
f 2760/5442/5435 2761/5446/5437 2765/5450/5441 2764/5449/5440
f 2761/5446/5437 2758/5440/5433 2762/5444/5439 2765/5450/5441
s off
f 2762/5381/5442 2763/5382/5443 2767/5383/5444 2766/5384/5445
f 2763/5513/5446 2764/5514/5447 2768/5515/5448 2767/5516/5449
f 2764/5385/5450 2765/5386/5451 2769/5387/5452 2768/5388/5453
f 2765/5517/5454 2762/5518/5455 2766/5519/5456 2769/5520/5457
s 11
usemtl A4SG
f 2770/6109/5458 2771/6110/5459 2924/6111/5460 2925/6112/5461
f 2771/6110/5459 2772/6115/5462 2923/6116/5463 2924/6111/5460
f 2772/6115/5462 2773/6123/5464 2922/6124/5465 2923/6116/5463
f 2773/5550/5464 2774/5546/5466 2921/5544/5467 2922/5548/5465
f 2774/5546/5466 2775/5547/5468 2920/5538/5469 2921/5544/5467
f 2775/6144/5468 2776/6151/5470 2919/6157/5471 2920/6158/5469
f 2776/6151/5470 2777/6159/5472 2918/6165/5473 2919/6157/5471
f 2777/6159/5472 2778/6166/5474 2917/6172/5475 2918/6165/5473
f 2778/6166/5474 2779/6173/5476 2916/6181/5477 2917/6172/5475
f 2779/6173/5476 2780/6182/5478 2915/6187/5479 2916/6181/5477
f 2780/6182/5478 2781/6177/5480 2914/6184/5481 2915/6187/5479
f 2781/6177/5480 2782/6168/5482 2913/6176/5483 2914/6184/5481
f 2782/6168/5482 2783/6161/5484 2912/6175/5485 2913/6176/5483
f 2783/5529/5484 2784/5530/5486 2931/5525/5487 2912/5522/5485
f 2784/5530/5486 2785/5533/5488 2930/5531/5489 2931/5525/5487
f 2785/6146/5488 2786/6139/5490 2929/6140/5491 2930/6147/5489
f 2786/6139/5490 2787/6132/5492 2928/6133/5493 2929/6140/5491
f 2787/6132/5492 2788/6125/5494 2927/6126/5495 2928/6133/5493
f 2788/6125/5494 2789/6117/5496 2926/6118/5497 2927/6126/5495
f 2789/6117/5496 2770/6109/5458 2925/6112/5461 2926/6118/5497
f 2790/6188/5498 2791/6189/5499 2862/6190/5500 2863/6191/5501
f 2791/6189/5499 2792/6192/5502 2861/6193/5503 2862/6190/5500
f 2792/6192/5502 2793/6198/5504 2860/6199/5505 2861/6193/5503
f 2793/6198/5504 2794/6206/5506 2859/6207/5507 2860/6199/5505
f 2794/6206/5506 2795/6215/5508 2858/6216/5509 2859/6207/5507
f 2795/6215/5508 2796/6223/5510 2857/6224/5511 2858/6216/5509
f 2796/6223/5510 2797/6231/5512 2856/6232/5513 2857/6224/5511
f 2797/6231/5512 2798/6239/5514 2855/6240/5515 2856/6232/5513
f 2798/6239/5514 2799/6247/5516 2854/6248/5517 2855/6240/5515
f 2799/6247/5516 2800/6255/5518 2853/6256/5519 2854/6248/5517
f 2800/6255/5518 2801/6261/5520 2852/6262/5521 2853/6256/5519
f 2801/6261/5520 2802/6253/5522 2851/6254/5523 2852/6262/5521
f 2802/6253/5522 2803/6245/5524 2870/6246/5525 2851/6254/5523
f 2803/6245/5524 2804/6237/5526 2869/6238/5527 2870/6246/5525
f 2804/6237/5526 2805/6229/5528 2868/6230/5529 2869/6238/5527
f 2805/6229/5528 2806/6221/5530 2867/6222/5531 2868/6230/5529
f 2806/6221/5530 2807/6213/5532 2866/6214/5533 2867/6222/5531
f 2807/6213/5532 2808/6204/5534 2865/6205/5535 2866/6214/5533
f 2808/6204/5534 2809/6196/5536 2864/6197/5537 2865/6205/5535
f 2809/6196/5536 2790/6188/5498 2863/6191/5501 2864/6197/5537
s 12
f 2810/6202/5538 2811/6201/5539 2830/6210/5540
f 2811/6201/5539 2812/6209/5541 2830/6210/5540
f 2812/6209/5541 2813/6218/5542 2830/6210/5540
f 2813/6218/5542 2814/6226/5543 2830/6210/5540
f 2814/6226/5543 2815/6234/5544 2830/6210/5540
f 2815/6234/5544 2816/6242/5545 2830/6210/5540
f 2816/6242/5545 2817/6250/5546 2830/6210/5540
f 2817/6250/5546 2818/6258/5547 2830/6210/5540
f 2818/6258/5547 2819/6264/5548 2830/6210/5540
f 2819/6264/5548 2820/6267/5549 2830/6210/5540
f 2820/6267/5549 2821/6268/5550 2830/6210/5540
f 2821/6268/5550 2822/6265/5551 2830/6210/5540
f 2822/6265/5551 2823/6259/5552 2830/6210/5540
f 2823/6259/5552 2824/6251/5553 2830/6210/5540
f 2824/6251/5553 2825/6243/5554 2830/6210/5540
f 2825/6243/5554 2826/6235/5555 2830/6210/5540
f 2826/6235/5555 2827/6227/5556 2830/6210/5540
f 2827/6227/5556 2828/6219/5557 2830/6210/5540
f 2828/6219/5557 2829/6211/5558 2830/6210/5540
f 2829/6211/5558 2810/6202/5538 2830/6210/5540
s 13
f 2892/6121/5559 2891/6120/5560 2893/6129/5561
f 2894/6130/5562 2892/6121/5559 2893/6129/5561
f 2895/6136/5563 2894/6130/5562 2893/6129/5561
f 2896/6143/5564 2895/6136/5563 2893/6129/5561
f 2897/6150/5565 2896/6143/5564 2893/6129/5561
f 2898/6156/5566 2897/6150/5565 2893/6129/5561
f 2899/6164/5567 2898/6156/5566 2893/6129/5561
f 2900/6171/5568 2899/6164/5567 2893/6129/5561
f 2901/6180/5569 2900/6171/5568 2893/6129/5561
f 2902/6186/5570 2901/6180/5569 2893/6129/5561
f 2903/6185/5571 2902/6186/5570 2893/6129/5561
f 2904/6179/5572 2903/6185/5571 2893/6129/5561
f 2905/6170/5573 2904/6179/5572 2893/6129/5561
f 2906/6163/5574 2905/6170/5573 2893/6129/5561
f 2907/6155/5575 2906/6163/5574 2893/6129/5561
f 2908/6149/5576 2907/6155/5575 2893/6129/5561
f 2909/6142/5577 2908/6149/5576 2893/6129/5561
f 2910/6135/5578 2909/6142/5577 2893/6129/5561
f 2911/6128/5579 2910/6135/5578 2893/6129/5561
f 2891/6120/5560 2911/6128/5579 2893/6129/5561
s 11
f 2832/6266/5580 2831/6260/5581 2822/6265/5582 2821/6268/5583
f 2833/6263/5584 2832/6266/5580 2821/6268/5583 2820/6267/5585
f 2834/6257/5586 2833/6263/5584 2820/6267/5585 2819/6264/5587
f 2835/6249/5588 2834/6257/5586 2819/6264/5587 2818/6258/5589
f 2836/6241/5590 2835/6249/5588 2818/6258/5589 2817/6250/5591
f 2837/6233/5592 2836/6241/5590 2817/6250/5591 2816/6242/5593
f 2838/6225/5594 2837/6233/5592 2816/6242/5593 2815/6234/5595
f 2839/6217/5596 2838/6225/5594 2815/6234/5595 2814/6226/5597
f 2840/6208/5598 2839/6217/5596 2814/6226/5597 2813/6218/5599
f 2841/6200/5600 2840/6208/5598 2813/6218/5599 2812/6209/5601
f 2842/6194/5602 2841/6200/5600 2812/6209/5601 2811/6201/5603
f 2843/6195/5604 2842/6194/5602 2811/6201/5603 2810/6202/5605
f 2844/6203/5606 2843/6195/5604 2810/6202/5605 2829/6211/5607
f 2845/6212/5608 2844/6203/5606 2829/6211/5607 2828/6219/5609
f 2846/6220/5610 2845/6212/5608 2828/6219/5609 2827/6227/5611
f 2847/6228/5612 2846/6220/5610 2827/6227/5611 2826/6235/5613
f 2848/6236/5614 2847/6228/5612 2826/6235/5613 2825/6243/5615
f 2849/6244/5616 2848/6236/5614 2825/6243/5615 2824/6251/5617
f 2850/6252/5618 2849/6244/5616 2824/6251/5617 2823/6259/5619
f 2831/6260/5581 2850/6252/5618 2823/6259/5619 2822/6265/5582
f 2852/6262/5521 2851/6254/5523 2831/6260/5581 2832/6266/5580
f 2853/6256/5519 2852/6262/5521 2832/6266/5580 2833/6263/5584
f 2854/6248/5517 2853/6256/5519 2833/6263/5584 2834/6257/5586
f 2855/6240/5515 2854/6248/5517 2834/6257/5586 2835/6249/5588
f 2856/6232/5513 2855/6240/5515 2835/6249/5588 2836/6241/5590
f 2857/6224/5511 2856/6232/5513 2836/6241/5590 2837/6233/5592
f 2858/6216/5509 2857/6224/5511 2837/6233/5592 2838/6225/5594
f 2859/6207/5507 2858/6216/5509 2838/6225/5594 2839/6217/5596
f 2860/6199/5505 2859/6207/5507 2839/6217/5596 2840/6208/5598
f 2861/6193/5503 2860/6199/5505 2840/6208/5598 2841/6200/5600
f 2862/6190/5500 2861/6193/5503 2841/6200/5600 2842/6194/5602
f 2863/6191/5501 2862/6190/5500 2842/6194/5602 2843/6195/5604
f 2864/6197/5537 2863/6191/5501 2843/6195/5604 2844/6203/5606
f 2865/6205/5535 2864/6197/5537 2844/6203/5606 2845/6212/5608
f 2866/6214/5533 2865/6205/5535 2845/6212/5608 2846/6220/5610
f 2867/6222/5531 2866/6214/5533 2846/6220/5610 2847/6228/5612
f 2868/6230/5529 2867/6222/5531 2847/6228/5612 2848/6236/5614
f 2869/6238/5527 2868/6230/5529 2848/6236/5614 2849/6244/5616
f 2870/6246/5525 2869/6238/5527 2849/6244/5616 2850/6252/5618
f 2851/6254/5523 2870/6246/5525 2850/6252/5618 2831/6260/5581
s 13
f 2771/6110/5620 2770/6109/5621 2871/6113/5622 2872/6114/5623
f 2772/6115/5624 2771/6110/5620 2872/6114/5623 2873/6122/5625
f 2773/6123/5626 2772/6115/5624 2873/6122/5625 2874/6131/5627
f 2774/6137/5628 2773/6123/5626 2874/6131/5627 2875/6138/5629
f 2775/6144/5630 2774/6137/5628 2875/6138/5629 2876/6145/5631
f 2776/6151/5632 2775/6144/5630 2876/6145/5631 2877/6152/5633
f 2777/6159/5634 2776/6151/5632 2877/6152/5633 2878/6160/5635
f 2778/6166/5636 2777/6159/5634 2878/6160/5635 2879/6167/5637
f 2779/6173/5638 2778/6166/5636 2879/6167/5637 2880/6174/5639
f 2780/6182/5640 2779/6173/5638 2880/6174/5639 2881/6183/5641
f 2781/6177/5642 2780/6182/5640 2881/6183/5641 2882/6178/5643
f 2782/6168/5644 2781/6177/5642 2882/6178/5643 2883/6169/5645
f 2783/6161/5646 2782/6168/5644 2883/6169/5645 2884/6162/5647
f 2784/6153/5648 2783/6161/5646 2884/6162/5647 2885/6154/5649
f 2785/6146/5650 2784/6153/5648 2885/6154/5649 2886/6148/5651
f 2786/6139/5652 2785/6146/5650 2886/6148/5651 2887/6141/5653
f 2787/6132/5654 2786/6139/5652 2887/6141/5653 2888/6134/5655
f 2788/6125/5656 2787/6132/5654 2888/6134/5655 2889/6127/5657
f 2789/6117/5658 2788/6125/5656 2889/6127/5657 2890/6119/5659
f 2770/6109/5621 2789/6117/5658 2890/6119/5659 2871/6113/5622
f 2872/6114/5623 2871/6113/5622 2891/6120/5560 2892/6121/5559
f 2873/6122/5625 2872/6114/5623 2892/6121/5559 2894/6130/5562
f 2874/6131/5627 2873/6122/5625 2894/6130/5562 2895/6136/5563
f 2875/6138/5629 2874/6131/5627 2895/6136/5563 2896/6143/5564
f 2876/6145/5631 2875/6138/5629 2896/6143/5564 2897/6150/5565
f 2877/6152/5633 2876/6145/5631 2897/6150/5565 2898/6156/5566
f 2878/6160/5635 2877/6152/5633 2898/6156/5566 2899/6164/5567
f 2879/6167/5637 2878/6160/5635 2899/6164/5567 2900/6171/5568
f 2880/6174/5639 2879/6167/5637 2900/6171/5568 2901/6180/5569
f 2881/6183/5641 2880/6174/5639 2901/6180/5569 2902/6186/5570
f 2882/6178/5643 2881/6183/5641 2902/6186/5570 2903/6185/5571
f 2883/6169/5645 2882/6178/5643 2903/6185/5571 2904/6179/5572
f 2884/6162/5647 2883/6169/5645 2904/6179/5572 2905/6170/5573
f 2885/6154/5649 2884/6162/5647 2905/6170/5573 2906/6163/5574
f 2886/6148/5651 2885/6154/5649 2906/6163/5574 2907/6155/5575
f 2887/6141/5653 2886/6148/5651 2907/6155/5575 2908/6149/5576
f 2888/6134/5655 2887/6141/5653 2908/6149/5576 2909/6142/5577
f 2889/6127/5657 2888/6134/5655 2909/6142/5577 2910/6135/5578
f 2890/6119/5659 2889/6127/5657 2910/6135/5578 2911/6128/5579
f 2871/6113/5622 2890/6119/5659 2911/6128/5579 2891/6120/5560
s 11
f 2913/5521/5483 2912/5522/5485 2803/5523/5524 2802/5524/5522
f 2914/5527/5481 2913/5521/5483 2802/5524/5522 2801/5528/5520
f 2915/6817/5479 2914/6818/5481 2801/6819/5520 2800/6820/5518
f 2916/6821/5477 2915/6817/5479 2800/6820/5518 2799/6822/5516
f 2917/6823/5475 2916/6821/5477 2799/6822/5516 2798/6824/5514
f 2918/6825/5473 2917/6823/5475 2798/6824/5514 2797/6826/5512
f 2919/5539/5471 2918/5542/5473 2797/5543/5512 2796/5540/5510
f 2920/5538/5469 2919/5539/5471 2796/5540/5510 2795/5541/5508
f 2921/5544/5467 2920/5538/5469 2795/5541/5508 2794/5545/5506
f 2922/5548/5465 2921/5544/5467 2794/5545/5506 2793/5549/5504
f 2923/5551/5463 2922/5548/5465 2793/5549/5504 2792/5552/5502
f 2924/5553/5460 2923/5551/5463 2792/5552/5502 2791/5554/5499
f 2925/6827/5461 2924/6828/5460 2791/6829/5499 2790/6830/5498
f 2926/6831/5497 2925/6827/5461 2790/6830/5498 2809/6832/5536
f 2927/6833/5495 2926/6831/5497 2809/6832/5536 2808/6834/5534
f 2928/6835/5493 2927/6833/5495 2808/6834/5534 2807/6836/5532
f 2929/5534/5491 2928/5536/5493 2807/5537/5532 2806/5535/5530
f 2930/5531/5489 2929/5534/5491 2806/5535/5530 2805/5532/5528
f 2931/5525/5487 2930/5531/5489 2805/5532/5528 2804/5526/5526
f 2912/5522/5485 2931/5525/5487 2804/5526/5526 2803/5523/5524
s 15
f 2932/6837/5660 2933/6838/5661 3288/6839/5662 3289/6840/5663
f 2933/5563/5661 2934/5555/5664 3287/5558/5665 3288/5564/5662
f 2934/5555/5664 2935/5556/5666 3286/5557/5667 3287/5558/5665
f 2935/5556/5666 2936/5559/5668 3285/5560/5669 3286/5557/5667
f 2936/5559/5668 2937/5565/5670 3284/5566/5671 3285/5560/5669
f 2937/5565/5670 2938/5571/5672 3283/5572/5673 3284/5566/5671
f 2938/5571/5672 2939/5578/5674 3282/5579/5675 3283/5572/5673
f 2939/6857/5674 2940/6858/5676 3301/6859/5677 3282/6860/5675
f 2940/6858/5676 2941/6861/5678 3300/6862/5679 3301/6859/5677
f 2941/6861/5678 2942/6865/5680 3299/6866/5681 3300/6862/5679
f 2942/6865/5680 2943/6870/5682 3298/6871/5683 3299/6866/5681
f 2943/5659/5682 2944/5651/5684 3297/5654/5685 3298/5660/5683
f 2944/5651/5684 2945/5652/5686 3296/5653/5687 3297/5654/5685
f 2945/5652/5686 2946/5655/5688 3295/5656/5689 3296/5653/5687
f 2946/5655/5688 2947/5661/5690 3294/5662/5691 3295/5656/5689
f 2947/5661/5690 2948/5667/5692 3293/5668/5693 3294/5662/5691
f 2948/5667/5692 2949/5674/5694 3292/5675/5695 3293/5668/5693
f 2949/6852/5694 2950/6848/5696 3291/6849/5697 3292/6853/5695
f 2950/6848/5696 2951/6843/5698 3290/6844/5699 3291/6849/5697
f 2951/6843/5698 2932/6837/5660 3289/6840/5663 3290/6844/5699
s 16
f 2933/6269/5700 2932/6270/5701 2972/6271/5702
f 2934/6273/5703 2933/6269/5700 2972/6271/5702
f 2935/6275/5704 2934/6273/5703 2972/6271/5702
f 2936/6277/5705 2935/6275/5704 2972/6271/5702
f 2937/6279/5706 2936/6277/5705 2972/6271/5702
f 2938/6281/5707 2937/6279/5706 2972/6271/5702
f 2939/6283/5708 2938/6281/5707 2972/6271/5702
f 2940/6285/5709 2939/6283/5708 2972/6271/5702
f 2941/6287/5710 2940/6285/5709 2972/6271/5702
f 2942/6289/5711 2941/6287/5710 2972/6271/5702
f 2943/6288/5712 2942/6289/5711 2972/6271/5702
f 2944/6286/5713 2943/6288/5712 2972/6271/5702
f 2945/6284/5714 2944/6286/5713 2972/6271/5702
f 2946/6282/5715 2945/6284/5714 2972/6271/5702
f 2947/6280/5716 2946/6282/5715 2972/6271/5702
f 2948/6278/5717 2947/6280/5716 2972/6271/5702
f 2949/6276/5718 2948/6278/5717 2972/6271/5702
f 2950/6274/5719 2949/6276/5718 2972/6271/5702
f 2951/6272/5720 2950/6274/5719 2972/6271/5702
f 2932/6270/5701 2951/6272/5720 2972/6271/5702
s 17
f 3033/6290/5721 3034/6291/5722 3035/6292/5723
f 3034/6291/5722 3036/6293/5724 3035/6292/5723
f 3036/6293/5724 3037/6295/5725 3035/6292/5723
f 3037/6295/5725 3038/6297/5726 3035/6292/5723
f 3038/6297/5726 3039/6299/5727 3035/6292/5723
f 3039/6299/5727 3040/6301/5728 3035/6292/5723
f 3040/6301/5728 3041/6303/5729 3035/6292/5723
f 3041/6303/5729 3042/6305/5730 3035/6292/5723
f 3042/6305/5730 3043/6307/5731 3035/6292/5723
f 3043/6307/5731 3044/6309/5732 3035/6292/5723
f 3044/6309/5732 3045/6310/5733 3035/6292/5723
f 3045/6310/5733 3046/6308/5734 3035/6292/5723
f 3046/6308/5734 3047/6306/5735 3035/6292/5723
f 3047/6306/5735 3048/6304/5736 3035/6292/5723
f 3048/6304/5736 3049/6302/5737 3035/6292/5723
f 3049/6302/5737 3050/6300/5738 3035/6292/5723
f 3050/6300/5738 3051/6298/5739 3035/6292/5723
f 3051/6298/5739 3052/6296/5740 3035/6292/5723
f 3052/6296/5740 3053/6294/5741 3035/6292/5723
f 3053/6294/5741 3033/6290/5721 3035/6292/5723
s 15
f 2952/6877/5742 2953/6878/5743 3277/6879/5744 3278/6880/5745
f 2953/5627/5743 2954/5619/5746 3276/5626/5747 3277/5634/5744
f 2954/5619/5746 2955/5611/5748 3275/5618/5749 3276/5626/5747
f 2955/5611/5748 2956/5610/5750 3274/5617/5751 3275/5618/5749
f 2956/5610/5750 2957/5616/5752 3273/5623/5753 3274/5617/5751
f 2957/5616/5752 2958/5622/5754 3272/5629/5755 3273/5623/5753
f 2958/5622/5754 2959/5628/5756 3271/5635/5757 3272/5629/5755
f 2959/6922/5756 2960/6923/5758 3270/6924/5759 3271/6925/5757
f 2960/6923/5758 2961/6928/5760 3269/6929/5761 3270/6924/5759
f 2961/6928/5760 2962/6935/5762 3268/6936/5763 3269/6929/5761
f 2962/6935/5762 2963/6944/5764 3267/6945/5765 3268/6936/5763
f 2963/5723/5764 2964/5715/5766 3266/5722/5767 3267/5730/5765
f 2964/5715/5766 2965/5707/5768 3265/5714/5769 3266/5722/5767
f 2965/5707/5768 2966/5706/5770 3264/5713/5771 3265/5714/5769
f 2966/5706/5770 2967/5712/5772 3263/5719/5773 3264/5713/5771
f 2967/5712/5772 2968/5718/5774 3262/5725/5775 3263/5719/5773
f 2968/5718/5774 2969/5724/5776 3281/5731/5777 3262/5725/5775
f 2969/6903/5776 2970/6893/5778 3280/6894/5779 3281/6904/5777
f 2970/6893/5778 2971/6885/5780 3279/6886/5781 3280/6894/5779
f 2971/6885/5780 2952/6877/5742 3278/6880/5745 3279/6886/5781
f 2973/6884/5782 2974/6883/5783 3257/6890/5784 3258/6891/5785
f 2974/5641/5783 2975/5633/5786 3256/5640/5787 3257/5646/5784
f 2975/5633/5786 2976/5625/5788 3255/5632/5789 3256/5640/5787
f 2976/5625/5788 2977/5624/5790 3254/5631/5791 3255/5632/5789
f 2977/5624/5790 2978/5630/5792 3253/5637/5793 3254/5631/5791
f 2978/5630/5792 2979/5636/5794 3252/5643/5795 3253/5637/5793
f 2979/5636/5794 2980/5642/5796 3251/5647/5797 3252/5643/5795
f 2980/6931/5796 2981/6930/5798 3250/6938/5799 3251/6939/5797
f 2981/6930/5798 2982/6937/5800 3249/6946/5801 3250/6938/5799
f 2982/6937/5800 2983/6955/5802 3248/6956/5803 3249/6946/5801
f 2983/6955/5802 2984/6954/5804 3247/6961/5805 3248/6956/5803
f 2984/5737/5804 2985/5729/5806 3246/5736/5807 3247/5742/5805
f 2985/5729/5806 2986/5721/5808 3245/5728/5809 3246/5736/5807
f 2986/5721/5808 2987/5720/5810 3244/5727/5811 3245/5728/5809
f 2987/5720/5810 2988/5726/5812 3243/5733/5813 3244/5727/5811
f 2988/5726/5812 2989/5732/5814 3242/5739/5815 3243/5733/5813
f 2989/5732/5814 2990/5738/5816 3261/5743/5817 3242/5739/5815
f 2990/6912/5816 2991/6902/5818 3260/6911/5819 3261/6917/5817
f 2991/6902/5818 2992/6892/5820 3259/6901/5821 3260/6911/5819
f 2992/6892/5820 2973/6884/5782 3258/6891/5785 3259/6901/5821
s 19
f 2993/6311/5822 2994/6312/5823 3014/6313/5824 3013/6314/5825
f 2994/6312/5823 2995/6315/5826 3015/6316/5827 3014/6313/5824
f 2995/6315/5826 2996/6319/5828 3016/6320/5829 3015/6316/5827
s 20
f 3078/6375/5830 3079/6376/5831 3080/6377/5832 3081/6378/5833
f 3079/6376/5831 3082/6379/5834 3083/6380/5835 3080/6377/5832
s 19
f 2998/6335/5836 2999/6343/5837 3019/6344/5838 3018/6337/5839
f 2999/6343/5837 3000/6347/5840 3020/6348/5841 3019/6344/5838
f 3000/6347/5840 3001/6351/5842 3021/6352/5843 3020/6348/5841
s 22
f 3084/6381/5844 3085/6382/5845 3086/6383/5846 3087/6384/5847
f 3085/6382/5845 3088/6385/5848 3089/6386/5849 3086/6383/5846
s 19
f 3003/6367/5850 3004/6373/5851 3024/6374/5852 3023/6369/5853
f 3004/6373/5851 3005/6371/5854 3025/6372/5855 3024/6374/5852
f 3005/6371/5854 3006/6361/5856 3026/6359/5857 3025/6372/5855
s 24
f 3090/6387/5858 3091/6388/5859 3092/6389/5860 3093/6390/5861
f 3091/6388/5859 3094/6391/5862 3095/6392/5863 3092/6389/5860
s 19
f 3008/6345/5864 3009/6341/5865 3029/6342/5866 3028/6346/5867
f 3009/6341/5865 3010/6339/5868 3030/6340/5869 3029/6342/5866
f 3010/6339/5868 3011/6329/5870 3031/6327/5871 3030/6340/5869
s 26
f 3096/6393/5872 3097/6394/5873 3098/6395/5874 3099/6396/5875
f 3097/6394/5873 3100/6397/5876 3101/6398/5877 3098/6395/5874
s 27
f 3013/6967/5878 3014/6968/5879 3034/6969/5880 3033/6970/5881
f 3014/5753/5879 3015/5747/5882 3036/5750/5883 3034/5754/5880
f 3015/5747/5882 3016/5748/5884 3037/5749/5885 3036/5750/5883
f 3016/5748/5884 3017/5751/5886 3038/5752/5887 3037/5749/5885
f 3017/5751/5886 3018/5755/5888 3039/5756/5889 3038/5752/5887
f 3018/5755/5888 3019/5757/5890 3040/5758/5891 3039/5756/5889
f 3019/5757/5890 3020/5759/5892 3041/5760/5893 3040/5758/5891
f 3020/6977/5892 3021/6978/5894 3042/6979/5895 3041/6980/5893
f 3021/6978/5894 3022/6981/5896 3043/6982/5897 3042/6979/5895
f 3022/6981/5896 3023/6983/5898 3044/6984/5899 3043/6982/5897
f 3023/6983/5898 3024/6985/5900 3045/6986/5901 3044/6984/5899
f 3024/5767/5900 3025/5761/5902 3046/5764/5903 3045/5768/5901
f 3025/5761/5902 3026/5762/5904 3047/5763/5905 3046/5764/5903
f 3026/5762/5904 3027/5765/5906 3048/5766/5907 3047/5763/5905
f 3027/5765/5906 3028/5769/5908 3049/5770/5909 3048/5766/5907
f 3028/5769/5908 3029/5771/5910 3050/5772/5911 3049/5770/5909
f 3029/5771/5910 3030/5773/5912 3051/5774/5913 3050/5772/5911
f 3030/6975/5912 3031/6973/5914 3052/6974/5915 3051/6976/5913
f 3031/6973/5914 3032/6971/5916 3053/6972/5917 3052/6974/5915
f 3032/6971/5916 3013/6967/5878 3033/6970/5881 3053/6972/5917
s 19
f 2996/6319/5828 2997/6331/5918 3055/6332/5919 3054/6325/5920
f 3017/6333/5921 3016/6320/5829 3057/6326/5922 3056/6334/5923
f 3016/6320/5829 2996/6319/5828 3054/6325/5920 3057/6326/5922
f 2997/6331/5918 2998/6335/5836 3058/6336/5924 3055/6332/5919
f 2998/6335/5836 3018/6337/5839 3059/6338/5925 3058/6336/5924
f 3018/6337/5839 3017/6333/5921 3056/6334/5923 3059/6338/5925
f 3001/6351/5842 3002/6363/5926 3061/6364/5927 3060/6357/5928
f 3022/6365/5929 3021/6352/5843 3063/6358/5930 3062/6366/5931
f 3021/6352/5843 3001/6351/5842 3060/6357/5928 3063/6358/5930
f 3002/6363/5926 3003/6367/5850 3064/6368/5932 3061/6364/5927
f 3003/6367/5850 3023/6369/5853 3065/6370/5933 3064/6368/5932
f 3023/6369/5853 3022/6365/5929 3062/6366/5931 3065/6370/5933
f 3006/6361/5856 3007/6355/5934 3067/6356/5935 3066/6362/5936
f 3027/6353/5937 3026/6359/5857 3069/6360/5938 3068/6354/5939
f 3026/6359/5857 3006/6361/5856 3066/6362/5936 3069/6360/5938
f 3007/6355/5934 3008/6345/5864 3070/6350/5940 3067/6356/5935
f 3008/6345/5864 3028/6346/5867 3071/6349/5941 3070/6350/5940
f 3028/6346/5867 3027/6353/5937 3068/6354/5939 3071/6349/5941
f 3011/6329/5870 3012/6323/5942 3073/6324/5943 3072/6330/5944
f 3032/6321/5945 3031/6327/5871 3075/6328/5946 3074/6322/5947
f 3031/6327/5871 3011/6329/5870 3072/6330/5944 3075/6328/5946
f 3012/6323/5942 2993/6311/5822 3076/6318/5948 3073/6324/5943
f 2993/6311/5822 3013/6314/5825 3077/6317/5949 3076/6318/5948
f 3013/6314/5825 3032/6321/5945 3074/6322/5947 3077/6317/5949
s off
f 3054/5775/5950 3055/5776/5951 3079/5777/5952 3078/5778/5953
s 32
f 3056/5781/5954 3057/5782/5955 3081/5783/5956 3080/5784/5957
s off
f 3057/6987/5958 3054/6988/5959 3078/6989/5960 3081/6990/5961
f 3055/5776/5962 3058/5779/5963 3082/5780/5964 3079/5777/5965
f 3058/6991/5966 3059/6992/5967 3083/6993/5968 3082/6994/5969
s 32
f 3059/5785/5970 3056/5781/5954 3080/5784/5957 3083/5786/5971
s off
f 3060/6995/5972 3061/6996/5973 3085/6997/5974 3084/6998/5975
f 3062/7001/5976 3063/7002/5977 3087/7003/5978 3086/7004/5979
f 3063/5787/5980 3060/5788/5981 3084/5789/5982 3087/5790/5983
f 3061/6996/5984 3064/6999/5985 3088/7000/5986 3085/6997/5987
f 3064/5791/5988 3065/5792/5989 3089/5793/5990 3088/5794/5991
f 3065/7005/5992 3062/7001/5993 3086/7004/5994 3089/7006/5995
f 3066/5795/5996 3067/5796/5997 3091/5797/5998 3090/5798/5999
s 33
f 3068/5801/6000 3069/5802/6001 3093/5803/6002 3092/5804/6003
s off
f 3069/7007/6004 3066/7008/6005 3090/7009/6006 3093/7010/6007
f 3067/5796/6008 3070/5799/6009 3094/5800/6010 3091/5797/6011
f 3070/7011/6012 3071/7012/6013 3095/7013/6014 3094/7014/6015
s 33
f 3071/5805/6016 3068/5801/6000 3092/5804/6003 3095/5806/6017
s off
f 3072/7015/6018 3073/7016/6019 3097/7017/6020 3096/7018/6021
f 3074/7021/6022 3075/7022/6023 3099/7023/6024 3098/7024/6025
f 3075/5807/6026 3072/5808/6027 3096/5809/6028 3099/5810/6029
f 3073/7016/6030 3076/7019/6031 3100/7020/6032 3097/7017/6033
f 3076/5811/6034 3077/5812/6035 3101/5813/6036 3100/5814/6037
f 3077/7025/6038 3074/7021/6039 3098/7024/6040 3101/7026/6041
s 15
f 3103/5587/6042 3102/5586/6043 3172/5591/6044 3173/5592/6045
f 3104/5596/6046 3103/5587/6042 3173/5592/6045 3174/5597/6047
f 3105/5604/6048 3104/5596/6046 3174/5597/6047 3175/5605/6049
f 3106/6905/6050 3105/6906/6048 3175/6896/6049 3176/6895/6051
f 3107/6913/6052 3106/6905/6050 3176/6895/6051 3177/6907/6053
f 3108/6918/6054 3107/6913/6052 3177/6907/6053 3178/6914/6055
f 3109/6921/6056 3108/6918/6054 3178/6914/6055 3179/6919/6057
f 3110/5694/6058 3109/5702/6056 3179/5703/6057 3180/5695/6059
f 3111/5686/6060 3110/5694/6058 3180/5695/6059 3181/5689/6061
f 3112/5682/6062 3111/5686/6060 3181/5689/6061 3162/5687/6063
f 3113/5683/6064 3112/5682/6062 3162/5687/6063 3163/5688/6065
f 3114/5692/6066 3113/5683/6064 3163/5688/6065 3164/5693/6067
f 3115/5700/6068 3114/5692/6066 3164/5693/6067 3165/5701/6069
f 3116/6963/6070 3115/6966/6068 3165/6964/6069 3166/6959/6071
f 3117/6958/6072 3116/6963/6070 3166/6959/6071 3167/6951/6073
f 3118/6950/6074 3117/6958/6072 3167/6951/6073 3168/6941/6075
f 3119/6949/6076 3118/6950/6074 3168/6941/6075 3169/6940/6077
f 3120/5598/6078 3119/5606/6076 3169/5607/6077 3170/5599/6079
f 3121/5590/6080 3120/5598/6078 3170/5599/6079 3171/5593/6081
f 3102/5586/6043 3121/5590/6080 3171/5593/6081 3172/5591/6044
f 3123/5671/6082 3122/5678/6083 3112/5682/6062 3113/5683/6064
f 3124/6399/6084 3123/6400/6082 3113/6401/6064 3114/6402/6066
f 3125/6403/6085 3124/6399/6084 3114/6402/6066 3115/6404/6068
f 3126/6405/6086 3125/6403/6085 3115/6404/6068 3116/6406/6070
f 3127/6407/6087 3126/6405/6086 3116/6406/6070 3117/6408/6072
f 3128/6409/6088 3127/6407/6087 3117/6408/6072 3118/6410/6074
f 3129/6411/6089 3128/6409/6088 3118/6410/6074 3119/6412/6076
f 3130/6413/6090 3129/6411/6089 3119/6412/6076 3120/6414/6078
f 3131/6415/6091 3130/6413/6090 3120/6414/6078 3121/6416/6080
f 3132/5582/6092 3131/5585/6091 3121/5590/6080 3102/5586/6043
f 3133/5575/6093 3132/5582/6092 3102/5586/6043 3103/5587/6042
f 3134/6417/6094 3133/6418/6093 3103/6419/6042 3104/6420/6046
f 3135/6421/6095 3134/6417/6094 3104/6420/6046 3105/6422/6048
f 3136/6423/6096 3135/6421/6095 3105/6422/6048 3106/6424/6050
f 3137/6425/6097 3136/6423/6096 3106/6424/6050 3107/6426/6052
f 3138/6427/6098 3137/6425/6097 3107/6426/6052 3108/6428/6054
f 3139/6429/6099 3138/6427/6098 3108/6428/6054 3109/6430/6056
f 3140/6431/6100 3139/6429/6099 3109/6430/6056 3110/6432/6058
f 3141/6433/6101 3140/6431/6100 3110/6432/6058 3111/6434/6060
f 3122/5678/6083 3141/5681/6101 3111/5686/6060 3112/5682/6062
f 3143/6435/6102 3142/6436/6103 3124/6437/6084 3125/6438/6085
f 3144/6439/6104 3143/6435/6102 3125/6438/6085 3126/6440/6086
f 3145/6441/6105 3144/6439/6104 3126/6440/6086 3127/6442/6087
f 3146/6443/6106 3145/6441/6105 3127/6442/6087 3128/6444/6088
f 3147/6445/6107 3146/6443/6106 3128/6444/6088 3129/6446/6089
f 3148/6447/6108 3147/6445/6107 3129/6446/6089 3130/6448/6090
f 3149/5581/6109 3148/5584/6108 3130/5589/6090 3131/5585/6091
f 3150/5574/6110 3149/5581/6109 3131/5585/6091 3132/5582/6092
f 3151/5568/6111 3150/5574/6110 3132/5582/6092 3133/5575/6093
f 3152/5569/6112 3151/5568/6111 3133/5575/6093 3134/5576/6094
f 3153/6449/6113 3152/6450/6112 3134/6451/6094 3135/6452/6095
f 3154/6453/6114 3153/6449/6113 3135/6452/6095 3136/6454/6096
f 3155/6455/6115 3154/6453/6114 3136/6454/6096 3137/6456/6097
f 3156/6457/6116 3155/6455/6115 3137/6456/6097 3138/6458/6098
f 3157/6459/6117 3156/6457/6116 3138/6458/6098 3139/6460/6099
f 3158/6461/6118 3157/6459/6117 3139/6460/6099 3140/6462/6100
f 3159/5677/6119 3158/5680/6118 3140/5685/6100 3141/5681/6101
f 3160/5670/6120 3159/5677/6119 3141/5681/6101 3122/5678/6083
f 3161/5664/6121 3160/5670/6120 3122/5678/6083 3123/5671/6082
f 3142/5665/6103 3161/5664/6121 3123/5671/6082 3124/5672/6084
f 3163/5688/6065 3162/5687/6063 3214/5690/6122 3215/5691/6123
f 3164/5693/6067 3163/5688/6065 3215/5691/6123 3216/5699/6124
f 3165/5701/6069 3164/5693/6067 3216/5699/6124 3217/5709/6125
f 3166/6959/6071 3165/6964/6069 3217/6960/6125 3218/6952/6126
f 3167/6951/6073 3166/6959/6071 3218/6952/6126 3219/6942/6127
f 3168/6941/6075 3167/6951/6073 3219/6942/6127 3220/6933/6128
f 3169/6940/6077 3168/6941/6075 3220/6933/6128 3221/6932/6129
f 3170/5599/6079 3169/5607/6077 3221/5614/6129 3202/5608/6130
f 3171/5593/6081 3170/5599/6079 3202/5608/6130 3203/5600/6131
f 3172/5591/6044 3171/5593/6081 3203/5600/6131 3204/5594/6132
f 3173/5592/6045 3172/5591/6044 3204/5594/6132 3205/5595/6133
f 3174/5597/6047 3173/5592/6045 3205/5595/6133 3206/5603/6134
f 3175/5605/6049 3174/5597/6047 3206/5603/6134 3207/5613/6135
f 3176/6895/6051 3175/6896/6049 3207/6888/6135 3208/6887/6136
f 3177/6907/6053 3176/6895/6051 3208/6887/6136 3209/6897/6137
f 3178/6914/6055 3177/6907/6053 3209/6897/6137 3210/6908/6138
f 3179/6919/6057 3178/6914/6055 3210/6908/6138 3211/6915/6139
f 3180/5695/6059 3179/5703/6057 3211/5710/6139 3212/5704/6140
f 3181/5689/6061 3180/5695/6059 3212/5704/6140 3213/5696/6141
f 3162/5687/6063 3181/5689/6061 3213/5696/6141 3214/5690/6122
f 3183/5657/6142 3182/5663/6143 3160/5670/6120 3161/5664/6121
f 3184/5658/6144 3183/5657/6142 3161/5664/6121 3142/5665/6103
f 3185/5666/6145 3184/5658/6144 3142/5665/6103 3143/5673/6102
f 3186/6872/6146 3185/6874/6145 3143/6876/6102 3144/6875/6104
f 3187/6867/6147 3186/6872/6146 3144/6875/6104 3145/6873/6105
f 3188/6863/6148 3187/6867/6147 3145/6873/6105 3146/6868/6106
f 3189/6864/6149 3188/6863/6148 3146/6868/6106 3147/6869/6107
f 3190/5580/6150 3189/5583/6149 3147/5588/6107 3148/5584/6108
f 3191/5573/6151 3190/5580/6150 3148/5584/6108 3149/5581/6109
f 3192/5567/6152 3191/5573/6151 3149/5581/6109 3150/5574/6110
f 3193/5561/6153 3192/5567/6152 3150/5574/6110 3151/5568/6111
f 3194/5562/6154 3193/5561/6153 3151/5568/6111 3152/5569/6112
f 3195/5570/6155 3194/5562/6154 3152/5569/6112 3153/5577/6113
f 3196/6842/6156 3195/6841/6155 3153/6845/6113 3154/6846/6114
f 3197/6847/6157 3196/6842/6156 3154/6846/6114 3155/6850/6115
f 3198/6851/6158 3197/6847/6157 3155/6850/6115 3156/6854/6116
f 3199/6855/6159 3198/6851/6158 3156/6854/6116 3157/6856/6117
f 3200/5676/6160 3199/5679/6159 3157/5684/6117 3158/5680/6118
f 3201/5669/6161 3200/5676/6160 3158/5680/6118 3159/5677/6119
f 3182/5663/6143 3201/5669/6161 3159/5677/6119 3160/5670/6120
f 3203/5600/6131 3202/5608/6130 3232/5615/6162 3233/5609/6163
f 3204/5594/6132 3203/5600/6131 3233/5609/6163 3234/5601/6164
f 3205/5595/6133 3204/5594/6132 3234/5601/6164 3235/5602/6165
f 3206/5603/6134 3205/5595/6133 3235/5602/6165 3236/5612/6166
f 3207/5613/6135 3206/5603/6134 3236/5612/6166 3237/5620/6167
f 3208/6887/6136 3207/6888/6135 3237/6882/6167 3238/6881/6168
f 3209/6897/6137 3208/6887/6136 3238/6881/6168 3239/6889/6169
f 3210/6908/6138 3209/6897/6137 3239/6889/6169 3240/6898/6170
f 3211/6915/6139 3210/6908/6138 3240/6898/6170 3241/6909/6171
f 3212/5704/6140 3211/5710/6139 3241/5717/6171 3222/5711/6172
f 3213/5696/6141 3212/5704/6140 3222/5711/6172 3223/5705/6173
f 3214/5690/6122 3213/5696/6141 3223/5705/6173 3224/5697/6174
f 3215/5691/6123 3214/5690/6122 3224/5697/6174 3225/5698/6175
f 3216/5699/6124 3215/5691/6123 3225/5698/6175 3226/5708/6176
f 3217/5709/6125 3216/5699/6124 3226/5708/6176 3227/5716/6177
f 3218/6952/6126 3217/6960/6125 3227/6953/6177 3228/6943/6178
f 3219/6942/6127 3218/6952/6126 3228/6943/6178 3229/6934/6179
f 3220/6933/6128 3219/6942/6127 3229/6934/6179 3230/6927/6180
f 3221/6932/6129 3220/6933/6128 3230/6927/6180 3231/6926/6181
f 3202/5608/6130 3221/5614/6129 3231/5621/6181 3232/5615/6162
f 3223/5705/6173 3222/5711/6172 2968/5718/5774 2967/5712/5772
f 3224/5697/6174 3223/5705/6173 2967/5712/5772 2966/5706/5770
f 3225/5698/6175 3224/5697/6174 2966/5706/5770 2965/5707/5768
f 3226/5708/6176 3225/5698/6175 2965/5707/5768 2964/5715/5766
f 3227/5716/6177 3226/5708/6176 2964/5715/5766 2963/5723/5764
f 3228/6943/6178 3227/6953/6177 2963/6944/5764 2962/6935/5762
f 3229/6934/6179 3228/6943/6178 2962/6935/5762 2961/6928/5760
f 3230/6927/6180 3229/6934/6179 2961/6928/5760 2960/6923/5758
f 3231/6926/6181 3230/6927/6180 2960/6923/5758 2959/6922/5756
f 3232/5615/6162 3231/5621/6181 2959/5628/5756 2958/5622/5754
f 3233/5609/6163 3232/5615/6162 2958/5622/5754 2957/5616/5752
f 3234/5601/6164 3233/5609/6163 2957/5616/5752 2956/5610/5750
f 3235/5602/6165 3234/5601/6164 2956/5610/5750 2955/5611/5748
f 3236/5612/6166 3235/5602/6165 2955/5611/5748 2954/5619/5746
f 3237/5620/6167 3236/5612/6166 2954/5619/5746 2953/5627/5743
f 3238/6881/6168 3237/6882/6167 2953/6878/5743 2952/6877/5742
f 3239/6889/6169 3238/6881/6168 2952/6877/5742 2971/6885/5780
f 3240/6898/6170 3239/6889/6169 2971/6885/5780 2970/6893/5778
f 3241/6909/6171 3240/6898/6170 2970/6893/5778 2969/6903/5776
f 3222/5711/6172 3241/5717/6171 2969/5724/5776 2968/5718/5774
f 3243/5733/5813 3242/5739/5815 3009/5744/6182 3008/5740/6183
f 3244/5727/5811 3243/5733/5813 3008/5740/6183 3007/5734/6184
f 3245/5728/5809 3244/5727/5811 3007/5734/6184 3006/5735/6185
f 3246/5736/5807 3245/5728/5809 3006/5735/6185 3005/5741/6186
f 3247/5742/5805 3246/5736/5807 3005/5741/6186 3004/5745/6187
f 3248/6956/5803 3247/6961/5805 3004/6965/6187 3003/6962/6188
f 3249/6946/5801 3248/6956/5803 3003/6962/6188 3002/6957/6189
f 3250/6938/5799 3249/6946/5801 3002/6957/6189 3001/6947/6190
f 3251/6939/5797 3250/6938/5799 3001/6947/6190 3000/6948/6191
f 3252/5643/5795 3251/5647/5797 3000/5650/6191 2999/5648/6192
f 3253/5637/5793 3252/5643/5795 2999/5648/6192 2998/5644/6193
f 3254/5631/5791 3253/5637/5793 2998/5644/6193 2997/5638/6194
f 3255/5632/5789 3254/5631/5791 2997/5638/6194 2996/5639/6195
f 3256/5640/5787 3255/5632/5789 2996/5639/6195 2995/5645/6196
f 3257/5646/5784 3256/5640/5787 2995/5645/6196 2994/5649/6197
f 3258/6891/5785 3257/6890/5784 2994/6899/6197 2993/6900/6198
f 3259/6901/5821 3258/6891/5785 2993/6900/6198 3012/6910/6199
f 3260/6911/5819 3259/6901/5821 3012/6910/6199 3011/6916/6200
f 3261/6917/5817 3260/6911/5819 3011/6916/6200 3010/6920/6201
f 3242/5739/5815 3261/5743/5817 3010/5746/6201 3009/5744/6182
f 3263/5719/5773 3262/5725/5775 2989/5732/5814 2988/5726/5812
f 3264/5713/5771 3263/5719/5773 2988/5726/5812 2987/5720/5810
f 3265/5714/5769 3264/5713/5771 2987/5720/5810 2986/5721/5808
f 3266/5722/5767 3265/5714/5769 2986/5721/5808 2985/5729/5806
f 3267/5730/5765 3266/5722/5767 2985/5729/5806 2984/5737/5804
f 3268/6936/5763 3267/6945/5765 2984/6954/5804 2983/6955/5802
f 3269/7027/5761 3268/7028/5763 2983/7029/5802 2982/7030/5800
f 3270/6924/5759 3269/6929/5761 2982/6937/5800 2981/6930/5798
f 3271/6925/5757 3270/6924/5759 2981/6930/5798 2980/6931/5796
f 3272/5629/5755 3271/5635/5757 2980/5642/5796 2979/5636/5794
f 3273/5623/5753 3272/5629/5755 2979/5636/5794 2978/5630/5792
f 3274/5617/5751 3273/5623/5753 2978/5630/5792 2977/5624/5790
f 3275/5618/5749 3274/5617/5751 2977/5624/5790 2976/5625/5788
f 3276/5626/5747 3275/5618/5749 2976/5625/5788 2975/5633/5786
f 3277/5634/5744 3276/5626/5747 2975/5633/5786 2974/5641/5783
f 3278/6880/5745 3277/6879/5744 2974/6883/5783 2973/6884/5782
f 3279/6886/5781 3278/6880/5745 2973/6884/5782 2992/6892/5820
f 3280/6894/5779 3279/6886/5781 2992/6892/5820 2991/6902/5818
f 3281/6904/5777 3280/6894/5779 2991/6902/5818 2990/6912/5816
f 3262/5725/5775 3281/5731/5777 2990/5738/5816 2989/5732/5814
f 3283/5572/5673 3282/5579/5675 3189/5583/6149 3190/5580/6150
f 3284/5566/5671 3283/5572/5673 3190/5580/6150 3191/5573/6151
f 3285/5560/5669 3284/5566/5671 3191/5573/6151 3192/5567/6152
f 3286/5557/5667 3285/5560/5669 3192/5567/6152 3193/5561/6153
f 3287/5558/5665 3286/5557/5667 3193/5561/6153 3194/5562/6154
f 3288/5564/5662 3287/5558/5665 3194/5562/6154 3195/5570/6155
f 3289/6840/5663 3288/6839/5662 3195/6841/6155 3196/6842/6156
f 3290/6844/5699 3289/6840/5663 3196/6842/6156 3197/6847/6157
f 3291/6849/5697 3290/6844/5699 3197/6847/6157 3198/6851/6158
f 3292/6853/5695 3291/6849/5697 3198/6851/6158 3199/6855/6159
f 3293/5668/5693 3292/5675/5695 3199/5679/6159 3200/5676/6160
f 3294/5662/5691 3293/5668/5693 3200/5676/6160 3201/5669/6161
f 3295/5656/5689 3294/5662/5691 3201/5669/6161 3182/5663/6143
f 3296/5653/5687 3295/5656/5689 3182/5663/6143 3183/5657/6142
f 3297/5654/5685 3296/5653/5687 3183/5657/6142 3184/5658/6144
f 3298/5660/5683 3297/5654/5685 3184/5658/6144 3185/5666/6145
f 3299/6866/5681 3298/6871/5683 3185/6874/6145 3186/6872/6146
f 3300/6862/5679 3299/6866/5681 3186/6872/6146 3187/6867/6147
f 3301/6859/5677 3300/6862/5679 3187/6867/6147 3188/6863/6148
f 3282/6860/5675 3301/6859/5677 3188/6863/6148 3189/6864/6149
s 35
f 3302/6463/6202 3303/6464/6203 3456/6465/6204 3457/6466/6205
f 3303/6464/6203 3304/6469/6206 3455/6470/6207 3456/6465/6204
f 3304/6469/6206 3305/6477/6208 3454/6478/6209 3455/6470/6207
f 3305/5844/6208 3306/5840/6210 3453/5838/6211 3454/5842/6209
f 3306/5840/6210 3307/5841/6212 3452/5832/6213 3453/5838/6211
f 3307/6498/6212 3308/6505/6214 3451/6511/6215 3452/6512/6213
f 3308/6505/6214 3309/6513/6216 3450/6519/6217 3451/6511/6215
f 3309/6513/6216 3310/6520/6218 3449/6526/6219 3450/6519/6217
f 3310/6520/6218 3311/6527/6220 3448/6535/6221 3449/6526/6219
f 3311/6527/6220 3312/6536/6222 3447/6541/6223 3448/6535/6221
f 3312/6536/6222 3313/6531/6224 3446/6538/6225 3447/6541/6223
f 3313/6531/6224 3314/6522/6226 3445/6530/6227 3446/6538/6225
f 3314/6522/6226 3315/6515/6228 3444/6529/6229 3445/6530/6227
f 3315/5823/6228 3316/5824/6230 3463/5819/6231 3444/5816/6229
f 3316/5824/6230 3317/5827/6232 3462/5825/6233 3463/5819/6231
f 3317/6500/6232 3318/6493/6234 3461/6494/6235 3462/6501/6233
f 3318/6493/6234 3319/6486/6236 3460/6487/6237 3461/6494/6235
f 3319/6486/6236 3320/6479/6238 3459/6480/6239 3460/6487/6237
f 3320/6479/6238 3321/6471/6240 3458/6472/6241 3459/6480/6239
f 3321/6471/6240 3302/6463/6202 3457/6466/6205 3458/6472/6241
f 3322/6542/6242 3323/6543/6243 3394/6544/6244 3395/6545/6245
f 3323/6543/6243 3324/6546/6246 3393/6547/6247 3394/6544/6244
f 3324/6546/6246 3325/6552/6248 3392/6553/6249 3393/6547/6247
f 3325/6552/6248 3326/6560/6250 3391/6561/6251 3392/6553/6249
f 3326/6560/6250 3327/6569/6252 3390/6570/6253 3391/6561/6251
f 3327/6569/6252 3328/6577/6254 3389/6578/6255 3390/6570/6253
f 3328/6577/6254 3329/6585/6256 3388/6586/6257 3389/6578/6255
f 3329/6585/6256 3330/6593/6258 3387/6594/6259 3388/6586/6257
f 3330/6593/6258 3331/6601/6260 3386/6602/6261 3387/6594/6259
f 3331/6601/6260 3332/6609/6262 3385/6610/6263 3386/6602/6261
f 3332/6609/6262 3333/6615/6264 3384/6616/6265 3385/6610/6263
f 3333/6615/6264 3334/6607/6266 3383/6608/6267 3384/6616/6265
f 3334/6607/6266 3335/6599/6268 3402/6600/6269 3383/6608/6267
f 3335/6599/6268 3336/6591/6270 3401/6592/6271 3402/6600/6269
f 3336/6591/6270 3337/6583/6272 3400/6584/6273 3401/6592/6271
f 3337/6583/6272 3338/6575/6274 3399/6576/6275 3400/6584/6273
f 3338/6575/6274 3339/6567/6276 3398/6568/6277 3399/6576/6275
f 3339/6567/6276 3340/6558/6278 3397/6559/6279 3398/6568/6277
f 3340/6558/6278 3341/6550/6280 3396/6551/6281 3397/6559/6279
f 3341/6550/6280 3322/6542/6242 3395/6545/6245 3396/6551/6281
s 36
f 3342/6556/6282 3343/6555/6283 3362/6564/6284
f 3343/6555/6283 3344/6563/6285 3362/6564/6284
f 3344/6563/6285 3345/6572/6286 3362/6564/6284
f 3345/6572/6286 3346/6580/6287 3362/6564/6284
f 3346/6580/6287 3347/6588/6288 3362/6564/6284
f 3347/6588/6288 3348/6596/6289 3362/6564/6284
f 3348/6596/6289 3349/6604/6290 3362/6564/6284
f 3349/6604/6290 3350/6612/6291 3362/6564/6284
f 3350/6612/6291 3351/6618/6292 3362/6564/6284
f 3351/6618/6292 3352/6621/6293 3362/6564/6284
f 3352/6621/6293 3353/6622/6294 3362/6564/6284
f 3353/6622/6294 3354/6619/6295 3362/6564/6284
f 3354/6619/6295 3355/6613/6296 3362/6564/6284
f 3355/6613/6296 3356/6605/6297 3362/6564/6284
f 3356/6605/6297 3357/6597/6298 3362/6564/6284
f 3357/6597/6298 3358/6589/6299 3362/6564/6284
f 3358/6589/6299 3359/6581/6300 3362/6564/6284
f 3359/6581/6300 3360/6573/6301 3362/6564/6284
f 3360/6573/6301 3361/6565/6302 3362/6564/6284
f 3361/6565/6302 3342/6556/6282 3362/6564/6284
s 37
f 3424/6475/6303 3423/6474/6304 3425/6483/6305
f 3426/6484/6306 3424/6475/6303 3425/6483/6305
f 3427/6490/6307 3426/6484/6306 3425/6483/6305
f 3428/6497/6308 3427/6490/6307 3425/6483/6305
f 3429/6504/6309 3428/6497/6308 3425/6483/6305
f 3430/6510/6310 3429/6504/6309 3425/6483/6305
f 3431/6518/6311 3430/6510/6310 3425/6483/6305
f 3432/6525/6312 3431/6518/6311 3425/6483/6305
f 3433/6534/6313 3432/6525/6312 3425/6483/6305
f 3434/6540/6314 3433/6534/6313 3425/6483/6305
f 3435/6539/6315 3434/6540/6314 3425/6483/6305
f 3436/6533/6316 3435/6539/6315 3425/6483/6305
f 3437/6524/6317 3436/6533/6316 3425/6483/6305
f 3438/6517/6318 3437/6524/6317 3425/6483/6305
f 3439/6509/6319 3438/6517/6318 3425/6483/6305
f 3440/6503/6320 3439/6509/6319 3425/6483/6305
f 3441/6496/6321 3440/6503/6320 3425/6483/6305
f 3442/6489/6322 3441/6496/6321 3425/6483/6305
f 3443/6482/6323 3442/6489/6322 3425/6483/6305
f 3423/6474/6304 3443/6482/6323 3425/6483/6305
s 35
f 3364/6620/6324 3363/6614/6325 3354/6619/6326 3353/6622/6327
f 3365/6617/6328 3364/6620/6324 3353/6622/6327 3352/6621/6329
f 3366/6611/6330 3365/6617/6328 3352/6621/6329 3351/6618/6331
f 3367/6603/6332 3366/6611/6330 3351/6618/6331 3350/6612/6333
f 3368/6595/6334 3367/6603/6332 3350/6612/6333 3349/6604/6335
f 3369/6587/6336 3368/6595/6334 3349/6604/6335 3348/6596/6337
f 3370/6579/6338 3369/6587/6336 3348/6596/6337 3347/6588/6339
f 3371/6571/6340 3370/6579/6338 3347/6588/6339 3346/6580/6341
f 3372/6562/6342 3371/6571/6340 3346/6580/6341 3345/6572/6343
f 3373/6554/6344 3372/6562/6342 3345/6572/6343 3344/6563/6345
f 3374/6548/6346 3373/6554/6344 3344/6563/6345 3343/6555/6347
f 3375/6549/6348 3374/6548/6346 3343/6555/6347 3342/6556/6349
f 3376/6557/6350 3375/6549/6348 3342/6556/6349 3361/6565/6351
f 3377/6566/6352 3376/6557/6350 3361/6565/6351 3360/6573/6353
f 3378/6574/6354 3377/6566/6352 3360/6573/6353 3359/6581/6355
f 3379/6582/6356 3378/6574/6354 3359/6581/6355 3358/6589/6357
f 3380/6590/6358 3379/6582/6356 3358/6589/6357 3357/6597/6359
f 3381/6598/6360 3380/6590/6358 3357/6597/6359 3356/6605/6361
f 3382/6606/6362 3381/6598/6360 3356/6605/6361 3355/6613/6363
f 3363/6614/6325 3382/6606/6362 3355/6613/6363 3354/6619/6326
f 3384/6616/6265 3383/6608/6267 3363/6614/6325 3364/6620/6324
f 3385/6610/6263 3384/6616/6265 3364/6620/6324 3365/6617/6328
f 3386/6602/6261 3385/6610/6263 3365/6617/6328 3366/6611/6330
f 3387/6594/6259 3386/6602/6261 3366/6611/6330 3367/6603/6332
f 3388/6586/6257 3387/6594/6259 3367/6603/6332 3368/6595/6334
f 3389/6578/6255 3388/6586/6257 3368/6595/6334 3369/6587/6336
f 3390/6570/6253 3389/6578/6255 3369/6587/6336 3370/6579/6338
f 3391/6561/6251 3390/6570/6253 3370/6579/6338 3371/6571/6340
f 3392/6553/6249 3391/6561/6251 3371/6571/6340 3372/6562/6342
f 3393/6547/6247 3392/6553/6249 3372/6562/6342 3373/6554/6344
f 3394/6544/6244 3393/6547/6247 3373/6554/6344 3374/6548/6346
f 3395/6545/6245 3394/6544/6244 3374/6548/6346 3375/6549/6348
f 3396/6551/6281 3395/6545/6245 3375/6549/6348 3376/6557/6350
f 3397/6559/6279 3396/6551/6281 3376/6557/6350 3377/6566/6352
f 3398/6568/6277 3397/6559/6279 3377/6566/6352 3378/6574/6354
f 3399/6576/6275 3398/6568/6277 3378/6574/6354 3379/6582/6356
f 3400/6584/6273 3399/6576/6275 3379/6582/6356 3380/6590/6358
f 3401/6592/6271 3400/6584/6273 3380/6590/6358 3381/6598/6360
f 3402/6600/6269 3401/6592/6271 3381/6598/6360 3382/6606/6362
f 3383/6608/6267 3402/6600/6269 3382/6606/6362 3363/6614/6325
s 37
f 3303/6464/6364 3302/6463/6365 3403/6467/6366 3404/6468/6367
f 3304/6469/6368 3303/6464/6364 3404/6468/6367 3405/6476/6369
f 3305/6477/6370 3304/6469/6368 3405/6476/6369 3406/6485/6371
f 3306/6491/6372 3305/6477/6370 3406/6485/6371 3407/6492/6373
f 3307/6498/6374 3306/6491/6372 3407/6492/6373 3408/6499/6375
f 3308/6505/6376 3307/6498/6374 3408/6499/6375 3409/6506/6377
f 3309/6513/6378 3308/6505/6376 3409/6506/6377 3410/6514/6379
f 3310/6520/6380 3309/6513/6378 3410/6514/6379 3411/6521/6381
f 3311/6527/6382 3310/6520/6380 3411/6521/6381 3412/6528/6383
f 3312/6536/6384 3311/6527/6382 3412/6528/6383 3413/6537/6385
f 3313/6531/6386 3312/6536/6384 3413/6537/6385 3414/6532/6387
f 3314/6522/6388 3313/6531/6386 3414/6532/6387 3415/6523/6389
f 3315/6515/6390 3314/6522/6388 3415/6523/6389 3416/6516/6391
f 3316/6507/6392 3315/6515/6390 3416/6516/6391 3417/6508/6393
f 3317/6500/6394 3316/6507/6392 3417/6508/6393 3418/6502/6395
f 3318/6493/6396 3317/6500/6394 3418/6502/6395 3419/6495/6397
f 3319/6486/6398 3318/6493/6396 3419/6495/6397 3420/6488/6399
f 3320/6479/6400 3319/6486/6398 3420/6488/6399 3421/6481/6401
f 3321/6471/6402 3320/6479/6400 3421/6481/6401 3422/6473/6403
f 3302/6463/6365 3321/6471/6402 3422/6473/6403 3403/6467/6366
f 3404/6468/6367 3403/6467/6366 3423/6474/6304 3424/6475/6303
f 3405/6476/6369 3404/6468/6367 3424/6475/6303 3426/6484/6306
f 3406/6485/6371 3405/6476/6369 3426/6484/6306 3427/6490/6307
f 3407/6492/6373 3406/6485/6371 3427/6490/6307 3428/6497/6308
f 3408/6499/6375 3407/6492/6373 3428/6497/6308 3429/6504/6309
f 3409/6506/6377 3408/6499/6375 3429/6504/6309 3430/6510/6310
f 3410/6514/6379 3409/6506/6377 3430/6510/6310 3431/6518/6311
f 3411/6521/6381 3410/6514/6379 3431/6518/6311 3432/6525/6312
f 3412/6528/6383 3411/6521/6381 3432/6525/6312 3433/6534/6313
f 3413/6537/6385 3412/6528/6383 3433/6534/6313 3434/6540/6314
f 3414/6532/6387 3413/6537/6385 3434/6540/6314 3435/6539/6315
f 3415/6523/6389 3414/6532/6387 3435/6539/6315 3436/6533/6316
f 3416/6516/6391 3415/6523/6389 3436/6533/6316 3437/6524/6317
f 3417/6508/6393 3416/6516/6391 3437/6524/6317 3438/6517/6318
f 3418/6502/6395 3417/6508/6393 3438/6517/6318 3439/6509/6319
f 3419/6495/6397 3418/6502/6395 3439/6509/6319 3440/6503/6320
f 3420/6488/6399 3419/6495/6397 3440/6503/6320 3441/6496/6321
f 3421/6481/6401 3420/6488/6399 3441/6496/6321 3442/6489/6322
f 3422/6473/6403 3421/6481/6401 3442/6489/6322 3443/6482/6323
f 3403/6467/6366 3422/6473/6403 3443/6482/6323 3423/6474/6304
s 35
f 3445/5815/6227 3444/5816/6229 3335/5817/6268 3334/5818/6266
f 3446/5821/6225 3445/5815/6227 3334/5818/6266 3333/5822/6264
f 3447/7031/6223 3446/7032/6225 3333/7033/6264 3332/7034/6262
f 3448/7035/6221 3447/7031/6223 3332/7034/6262 3331/7036/6260
f 3449/7037/6219 3448/7035/6221 3331/7036/6260 3330/7038/6258
f 3450/7039/6217 3449/7037/6219 3330/7038/6258 3329/7040/6256
f 3451/5833/6215 3450/5836/6217 3329/5837/6256 3328/5834/6254
f 3452/5832/6213 3451/5833/6215 3328/5834/6254 3327/5835/6252
f 3453/5838/6211 3452/5832/6213 3327/5835/6252 3326/5839/6250
f 3454/5842/6209 3453/5838/6211 3326/5839/6250 3325/5843/6248
f 3455/5845/6207 3454/5842/6209 3325/5843/6248 3324/5846/6246
f 3456/5847/6204 3455/5845/6207 3324/5846/6246 3323/5848/6243
f 3457/7041/6205 3456/7042/6204 3323/7043/6243 3322/7044/6242
f 3458/7045/6241 3457/7041/6205 3322/7044/6242 3341/7046/6280
f 3459/7047/6239 3458/7045/6241 3341/7046/6280 3340/7048/6278
f 3460/7049/6237 3459/7047/6239 3340/7048/6278 3339/7050/6276
f 3461/5828/6235 3460/5830/6237 3339/5831/6276 3338/5829/6274
f 3462/5825/6233 3461/5828/6235 3338/5829/6274 3337/5826/6272
f 3463/5819/6231 3462/5825/6233 3337/5826/6272 3336/5820/6270
f 3444/5816/6229 3463/5819/6231 3336/5820/6270 3335/5817/6268
s 39
f 3464/7051/6404 3465/7052/6405 3820/7053/6406 3821/7054/6407
f 3465/5857/6405 3466/5849/6408 3819/5852/6409 3820/5858/6406
f 3466/5849/6408 3467/5850/6410 3818/5851/6411 3819/5852/6409
f 3467/5850/6410 3468/5853/6412 3817/5854/6413 3818/5851/6411
f 3468/5853/6412 3469/5859/6414 3816/5860/6415 3817/5854/6413
f 3469/5859/6414 3470/5865/6416 3815/5866/6417 3816/5860/6415
f 3470/5865/6416 3471/5872/6418 3814/5873/6419 3815/5866/6417
f 3471/7071/6418 3472/7072/6420 3833/7073/6421 3814/7074/6419
f 3472/7072/6420 3473/7075/6422 3832/7076/6423 3833/7073/6421
f 3473/7075/6422 3474/7079/6424 3831/7080/6425 3832/7076/6423
f 3474/7079/6424 3475/7084/6426 3830/7085/6427 3831/7080/6425
f 3475/5953/6426 3476/5945/6428 3829/5948/6429 3830/5954/6427
f 3476/5945/6428 3477/5946/6430 3828/5947/6431 3829/5948/6429
f 3477/5946/6430 3478/5949/6432 3827/5950/6433 3828/5947/6431
f 3478/5949/6432 3479/5955/6434 3826/5956/6435 3827/5950/6433
f 3479/5955/6434 3480/5961/6436 3825/5962/6437 3826/5956/6435
f 3480/5961/6436 3481/5968/6438 3824/5969/6439 3825/5962/6437
f 3481/7066/6438 3482/7062/6440 3823/7063/6441 3824/7067/6439
f 3482/7062/6440 3483/7057/6442 3822/7058/6443 3823/7063/6441
f 3483/7057/6442 3464/7051/6404 3821/7054/6407 3822/7058/6443
s 40
f 3465/6623/6444 3464/6624/6445 3504/6625/6446
f 3466/6627/6447 3465/6623/6444 3504/6625/6446
f 3467/6629/6448 3466/6627/6447 3504/6625/6446
f 3468/6631/6449 3467/6629/6448 3504/6625/6446
f 3469/6633/6450 3468/6631/6449 3504/6625/6446
f 3470/6635/6451 3469/6633/6450 3504/6625/6446
f 3471/6637/6452 3470/6635/6451 3504/6625/6446
f 3472/6639/6453 3471/6637/6452 3504/6625/6446
f 3473/6641/6454 3472/6639/6453 3504/6625/6446
f 3474/6643/6455 3473/6641/6454 3504/6625/6446
f 3475/6642/6456 3474/6643/6455 3504/6625/6446
f 3476/6640/6457 3475/6642/6456 3504/6625/6446
f 3477/6638/6458 3476/6640/6457 3504/6625/6446
f 3478/6636/6459 3477/6638/6458 3504/6625/6446
f 3479/6634/6460 3478/6636/6459 3504/6625/6446
f 3480/6632/6461 3479/6634/6460 3504/6625/6446
f 3481/6630/6462 3480/6632/6461 3504/6625/6446
f 3482/6628/6463 3481/6630/6462 3504/6625/6446
f 3483/6626/6464 3482/6628/6463 3504/6625/6446
f 3464/6624/6445 3483/6626/6464 3504/6625/6446
s 41
f 3565/6644/6465 3566/6645/6466 3567/6646/6467
f 3566/6645/6466 3568/6647/6468 3567/6646/6467
f 3568/6647/6468 3569/6649/6469 3567/6646/6467
f 3569/6649/6469 3570/6651/6470 3567/6646/6467
f 3570/6651/6470 3571/6653/6471 3567/6646/6467
f 3571/6653/6471 3572/6655/6472 3567/6646/6467
f 3572/6655/6472 3573/6657/6473 3567/6646/6467
f 3573/6657/6473 3574/6659/6474 3567/6646/6467
f 3574/6659/6474 3575/6661/6475 3567/6646/6467
f 3575/6661/6475 3576/6663/6476 3567/6646/6467
f 3576/6663/6476 3577/6664/6477 3567/6646/6467
f 3577/6664/6477 3578/6662/6478 3567/6646/6467
f 3578/6662/6478 3579/6660/6479 3567/6646/6467
f 3579/6660/6479 3580/6658/6480 3567/6646/6467
f 3580/6658/6480 3581/6656/6481 3567/6646/6467
f 3581/6656/6481 3582/6654/6482 3567/6646/6467
f 3582/6654/6482 3583/6652/6483 3567/6646/6467
f 3583/6652/6483 3584/6650/6484 3567/6646/6467
f 3584/6650/6484 3585/6648/6485 3567/6646/6467
f 3585/6648/6485 3565/6644/6465 3567/6646/6467
s 39
f 3484/7091/6486 3485/7092/6487 3809/7093/6488 3810/7094/6489
f 3485/5921/6487 3486/5913/6490 3808/5920/6491 3809/5928/6488
f 3486/5913/6490 3487/5905/6492 3807/5912/6493 3808/5920/6491
f 3487/5905/6492 3488/5904/6494 3806/5911/6495 3807/5912/6493
f 3488/5904/6494 3489/5910/6496 3805/5917/6497 3806/5911/6495
f 3489/5910/6496 3490/5916/6498 3804/5923/6499 3805/5917/6497
f 3490/5916/6498 3491/5922/6500 3803/5929/6501 3804/5923/6499
f 3491/7136/6500 3492/7137/6502 3802/7138/6503 3803/7139/6501
f 3492/7137/6502 3493/7142/6504 3801/7143/6505 3802/7138/6503
f 3493/7142/6504 3494/7149/6506 3800/7150/6507 3801/7143/6505
f 3494/7149/6506 3495/7158/6508 3799/7159/6509 3800/7150/6507
f 3495/6017/6508 3496/6009/6510 3798/6016/6511 3799/6024/6509
f 3496/6009/6510 3497/6001/6512 3797/6008/6513 3798/6016/6511
f 3497/6001/6512 3498/6000/6514 3796/6007/6515 3797/6008/6513
f 3498/6000/6514 3499/6006/6516 3795/6013/6517 3796/6007/6515
f 3499/6006/6516 3500/6012/6518 3794/6019/6519 3795/6013/6517
f 3500/6012/6518 3501/6018/6520 3813/6025/6521 3794/6019/6519
f 3501/7117/6520 3502/7107/6522 3812/7108/6523 3813/7118/6521
f 3502/7107/6522 3503/7099/6524 3811/7100/6525 3812/7108/6523
f 3503/7099/6524 3484/7091/6486 3810/7094/6489 3811/7100/6525
f 3505/7098/6526 3506/7097/6527 3789/7104/6528 3790/7105/6529
f 3506/5935/6527 3507/5927/6530 3788/5934/6531 3789/5940/6528
f 3507/5927/6530 3508/5919/6532 3787/5926/6533 3788/5934/6531
f 3508/5919/6532 3509/5918/6534 3786/5925/6535 3787/5926/6533
f 3509/5918/6534 3510/5924/6536 3785/5931/6537 3786/5925/6535
f 3510/5924/6536 3511/5930/6538 3784/5937/6539 3785/5931/6537
f 3511/5930/6538 3512/5936/6540 3783/5941/6541 3784/5937/6539
f 3512/7145/6540 3513/7144/6542 3782/7152/6543 3783/7153/6541
f 3513/7144/6542 3514/7151/6544 3781/7161/6545 3782/7152/6543
f 3514/7151/6544 3515/7160/6546 3780/7170/6547 3781/7161/6545
f 3515/7160/6546 3516/7169/6548 3779/7175/6549 3780/7170/6547
f 3516/6031/6548 3517/6023/6550 3778/6030/6551 3779/6036/6549
f 3517/6023/6550 3518/6015/6552 3777/6022/6553 3778/6030/6551
f 3518/6015/6552 3519/6014/6554 3776/6021/6555 3777/6022/6553
f 3519/6014/6554 3520/6020/6556 3775/6027/6557 3776/6021/6555
f 3520/6020/6556 3521/6026/6558 3774/6033/6559 3775/6027/6557
f 3521/6026/6558 3522/6032/6560 3793/6037/6561 3774/6033/6559
f 3522/7126/6560 3523/7116/6562 3792/7125/6563 3793/7131/6561
f 3523/7116/6562 3524/7106/6564 3791/7115/6565 3792/7125/6563
f 3524/7106/6564 3505/7098/6526 3790/7105/6529 3791/7115/6565
s 43
f 3525/6665/6566 3526/6666/6567 3546/6667/6568 3545/6668/6569
f 3526/6666/6567 3527/6669/6570 3547/6670/6571 3546/6667/6568
f 3527/6669/6570 3528/6673/6572 3548/6674/6573 3547/6670/6571
s 44
f 3610/6729/6574 3611/6730/6575 3612/6731/6576 3613/6732/6577
f 3611/6730/6575 3614/6733/6578 3615/6734/6579 3612/6731/6576
s 43
f 3530/6689/6580 3531/6697/6581 3551/6698/6582 3550/6691/6583
f 3531/6697/6581 3532/6701/6584 3552/6702/6585 3551/6698/6582
f 3532/6701/6584 3533/6705/6586 3553/6706/6587 3552/6702/6585
s 46
f 3616/6735/6588 3617/6736/6589 3618/6737/6590 3619/6738/6591
f 3617/6736/6589 3620/6739/6592 3621/6740/6593 3618/6737/6590
s 43
f 3535/6721/6594 3536/6727/6595 3556/6728/6596 3555/6723/6597
f 3536/6727/6595 3537/6725/6598 3557/6726/6599 3556/6728/6596
f 3537/6725/6598 3538/6715/6600 3558/6713/6601 3557/6726/6599
s 48
f 3622/6741/6602 3623/6742/6603 3624/6743/6604 3625/6744/6605
f 3623/6742/6603 3626/6745/6606 3627/6746/6607 3624/6743/6604
s 43
f 3540/6699/6608 3541/6695/6609 3561/6696/6610 3560/6700/6611
f 3541/6695/6609 3542/6693/6612 3562/6694/6613 3561/6696/6610
f 3542/6693/6612 3543/6683/6614 3563/6681/6615 3562/6694/6613
s 50
f 3628/6747/6616 3629/6748/6617 3630/6749/6618 3631/6750/6619
f 3629/6748/6617 3632/6751/6620 3633/6752/6621 3630/6749/6618
s 51
f 3545/7181/6622 3546/7182/6623 3566/7183/6624 3565/7184/6625
f 3546/6047/6623 3547/6041/6626 3568/6044/6627 3566/6048/6624
f 3547/6041/6626 3548/6042/6628 3569/6043/6629 3568/6044/6627
f 3548/6042/6628 3549/6045/6630 3570/6046/6631 3569/6043/6629
f 3549/6045/6630 3550/6049/6632 3571/6050/6633 3570/6046/6631
f 3550/6049/6632 3551/6051/6634 3572/6052/6635 3571/6050/6633
f 3551/6051/6634 3552/6053/6636 3573/6054/6637 3572/6052/6635
f 3552/7191/6636 3553/7192/6638 3574/7193/6639 3573/7194/6637
f 3553/7192/6638 3554/7195/6640 3575/7196/6641 3574/7193/6639
f 3554/7195/6640 3555/7197/6642 3576/7198/6643 3575/7196/6641
f 3555/7197/6642 3556/7199/6644 3577/7200/6645 3576/7198/6643
f 3556/6061/6644 3557/6055/6646 3578/6058/6647 3577/6062/6645
f 3557/6055/6646 3558/6056/6648 3579/6057/6649 3578/6058/6647
f 3558/6056/6648 3559/6059/6650 3580/6060/6651 3579/6057/6649
f 3559/6059/6650 3560/6063/6652 3581/6064/6653 3580/6060/6651
f 3560/6063/6652 3561/6065/6654 3582/6066/6655 3581/6064/6653
f 3561/6065/6654 3562/6067/6656 3583/6068/6657 3582/6066/6655
f 3562/7189/6656 3563/7187/6658 3584/7188/6659 3583/7190/6657
f 3563/7187/6658 3564/7185/6660 3585/7186/6661 3584/7188/6659
f 3564/7185/6660 3545/7181/6622 3565/7184/6625 3585/7186/6661
s 43
f 3528/6673/6572 3529/6685/6662 3587/6686/6663 3586/6679/6664
f 3549/6687/6665 3548/6674/6573 3589/6680/6666 3588/6688/6667
f 3548/6674/6573 3528/6673/6572 3586/6679/6664 3589/6680/6666
f 3529/6685/6662 3530/6689/6580 3590/6690/6668 3587/6686/6663
f 3530/6689/6580 3550/6691/6583 3591/6692/6669 3590/6690/6668
f 3550/6691/6583 3549/6687/6665 3588/6688/6667 3591/6692/6669
f 3533/6705/6586 3534/6717/6670 3593/6718/6671 3592/6711/6672
f 3554/6719/6673 3553/6706/6587 3595/6712/6674 3594/6720/6675
f 3553/6706/6587 3533/6705/6586 3592/6711/6672 3595/6712/6674
f 3534/6717/6670 3535/6721/6594 3596/6722/6676 3593/6718/6671
f 3535/6721/6594 3555/6723/6597 3597/6724/6677 3596/6722/6676
f 3555/6723/6597 3554/6719/6673 3594/6720/6675 3597/6724/6677
f 3538/6715/6600 3539/6709/6678 3599/6710/6679 3598/6716/6680
f 3559/6707/6681 3558/6713/6601 3601/6714/6682 3600/6708/6683
f 3558/6713/6601 3538/6715/6600 3598/6716/6680 3601/6714/6682
f 3539/6709/6678 3540/6699/6608 3602/6704/6684 3599/6710/6679
f 3540/6699/6608 3560/6700/6611 3603/6703/6685 3602/6704/6684
f 3560/6700/6611 3559/6707/6681 3600/6708/6683 3603/6703/6685
f 3543/6683/6614 3544/6677/6686 3605/6678/6687 3604/6684/6688
f 3564/6675/6689 3563/6681/6615 3607/6682/6690 3606/6676/6691
f 3563/6681/6615 3543/6683/6614 3604/6684/6688 3607/6682/6690
f 3544/6677/6686 3525/6665/6566 3608/6672/6692 3605/6678/6687
f 3525/6665/6566 3545/6668/6569 3609/6671/6693 3608/6672/6692
f 3545/6668/6569 3564/6675/6689 3606/6676/6691 3609/6671/6693
s off
f 3586/6069/6694 3587/6070/6695 3611/6071/6696 3610/6072/6697
s 56
f 3588/6075/6698 3589/6076/6699 3613/6077/6700 3612/6078/6701
s off
f 3589/7201/6702 3586/7202/6703 3610/7203/6704 3613/7204/6705
f 3587/6070/6706 3590/6073/6707 3614/6074/6708 3611/6071/6709
f 3590/7205/6710 3591/7206/6711 3615/7207/6712 3614/7208/6713
s 56
f 3591/6079/6714 3588/6075/6698 3612/6078/6701 3615/6080/6715
s off
f 3592/7209/6716 3593/7210/6717 3617/7211/6718 3616/7212/6719
f 3594/7215/6720 3595/7216/6721 3619/7217/6722 3618/7218/6723
f 3595/6081/6724 3592/6082/6725 3616/6083/6726 3619/6084/6727
f 3593/7210/6728 3596/7213/6729 3620/7214/6730 3617/7211/6731
f 3596/6085/6732 3597/6086/6733 3621/6087/6734 3620/6088/6735
f 3597/7219/6736 3594/7215/6737 3618/7218/6738 3621/7220/6739
f 3598/6089/6740 3599/6090/6741 3623/6091/6742 3622/6092/6743
s 57
f 3600/6095/6744 3601/6096/6745 3625/6097/6746 3624/6098/6747
s off
f 3601/7221/6748 3598/7222/6749 3622/7223/6750 3625/7224/6751
f 3599/6090/6752 3602/6093/6753 3626/6094/6754 3623/6091/6755
f 3602/7225/6756 3603/7226/6757 3627/7227/6758 3626/7228/6759
s 57
f 3603/6099/6760 3600/6095/6744 3624/6098/6747 3627/6100/6761
s off
f 3604/7229/6762 3605/7230/6763 3629/7231/6764 3628/7232/6765
f 3606/7235/6766 3607/7236/6767 3631/7237/6768 3630/7238/6769
f 3607/6101/6770 3604/6102/6771 3628/6103/6772 3631/6104/6773
f 3605/7230/6774 3608/7233/6775 3632/7234/6776 3629/7231/6777
f 3608/6105/6778 3609/6106/6779 3633/6107/6780 3632/6108/6781
f 3609/7239/6782 3606/7235/6783 3630/7238/6784 3633/7240/6785
s 39
f 3635/5881/6786 3634/5880/6787 3704/5885/6788 3705/5886/6789
f 3636/5890/6790 3635/5881/6786 3705/5886/6789 3706/5891/6791
f 3637/5898/6792 3636/5890/6790 3706/5891/6791 3707/5899/6793
f 3638/7119/6794 3637/7120/6792 3707/7110/6793 3708/7109/6795
f 3639/7127/6796 3638/7119/6794 3708/7109/6795 3709/7121/6797
f 3640/7132/6798 3639/7127/6796 3709/7121/6797 3710/7128/6799
f 3641/7135/6800 3640/7132/6798 3710/7128/6799 3711/7133/6801
f 3642/5988/6802 3641/5996/6800 3711/5997/6801 3712/5989/6803
f 3643/5980/6804 3642/5988/6802 3712/5989/6803 3713/5983/6805
f 3644/5976/6806 3643/5980/6804 3713/5983/6805 3694/5981/6807
f 3645/5977/6808 3644/5976/6806 3694/5981/6807 3695/5982/6809
f 3646/5986/6810 3645/5977/6808 3695/5982/6809 3696/5987/6811
f 3647/5994/6812 3646/5986/6810 3696/5987/6811 3697/5995/6813
f 3648/7177/6814 3647/7180/6812 3697/7178/6813 3698/7173/6815
f 3649/7172/6816 3648/7177/6814 3698/7173/6815 3699/7166/6817
f 3650/7165/6818 3649/7172/6816 3699/7166/6817 3700/7155/6819
f 3651/7164/6820 3650/7165/6818 3700/7155/6819 3701/7154/6821
f 3652/5892/6822 3651/5900/6820 3701/5901/6821 3702/5893/6823
f 3653/5884/6824 3652/5892/6822 3702/5893/6823 3703/5887/6825
f 3634/5880/6787 3653/5884/6824 3703/5887/6825 3704/5885/6788
f 3655/5965/6826 3654/5972/6827 3644/5976/6806 3645/5977/6808
f 3656/6753/6828 3655/6754/6826 3645/6755/6808 3646/6756/6810
f 3657/6757/6829 3656/6753/6828 3646/6756/6810 3647/6758/6812
f 3658/6759/6830 3657/6757/6829 3647/6758/6812 3648/6760/6814
f 3659/6761/6831 3658/6759/6830 3648/6760/6814 3649/6762/6816
f 3660/6763/6832 3659/6761/6831 3649/6762/6816 3650/6764/6818
f 3661/6765/6833 3660/6763/6832 3650/6764/6818 3651/6766/6820
f 3662/6767/6834 3661/6765/6833 3651/6766/6820 3652/6768/6822
f 3663/6769/6835 3662/6767/6834 3652/6768/6822 3653/6770/6824
f 3664/5876/6836 3663/5879/6835 3653/5884/6824 3634/5880/6787
f 3665/5869/6837 3664/5876/6836 3634/5880/6787 3635/5881/6786
f 3666/6771/6838 3665/6772/6837 3635/6773/6786 3636/6774/6790
f 3667/6775/6839 3666/6771/6838 3636/6774/6790 3637/6776/6792
f 3668/6777/6840 3667/6775/6839 3637/6776/6792 3638/6778/6794
f 3669/6779/6841 3668/6777/6840 3638/6778/6794 3639/6780/6796
f 3670/6781/6842 3669/6779/6841 3639/6780/6796 3640/6782/6798
f 3671/6783/6843 3670/6781/6842 3640/6782/6798 3641/6784/6800
f 3672/6785/6844 3671/6783/6843 3641/6784/6800 3642/6786/6802
f 3673/6787/6845 3672/6785/6844 3642/6786/6802 3643/6788/6804
f 3654/5972/6827 3673/5975/6845 3643/5980/6804 3644/5976/6806
f 3675/6789/6846 3674/6790/6847 3656/6791/6828 3657/6792/6829
f 3676/6793/6848 3675/6789/6846 3657/6792/6829 3658/6794/6830
f 3677/6795/6849 3676/6793/6848 3658/6794/6830 3659/6796/6831
f 3678/6797/6850 3677/6795/6849 3659/6796/6831 3660/6798/6832
f 3679/6799/6851 3678/6797/6850 3660/6798/6832 3661/6800/6833
f 3680/6801/6852 3679/6799/6851 3661/6800/6833 3662/6802/6834
f 3681/5875/6853 3680/5878/6852 3662/5883/6834 3663/5879/6835
f 3682/5868/6854 3681/5875/6853 3663/5879/6835 3664/5876/6836
f 3683/5862/6855 3682/5868/6854 3664/5876/6836 3665/5869/6837
f 3684/5863/6856 3683/5862/6855 3665/5869/6837 3666/5870/6838
f 3685/6803/6857 3684/6804/6856 3666/6805/6838 3667/6806/6839
f 3686/6807/6858 3685/6803/6857 3667/6806/6839 3668/6808/6840
f 3687/6809/6859 3686/6807/6858 3668/6808/6840 3669/6810/6841
f 3688/6811/6860 3687/6809/6859 3669/6810/6841 3670/6812/6842
f 3689/6813/6861 3688/6811/6860 3670/6812/6842 3671/6814/6843
f 3690/6815/6862 3689/6813/6861 3671/6814/6843 3672/6816/6844
f 3691/5971/6863 3690/5974/6862 3672/5979/6844 3673/5975/6845
f 3692/5964/6864 3691/5971/6863 3673/5975/6845 3654/5972/6827
f 3693/5958/6865 3692/5964/6864 3654/5972/6827 3655/5965/6826
f 3674/5959/6847 3693/5958/6865 3655/5965/6826 3656/5966/6828
f 3695/5982/6809 3694/5981/6807 3746/5984/6866 3747/5985/6867
f 3696/5987/6811 3695/5982/6809 3747/5985/6867 3748/5993/6868
f 3697/5995/6813 3696/5987/6811 3748/5993/6868 3749/6003/6869
f 3698/7173/6815 3697/7178/6813 3749/7174/6869 3750/7167/6870
f 3699/7166/6817 3698/7173/6815 3750/7167/6870 3751/7156/6871
f 3700/7155/6819 3699/7166/6817 3751/7156/6871 3752/7147/6872
f 3701/7154/6821 3700/7155/6819 3752/7147/6872 3753/7146/6873
f 3702/5893/6823 3701/5901/6821 3753/5908/6873 3734/5902/6874
f 3703/5887/6825 3702/5893/6823 3734/5902/6874 3735/5894/6875
f 3704/5885/6788 3703/5887/6825 3735/5894/6875 3736/5888/6876
f 3705/5886/6789 3704/5885/6788 3736/5888/6876 3737/5889/6877
f 3706/5891/6791 3705/5886/6789 3737/5889/6877 3738/5897/6878
f 3707/5899/6793 3706/5891/6791 3738/5897/6878 3739/5907/6879
f 3708/7109/6795 3707/7110/6793 3739/7102/6879 3740/7101/6880
f 3709/7121/6797 3708/7109/6795 3740/7101/6880 3741/7111/6881
f 3710/7128/6799 3709/7121/6797 3741/7111/6881 3742/7122/6882
f 3711/7133/6801 3710/7128/6799 3742/7122/6882 3743/7129/6883
f 3712/5989/6803 3711/5997/6801 3743/6004/6883 3744/5998/6884
f 3713/5983/6805 3712/5989/6803 3744/5998/6884 3745/5990/6885
f 3694/5981/6807 3713/5983/6805 3745/5990/6885 3746/5984/6866
f 3715/5951/6886 3714/5957/6887 3692/5964/6864 3693/5958/6865
f 3716/5952/6888 3715/5951/6886 3693/5958/6865 3674/5959/6847
f 3717/5960/6889 3716/5952/6888 3674/5959/6847 3675/5967/6846
f 3718/7086/6890 3717/7088/6889 3675/7090/6846 3676/7089/6848
f 3719/7081/6891 3718/7086/6890 3676/7089/6848 3677/7087/6849
f 3720/7077/6892 3719/7081/6891 3677/7087/6849 3678/7082/6850
f 3721/7078/6893 3720/7077/6892 3678/7082/6850 3679/7083/6851
f 3722/5874/6894 3721/5877/6893 3679/5882/6851 3680/5878/6852
f 3723/5867/6895 3722/5874/6894 3680/5878/6852 3681/5875/6853
f 3724/5861/6896 3723/5867/6895 3681/5875/6853 3682/5868/6854
f 3725/5855/6897 3724/5861/6896 3682/5868/6854 3683/5862/6855
f 3726/5856/6898 3725/5855/6897 3683/5862/6855 3684/5863/6856
f 3727/5864/6899 3726/5856/6898 3684/5863/6856 3685/5871/6857
f 3728/7056/6900 3727/7055/6899 3685/7059/6857 3686/7060/6858
f 3729/7061/6901 3728/7056/6900 3686/7060/6858 3687/7064/6859
f 3730/7065/6902 3729/7061/6901 3687/7064/6859 3688/7068/6860
f 3731/7069/6903 3730/7065/6902 3688/7068/6860 3689/7070/6861
f 3732/5970/6904 3731/5973/6903 3689/5978/6861 3690/5974/6862
f 3733/5963/6905 3732/5970/6904 3690/5974/6862 3691/5971/6863
f 3714/5957/6887 3733/5963/6905 3691/5971/6863 3692/5964/6864
f 3735/5894/6875 3734/5902/6874 3764/5909/6906 3765/5903/6907
f 3736/5888/6876 3735/5894/6875 3765/5903/6907 3766/5895/6908
f 3737/5889/6877 3736/5888/6876 3766/5895/6908 3767/5896/6909
f 3738/5897/6878 3737/5889/6877 3767/5896/6909 3768/5906/6910
f 3739/5907/6879 3738/5897/6878 3768/5906/6910 3769/5914/6911
f 3740/7101/6880 3739/7102/6879 3769/7096/6911 3770/7095/6912
f 3741/7111/6881 3740/7101/6880 3770/7095/6912 3771/7103/6913
f 3742/7122/6882 3741/7111/6881 3771/7103/6913 3772/7112/6914
f 3743/7129/6883 3742/7122/6882 3772/7112/6914 3773/7123/6915
f 3744/5998/6884 3743/6004/6883 3773/6011/6915 3754/6005/6916
f 3745/5990/6885 3744/5998/6884 3754/6005/6916 3755/5999/6917
f 3746/5984/6866 3745/5990/6885 3755/5999/6917 3756/5991/6918
f 3747/5985/6867 3746/5984/6866 3756/5991/6918 3757/5992/6919
f 3748/5993/6868 3747/5985/6867 3757/5992/6919 3758/6002/6920
f 3749/6003/6869 3748/5993/6868 3758/6002/6920 3759/6010/6921
f 3750/7167/6870 3749/7174/6869 3759/7168/6921 3760/7157/6922
f 3751/7156/6871 3750/7167/6870 3760/7157/6922 3761/7148/6923
f 3752/7147/6872 3751/7156/6871 3761/7148/6923 3762/7141/6924
f 3753/7146/6873 3752/7147/6872 3762/7141/6924 3763/7140/6925
f 3734/5902/6874 3753/5908/6873 3763/5915/6925 3764/5909/6906
f 3755/5999/6917 3754/6005/6916 3500/6012/6518 3499/6006/6516
f 3756/5991/6918 3755/5999/6917 3499/6006/6516 3498/6000/6514
f 3757/5992/6919 3756/5991/6918 3498/6000/6514 3497/6001/6512
f 3758/6002/6920 3757/5992/6919 3497/6001/6512 3496/6009/6510
f 3759/6010/6921 3758/6002/6920 3496/6009/6510 3495/6017/6508
f 3760/7157/6922 3759/7168/6921 3495/7158/6508 3494/7149/6506
f 3761/7148/6923 3760/7157/6922 3494/7149/6506 3493/7142/6504
f 3762/7141/6924 3761/7148/6923 3493/7142/6504 3492/7137/6502
f 3763/7140/6925 3762/7141/6924 3492/7137/6502 3491/7136/6500
f 3764/5909/6906 3763/5915/6925 3491/5922/6500 3490/5916/6498
f 3765/5903/6907 3764/5909/6906 3490/5916/6498 3489/5910/6496
f 3766/5895/6908 3765/5903/6907 3489/5910/6496 3488/5904/6494
f 3767/5896/6909 3766/5895/6908 3488/5904/6494 3487/5905/6492
f 3768/5906/6910 3767/5896/6909 3487/5905/6492 3486/5913/6490
f 3769/5914/6911 3768/5906/6910 3486/5913/6490 3485/5921/6487
f 3770/7095/6912 3769/7096/6911 3485/7092/6487 3484/7091/6486
f 3771/7103/6913 3770/7095/6912 3484/7091/6486 3503/7099/6524
f 3772/7112/6914 3771/7103/6913 3503/7099/6524 3502/7107/6522
f 3773/7123/6915 3772/7112/6914 3502/7107/6522 3501/7117/6520
f 3754/6005/6916 3773/6011/6915 3501/6018/6520 3500/6012/6518
f 3775/6027/6557 3774/6033/6559 3541/6038/6926 3540/6034/6927
f 3776/6021/6555 3775/6027/6557 3540/6034/6927 3539/6028/6928
f 3777/6022/6553 3776/6021/6555 3539/6028/6928 3538/6029/6929
f 3778/6030/6551 3777/6022/6553 3538/6029/6929 3537/6035/6930
f 3779/6036/6549 3778/6030/6551 3537/6035/6930 3536/6039/6931
f 3780/7170/6547 3779/7175/6549 3536/7179/6931 3535/7176/6932
f 3781/7161/6545 3780/7170/6547 3535/7176/6932 3534/7171/6933
f 3782/7152/6543 3781/7161/6545 3534/7171/6933 3533/7162/6934
f 3783/7153/6541 3782/7152/6543 3533/7162/6934 3532/7163/6935
f 3784/5937/6539 3783/5941/6541 3532/5944/6935 3531/5942/6936
f 3785/5931/6537 3784/5937/6539 3531/5942/6936 3530/5938/6937
f 3786/5925/6535 3785/5931/6537 3530/5938/6937 3529/5932/6938
f 3787/5926/6533 3786/5925/6535 3529/5932/6938 3528/5933/6939
f 3788/5934/6531 3787/5926/6533 3528/5933/6939 3527/5939/6940
f 3789/5940/6528 3788/5934/6531 3527/5939/6940 3526/5943/6941
f 3790/7105/6529 3789/7104/6528 3526/7113/6941 3525/7114/6942
f 3791/7115/6565 3790/7105/6529 3525/7114/6942 3544/7124/6943
f 3792/7125/6563 3791/7115/6565 3544/7124/6943 3543/7130/6944
f 3793/7131/6561 3792/7125/6563 3543/7130/6944 3542/7134/6945
f 3774/6033/6559 3793/6037/6561 3542/6040/6945 3541/6038/6926
f 3795/6013/6517 3794/6019/6519 3521/6026/6558 3520/6020/6556
f 3796/6007/6515 3795/6013/6517 3520/6020/6556 3519/6014/6554
f 3797/6008/6513 3796/6007/6515 3519/6014/6554 3518/6015/6552
f 3798/6016/6511 3797/6008/6513 3518/6015/6552 3517/6023/6550
f 3799/6024/6509 3798/6016/6511 3517/6023/6550 3516/6031/6548
f 3800/7150/6507 3799/7159/6509 3516/7169/6548 3515/7160/6546
f 3801/7143/6505 3800/7150/6507 3515/7160/6546 3514/7151/6544
f 3802/7138/6503 3801/7143/6505 3514/7151/6544 3513/7144/6542
f 3803/7139/6501 3802/7138/6503 3513/7144/6542 3512/7145/6540
f 3804/5923/6499 3803/5929/6501 3512/5936/6540 3511/5930/6538
f 3805/5917/6497 3804/5923/6499 3511/5930/6538 3510/5924/6536
f 3806/5911/6495 3805/5917/6497 3510/5924/6536 3509/5918/6534
f 3807/5912/6493 3806/5911/6495 3509/5918/6534 3508/5919/6532
f 3808/5920/6491 3807/5912/6493 3508/5919/6532 3507/5927/6530
f 3809/5928/6488 3808/5920/6491 3507/5927/6530 3506/5935/6527
f 3810/7094/6489 3809/7093/6488 3506/7097/6527 3505/7098/6526
f 3811/7100/6525 3810/7094/6489 3505/7098/6526 3524/7106/6564
f 3812/7108/6523 3811/7100/6525 3524/7106/6564 3523/7116/6562
f 3813/7118/6521 3812/7108/6523 3523/7116/6562 3522/7126/6560
f 3794/6019/6519 3813/6025/6521 3522/6032/6560 3521/6026/6558
f 3815/5866/6417 3814/5873/6419 3721/5877/6893 3722/5874/6894
f 3816/5860/6415 3815/5866/6417 3722/5874/6894 3723/5867/6895
f 3817/5854/6413 3816/5860/6415 3723/5867/6895 3724/5861/6896
f 3818/5851/6411 3817/5854/6413 3724/5861/6896 3725/5855/6897
f 3819/5852/6409 3818/5851/6411 3725/5855/6897 3726/5856/6898
f 3820/5858/6406 3819/5852/6409 3726/5856/6898 3727/5864/6899
f 3821/7054/6407 3820/7053/6406 3727/7055/6899 3728/7056/6900
f 3822/7058/6443 3821/7054/6407 3728/7056/6900 3729/7061/6901
f 3823/7063/6441 3822/7058/6443 3729/7061/6901 3730/7065/6902
f 3824/7067/6439 3823/7063/6441 3730/7065/6902 3731/7069/6903
f 3825/5962/6437 3824/5969/6439 3731/5973/6903 3732/5970/6904
f 3826/5956/6435 3825/5962/6437 3732/5970/6904 3733/5963/6905
f 3827/5950/6433 3826/5956/6435 3733/5963/6905 3714/5957/6887
f 3828/5947/6431 3827/5950/6433 3714/5957/6887 3715/5951/6886
f 3829/5948/6429 3828/5947/6431 3715/5951/6886 3716/5952/6888
f 3830/5954/6427 3829/5948/6429 3716/5952/6888 3717/5960/6889
f 3831/7080/6425 3830/7085/6427 3717/7088/6889 3718/7086/6890
f 3832/7076/6423 3831/7080/6425 3718/7086/6890 3719/7081/6891
f 3833/7073/6421 3832/7076/6423 3719/7081/6891 3720/7077/6892
f 3814/7074/6419 3833/7073/6421 3720/7077/6892 3721/7078/6893
g default
v -4.781245 -0.076360 2.847579
v 4.781245 -0.076360 2.847579
v -4.781245 0.202990 2.847579
v 4.781245 0.202990 2.847579
v -4.781245 0.202990 -2.847579
v 4.781245 0.202990 -2.847579
v -4.781245 -0.076360 -2.847579
v 4.781245 -0.076360 -2.847579
v -4.623196 0.202990 2.683529
v 4.623196 0.202990 2.683529
v 4.623196 0.202990 -2.683529
v -4.623196 0.202990 -2.683529
v -4.781245 -0.003780 2.847579
v 4.781245 -0.003780 2.847579
v 4.781245 0.130410 2.847579
v -4.781245 0.130410 2.847579
v -4.781245 0.130410 -2.847579
v 4.781245 0.130410 -2.847579
v 4.781245 -0.003780 -2.847579
v -4.781245 -0.003780 -2.847579
v -4.720203 -0.003780 2.786538
v 4.720203 -0.003780 2.786538
v 4.720203 0.130410 2.786538
v -4.720203 0.130410 2.786538
v -4.720203 0.130410 -2.786538
v 4.720203 0.130410 -2.786538
v 4.720203 -0.003780 -2.786538
v -4.720203 -0.003780 -2.786538
vt -4.123196 -2.183529
vt 5.123196 -2.183529
vt 5.123196 3.183529
vt -4.123196 3.183529
vt -2.214424 4.323827
vt -2.214424 0.524682
vt -2.122948 0.524682
vt -2.122948 4.323827
vt -2.381778 4.323827
vt -2.381778 0.524682
vt -2.290302 0.524682
vt -2.290302 4.323827
vt -1.671006 4.407051
vt -1.671006 0.524682
vt -1.621529 0.524682
vt -1.621529 4.407051
vt -1.746884 0.524682
vt -1.746884 4.407051
vt -1.796361 4.407051
vt -1.796361 0.524682
vt -1.921716 4.407051
vt -1.921716 0.524682
vt -1.872239 0.524682
vt -1.872239 4.407051
vt -1.997594 0.524682
vt -1.997594 4.407051
vt -2.047071 4.407051
vt -2.047071 0.524682
vt -5.688412 0.475318
vt -5.688412 -6.043396
vt -1.806044 -6.043396
vt -1.806044 0.475318
vt -1.708942 0.475318
vt -1.708942 -6.043396
vt -1.597110 -5.935656
vt -1.597110 0.367576
vt 2.173425 -6.043396
vt 2.061593 -5.935656
vt 2.173425 0.475318
vt 2.061593 0.367576
vt 2.747304 7.043396
vt 2.747304 0.524682
vt 2.788916 0.566294
vt 2.788916 7.001784
vt 6.629672 0.524682
vt 6.588061 0.566294
vt 6.629672 7.043396
vt 6.588061 7.001784
vt 2.671427 0.524682
vt 2.671427 7.043396
vt 2.629815 7.001784
vt 2.629815 0.566294
vt -1.210942 7.043396
vt -1.169330 7.001784
vt -1.210942 0.524682
vt -1.169330 0.566294
vt -1.378296 6.960173
vt -1.378296 0.524682
vt -1.286819 0.524682
vt -1.286819 6.960173
vt -1.545651 6.960173
vt -1.545651 0.524682
vt -1.454173 0.524682
vt -1.454173 6.960173
vt 2.268117 0.475318
vt 2.268117 -6.043396
vt 2.317594 -6.043396
vt 2.317594 0.475318
vt 2.462214 -6.043396
vt 2.462214 0.475318
vt 2.412737 0.475318
vt 2.412737 -6.043396
vt 2.557358 0.475318
vt 2.557358 -6.043396
vt 2.606835 -6.043396
vt 2.606835 0.475318
vt 2.751455 -6.043396
vt 2.751455 0.475318
vt 2.701978 0.475318
vt 2.701978 -6.043396
vn 0.000000 0.000000 1.000000
vn 0.000000 0.000000 1.000000
vn 0.000000 0.000000 1.000000
vn 0.000000 0.000000 1.000000
vn 0.000000 1.000000 0.000000
vn 0.000000 1.000000 0.000000
vn 0.000000 1.000000 -0.000000
vn 0.000000 1.000000 -0.000000
vn 0.000000 0.000000 -1.000000
vn 0.000000 0.000000 -1.000000
vn 0.000000 0.000000 -1.000000
vn 0.000000 0.000000 -1.000000
vn 0.000000 -1.000000 0.000000
vn 0.000000 -1.000000 0.000000
vn 0.000000 -1.000000 0.000000
vn 0.000000 -1.000000 0.000000
vn 1.000000 0.000000 0.000000
vn 1.000000 0.000000 0.000000
vn 1.000000 0.000000 0.000000
vn 1.000000 0.000000 0.000000
vn -1.000000 0.000000 0.000000
vn -1.000000 0.000000 0.000000
vn -1.000000 0.000000 0.000000
vn -1.000000 0.000000 0.000000
vn 0.000000 1.000000 0.000000
vn 0.000000 1.000000 0.000000
vn 0.000000 1.000000 -0.000000
vn 0.000000 1.000000 -0.000000
vn 0.000000 0.000000 1.000000
vn 0.000000 0.000000 1.000000
vn 0.000000 0.000000 1.000000
vn 0.000000 0.000000 1.000000
vn 0.000000 0.000000 1.000000
vn 0.000000 0.000000 1.000000
vn 0.000000 0.000000 1.000000
vn 0.000000 0.000000 1.000000
vn 0.000000 0.000000 -1.000000
vn 0.000000 0.000000 -1.000000
vn 0.000000 0.000000 -1.000000
vn 0.000000 0.000000 -1.000000
vn 0.000000 0.000000 -1.000000
vn 0.000000 0.000000 -1.000000
vn 0.000000 0.000000 -1.000000
vn 0.000000 0.000000 -1.000000
vn 1.000000 0.000000 0.000000
vn 1.000000 0.000000 0.000000
vn 1.000000 0.000000 0.000000
vn 1.000000 0.000000 0.000000
vn 1.000000 0.000000 0.000000
vn 1.000000 0.000000 0.000000
vn 1.000000 0.000000 0.000000
vn 1.000000 0.000000 0.000000
vn -1.000000 0.000000 0.000000
vn -1.000000 0.000000 0.000000
vn -1.000000 0.000000 0.000000
vn -1.000000 0.000000 0.000000
vn -1.000000 0.000000 0.000000
vn -1.000000 0.000000 0.000000
vn -1.000000 0.000000 0.000000
vn -1.000000 0.000000 0.000000
vn 0.000000 1.000000 -0.000000
vn 0.000000 1.000000 -0.000000
vn 0.000000 1.000000 -0.000000
vn 0.000000 1.000000 -0.000000
vn 0.000000 -1.000000 0.000000
vn 0.000000 -1.000000 0.000000
vn 0.000000 -1.000000 0.000000
vn 0.000000 -1.000000 0.000000
vn 0.000000 -1.000000 -0.000000
vn 0.000000 -1.000000 -0.000000
vn 0.000000 -1.000000 -0.000000
vn 0.000000 -1.000000 -0.000000
vn 0.000000 1.000000 0.000000
vn 0.000000 1.000000 0.000000
vn 0.000000 1.000000 0.000000
vn 0.000000 1.000000 0.000000
s off
g House floor
usemtl lambert8SG
f 3854/7297/6946 3855/7298/6947 3856/7299/6948 3857/7300/6949
s 1
usemtl lambert23SG
f 3842/7241/6950 3843/7242/6951 3844/7243/6952 3845/7244/6953
s off
usemtl lambert8SG
f 3858/7301/6954 3859/7302/6955 3860/7303/6956 3861/7304/6957
f 3840/7269/6958 3841/7270/6959 3835/7271/6960 3834/7272/6961
f 3855/7245/6962 3860/7246/6963 3859/7247/6964 3856/7248/6965
f 3861/7249/6966 3854/7250/6967 3857/7251/6968 3858/7252/6969
s 1
f 3836/7273/6970 3837/7274/6971 3843/7275/6951 3842/7276/6950
f 3837/7274/6971 3839/7277/6972 3844/7278/6952 3843/7275/6951
f 3839/7277/6972 3838/7279/6973 3845/7280/6953 3844/7278/6952
f 3838/7279/6973 3836/7273/6970 3842/7276/6950 3845/7280/6953
s off
f 3834/7305/6974 3835/7306/6975 3847/7307/6976 3846/7308/6977
f 3837/7309/6978 3836/7310/6979 3849/7311/6980 3848/7312/6981
f 3838/7313/6982 3839/7314/6983 3851/7315/6984 3850/7316/6985
f 3841/7317/6986 3840/7318/6987 3853/7319/6988 3852/7320/6989
f 3835/7253/6990 3841/7254/6991 3852/7255/6992 3847/7256/6993
f 3839/7257/6994 3837/7258/6995 3848/7259/6996 3851/7260/6997
f 3840/7261/6998 3834/7262/6999 3846/7263/7000 3853/7264/7001
f 3836/7265/7002 3838/7266/7003 3850/7267/7004 3849/7268/7005
s 2
f 3846/7281/7006 3847/7282/7007 3855/7283/7008 3854/7284/7009
s 3
f 3848/7289/7010 3849/7290/7011 3857/7291/7012 3856/7292/7013
f 3850/7293/7014 3851/7295/7015 3859/7296/7016 3858/7294/7017
s 2
f 3852/7285/7018 3853/7287/7019 3861/7288/7020 3860/7286/7021
f 3847/7282/7007 3852/7285/7018 3860/7286/7021 3855/7283/7008
s 3
f 3851/7295/7015 3848/7289/7010 3856/7292/7013 3859/7296/7016
s 2
f 3853/7287/7019 3846/7281/7006 3854/7284/7009 3861/7288/7020
s 3
f 3849/7290/7011 3850/7293/7014 3858/7294/7017 3857/7291/7012
g default
v 3.196095 2.856923 0.788959
v 2.429018 2.856923 0.788963
v 3.196095 3.191522 0.788959
v 2.429018 3.191522 0.788963
v 3.196095 3.191522 1.101671
v 2.429017 3.191522 1.101673
v 3.196095 2.856923 1.101671
v 2.429017 2.856923 1.101673
v 3.196099 3.191522 0.760298
v 2.398350 3.191522 0.760299
v 2.398341 3.191522 1.130338
v 3.196099 3.191522 1.130337
v 3.196099 3.206220 0.760298
v 2.398350 3.206220 0.760299
v 2.398341 3.206220 1.130338
v 3.196099 3.206220 1.130337
v 3.196095 3.206220 0.766464
v 2.404943 3.206220 0.766464
v 2.404942 3.206220 1.124168
v 3.196095 3.206220 1.124168
v 3.196095 3.399132 0.937346
v 2.509829 3.399132 0.937348
v 2.509829 3.399132 0.953286
v 3.196095 3.399132 0.953284
v 3.196095 3.211454 0.771101
v 2.417708 3.211454 0.771103
v 2.515592 3.391505 0.930591
v 3.196095 3.391505 0.930590
v 2.407120 3.210230 0.778387
v 2.407127 3.210230 1.112247
v 2.505013 3.390280 0.952754
v 2.505013 3.390280 0.937881
v 3.196095 3.211454 1.119531
v 2.417700 3.211454 1.119532
v 3.196095 3.391505 0.960042
v 2.515592 3.391505 0.960044
v 3.196095 3.210230 0.778387
v 3.196095 3.210230 1.112244
v 3.196095 3.390280 0.937878
v 3.196095 3.390280 0.952754
v 3.196095 3.208337 0.774174
v 2.417700 3.208337 0.774175
v 2.515592 3.388390 0.933666
v 3.196095 3.388390 0.933664
v 2.411098 3.208066 0.778387
v 2.411098 3.208066 1.112245
v 2.508987 3.388118 0.952754
v 2.508987 3.388118 0.937881
v 3.196095 3.208337 1.116459
v 2.417708 3.208337 1.116462
v 3.196095 3.388390 0.956968
v 2.515592 3.388390 0.956970
v 3.196095 3.208066 0.778387
v 3.196095 3.208066 1.112244
v 3.196095 3.388118 0.937878
v 3.196095 3.388118 0.952754
v 3.196099 2.791541 1.128384
v 2.394495 2.791541 1.128383
v 2.394495 2.791541 0.762247
v 3.196099 2.791541 0.762251
v 3.196099 2.765086 1.128384
v 2.394495 2.765086 1.128383
v 2.394495 2.765086 0.762247
v 3.196099 2.765086 0.762251
v 2.429018 2.883607 1.046968
v 2.429018 2.883607 0.843666
v 2.429018 3.164838 1.046968
v 2.429018 3.164838 0.843666
v 2.419437 2.883607 1.046968
v 2.419437 2.883607 0.843666
v 2.419437 3.164838 1.046968
v 2.419437 3.164838 0.843666
v 2.419437 2.900189 1.031574
v 2.419437 2.900189 0.859060
v 2.419437 3.148258 1.031574
v 2.419437 3.148258 0.859060
v 2.453339 2.900189 1.031572
v 2.453347 2.900189 0.859062
v 2.453339 3.148258 1.031572
v 2.453347 3.148258 0.859062
vt -1.359731 1.379283
vt -1.359731 0.226720
vt -1.313951 0.226720
vt -1.313951 1.379283
vt -1.443029 1.379283
vt -1.443029 0.226720
vt -1.397249 0.226720
vt -1.397249 1.379283
vt 0.726061 0.638768
vt 0.273940 0.638768
vt 0.489928 0.361230
vt 0.510071 0.361230
vt -2.113176 1.303720
vt -2.113176 0.263858
vt -1.552372 0.760627
vt -1.552372 0.806956
vt -2.106436 0.263858
vt -1.545635 0.760627
vt -1.545635 0.806956
vt -2.106436 1.303720
vt -2.118925 0.226720
vt -1.518067 0.758970
vt -1.518067 0.808611
vt -2.118925 1.340859
vt -2.556958 2.479404
vt -2.556958 1.365265
vt -2.544472 1.402403
vt -2.544472 2.442266
vt -1.956100 1.897513
vt -1.983668 1.899167
vt -1.956100 1.947153
vt -1.983668 1.945496
vt 1.551643 2.999949
vt 1.019395 3.600809
vt 1.040442 3.577054
vt 1.537204 3.016251
vt 1.030870 3.567350
vt 1.527631 3.006545
vt 2.097760 3.009653
vt 1.600996 3.570457
vt 1.591421 3.560753
vt 2.088187 2.999949
vt 2.636376 3.618779
vt 2.139612 3.057976
vt 2.149184 3.048271
vt 2.645951 3.609076
vt 3.184565 3.618779
vt 2.687803 3.057976
vt 2.697376 3.048271
vt 3.194137 3.609076
vt -0.880622 1.579348
vt -0.880622 2.619211
vt -0.887358 2.619211
vt -0.887358 1.579348
vt 1.916454 0.190334
vt 1.916454 -2.271552
vt 1.966094 -2.271552
vt 1.966094 0.190334
vt 1.895409 0.190334
vt 1.895409 -2.253596
vt 1.987141 -2.253596
vt 1.987141 0.190334
vt 1.384203 -2.598226
vt 1.398645 -2.558486
vt 2.498342 -2.598226
vt 2.483902 -2.558486
vt 1.384203 0.190334
vt 1.398645 0.190334
vt 2.498342 0.190334
vt 2.483902 0.190334
vt 1.364993 0.190339
vt 1.364993 -2.618778
vt 2.517557 -2.618778
vt 2.517557 0.190339
vt 3.444070 3.023859
vt 3.444070 0.310269
vt 3.533351 0.214747
vt 3.533351 3.023865
vt 2.470071 0.310269
vt 2.380788 0.214747
vt 2.470071 3.023859
vt 2.380788 3.023865
vt -1.480544 1.379285
vt -1.480544 0.226722
vt -1.480549 0.245931
vt -1.480549 1.360070
vt 3.533349 3.048272
vt 3.533349 3.580522
vt 3.533349 3.566080
vt 3.533349 3.069316
vt -1.292068 1.579349
vt -1.292068 2.619211
vt -1.304460 2.619211
vt -1.304460 1.579349
vt -1.232486 2.076113
vt -1.232486 2.122442
vt -1.244875 2.122442
vt -1.244875 2.076113
vt -0.927590 2.619211
vt -0.939983 2.619211
vt -0.927590 1.579349
vt -0.939983 1.579349
vt 2.297490 3.023864
vt 2.297490 0.214746
vt 2.343270 0.214746
vt 2.343270 3.023864
vt 2.259975 0.214747
vt 2.259975 3.023865
vt 2.214195 3.023865
vt 2.214195 0.214747
vt 1.679911 2.963567
vt 1.679911 0.214747
vt 1.670338 2.963567
vt 1.670338 0.214747
vt 1.623251 0.226722
vt 1.623251 2.975542
vt 1.126489 2.975542
vt 1.126489 0.531612
vt 1.632823 0.226722
vt 1.632823 2.975542
vt 1.136062 2.975542
vt 1.136062 0.531612
vt 1.088971 0.226722
vt 1.088971 2.670652
vt 1.079396 2.670652
vt 1.079396 0.226722
vt 0.000008 1.000000
vt 1.000008 1.000000
vt 1.000008 0.000000
vt 0.000008 0.000000
vt 0.950784 0.969319
vt 1.389999 0.969319
vt 1.389999 1.439279
vt 0.950784 1.439279
vt 0.913266 0.877488
vt 1.427518 0.877488
vt 0.913266 0.840330
vt 1.427518 0.840330
vt 0.864271 0.969319
vt 0.425056 0.969319
vt 0.387538 0.877489
vt 0.901790 0.877489
vt 0.787440 1.006801
vt 0.501889 1.006801
vt 0.387538 0.840331
vt 0.901790 0.840331
vt 0.864271 1.439280
vt 0.787440 1.401798
vt 0.425056 1.439280
vt 0.501889 1.401798
vt 0.789672 0.832864
vt 0.789672 -0.439280
vt 1.303925 -0.439280
vt 1.303925 0.832864
vt -0.465853 -0.280125
vt 0.757813 -0.280125
vt 0.757813 0.189835
vt -0.465853 0.189835
vt -0.465856 -0.371957
vt 0.806288 -0.371957
vt -0.465856 -0.409114
vt 0.806288 -0.409114
vt -0.465853 0.203750
vt 0.757813 0.203750
vt 0.757813 0.673710
vt -0.465853 0.673710
vt 0.806288 0.765541
vt -0.465856 0.765541
vt 0.806288 0.802698
vt -0.465856 0.802698
vt -1.590760 -1.771007
vt 1.030538 -1.771007
vt 0.832033 -1.557232
vt -1.392255 -1.557232
vt 1.030538 1.855000
vt 0.832033 1.641232
vt -1.590760 1.855000
vt -1.392255 1.641232
vt 2.006740 0.850290
vt 2.006740 -1.771007
vt 2.130192 -1.771007
vt 2.130192 0.850290
vt 2.167262 0.850290
vt 2.167262 -1.771007
vt 2.290713 -1.771007
vt 2.290713 0.850290
vt 2.764851 -1.771007
vt 2.764851 0.453281
vt 2.327769 0.453281
vt 2.327769 -1.771007
vt 2.912744 0.472618
vt 2.912744 2.696906
vt 2.475662 2.696906
vt 2.475662 0.472618
vt -1.912744 1.855000
vt -1.912744 -1.771007
vt -1.789292 -1.771007
vt -1.789292 1.855000
vt -1.751281 1.855000
vt -1.751281 -1.771007
vt -1.627830 -1.771007
vt -1.627830 1.855000
vt 1.499599 -1.771007
vt 1.499599 1.427456
vt 1.062518 1.427456
vt 1.062518 -1.771007
vt 1.971703 -1.771007
vt 1.971703 1.427456
vt 1.534622 1.427456
vt 1.534622 -1.771007
vt 1.083826 0.167668
vt 1.083826 0.494786
vt -0.536311 0.494786
vt -0.714153 0.167668
vt 1.083826 0.505214
vt 0.905984 0.832332
vt -0.714153 0.832332
vt -0.714153 0.505214
vn -0.000005 0.067881 -0.997693
vn -0.000004 0.083402 -0.996516
vn -0.000006 0.000000 -1.000000
vn -0.000006 0.000000 -1.000000
vn 0.000000 1.000000 0.000000
vn 0.000000 1.000000 0.000000
vn 0.000000 1.000000 0.000000
vn 0.000000 1.000000 0.000000
vn 0.000003 0.000000 1.000000
vn 0.000003 0.000000 1.000000
vn 0.000003 0.083400 0.996516
vn 0.000003 0.067879 0.997694
vn 0.000000 -1.000000 0.000000
vn 0.000000 -1.000000 0.000000
vn 0.000000 -1.000000 0.000000
vn 0.000000 -1.000000 0.000000
vn -1.000000 0.000000 -0.000050
vn -1.000000 0.000000 -0.000050
vn -1.000000 0.000000 -0.000050
vn -1.000000 0.000000 -0.000050
vn 1.000000 0.000014 0.000000
vn 1.000000 0.000014 0.000000
vn 1.000000 0.000000 0.000000
vn 1.000000 0.000000 0.000000
vn 0.000000 -1.000000 -0.000006
vn 0.000000 -1.000000 -0.000004
vn 0.000000 -1.000000 -0.000004
vn 0.000000 -1.000000 -0.000006
vn 0.000000 -1.000000 0.000007
vn 0.000000 -1.000000 0.000007
vn 0.000000 -1.000000 0.000011
vn 0.000000 -1.000000 0.000011
vn -0.000001 0.000000 -1.000000
vn -0.000001 0.000000 -1.000000
vn -0.000001 0.000000 -1.000000
vn -0.000001 0.000000 -1.000000
vn -1.000000 0.000000 -0.000023
vn -1.000000 0.000000 -0.000023
vn -1.000000 0.000000 -0.000023
vn -1.000000 0.000000 -0.000023
vn 0.000001 0.000000 1.000000
vn 0.000001 0.000000 1.000000
vn 0.000001 0.000000 1.000000
vn 0.000001 0.000000 1.000000
vn 1.000000 0.000000 0.000000
vn 1.000000 0.000000 0.000000
vn 1.000000 0.000000 0.000000
vn 1.000000 0.000000 0.000000
vn 0.000000 1.000000 0.000014
vn 0.000000 1.000000 0.000009
vn 0.000000 1.000000 0.000009
vn 0.000000 1.000000 0.000014
vn 0.000000 1.000000 -0.000000
vn 0.000000 1.000000 -0.000000
vn 0.000000 1.000000 0.000000
vn 0.000000 1.000000 0.000000
vn -0.000001 0.663071 -0.748557
vn -0.000001 0.663071 -0.748557
vn -0.000001 0.663071 -0.748557
vn -0.000001 0.663071 -0.748557
vn -0.878554 0.477643 0.000000
vn -0.878554 0.477643 0.000000
vn -0.878554 0.477643 0.000000
vn -0.878554 0.477643 0.000000
vn 0.000002 0.663073 0.748555
vn 0.000002 0.663073 0.748555
vn 0.000002 0.663073 0.748555
vn 0.000002 0.663073 0.748555
vn 1.000000 0.000000 0.000000
vn 1.000000 0.000000 0.000000
vn 1.000000 0.000000 0.000000
vn 1.000000 0.000000 0.000000
vn -0.000001 0.663188 -0.748453
vn 0.000011 0.663141 -0.748494
vn 0.000009 0.663152 -0.748485
vn -0.000028 0.663186 -0.748455
vn 0.000006 0.663101 -0.748530
vn 0.000008 0.663099 -0.748532
vn -0.000002 0.663112 -0.748520
vn -0.000023 0.663110 -0.748522
vn -0.878421 0.477887 -0.000212
vn -0.878535 0.477678 -0.000049
vn -0.878518 0.477709 -0.000038
vn -0.878425 0.477881 -0.000172
vn -0.878563 0.477627 -0.000070
vn -0.878582 0.477592 -0.000078
vn -0.878410 0.477909 -0.000290
vn -0.878410 0.477908 -0.000325
vn -0.000015 0.663110 0.748522
vn 0.000000 0.663129 0.748506
vn 0.000032 0.663133 0.748502
vn -0.000011 0.663114 0.748518
vn 0.000003 0.663158 0.748479
vn 0.000028 0.663161 0.748477
vn -0.000007 0.663140 0.748496
vn -0.000009 0.663136 0.748499
vn 1.000000 -0.000024 0.000000
vn 1.000000 -0.000031 0.000000
vn 1.000000 -0.000046 0.000000
vn 1.000000 -0.000041 0.000000
vn 1.000000 0.000007 0.000000
vn 1.000000 0.000009 0.000000
vn 1.000000 0.000017 0.000000
vn 1.000000 0.000019 0.000000
vn 0.000001 0.702047 0.712131
vn 0.000001 0.702047 0.712131
vn 0.000001 0.702047 0.712131
vn 0.000001 0.702047 0.712131
vn 0.925962 -0.265843 -0.268183
vn 0.925962 -0.265843 -0.268183
vn 0.925962 -0.265843 -0.268183
vn 0.925962 -0.265843 -0.268183
vn -0.000002 -0.702520 -0.711664
vn -0.000002 -0.702520 -0.711664
vn -0.000002 -0.702520 -0.711664
vn -0.000002 -0.702520 -0.711664
vn -1.000000 0.000012 0.000000
vn -1.000000 0.000012 0.000000
vn -1.000000 0.000012 0.000000
vn -1.000000 0.000012 0.000000
vn 0.478200 0.878251 -0.000005
vn 0.478200 0.878251 -0.000005
vn 0.478200 0.878251 -0.000005
vn 0.478200 0.878251 -0.000005
vn -0.293903 -0.539270 -0.789182
vn -0.293903 -0.539270 -0.789182
vn -0.293903 -0.539270 -0.789182
vn -0.293903 -0.539270 -0.789182
vn -0.477806 -0.878465 0.000000
vn -0.477806 -0.878465 0.000000
vn -0.477806 -0.878465 0.000000
vn -0.477806 -0.878465 0.000000
vn -0.293481 -0.539524 0.789166
vn -0.293481 -0.539524 0.789166
vn -0.293481 -0.539524 0.789166
vn -0.293481 -0.539524 0.789166
vn -0.000001 0.701880 -0.712295
vn -0.000001 0.701880 -0.712295
vn -0.000001 0.701880 -0.712295
vn -0.000001 0.701880 -0.712295
vn -1.000000 -0.000054 0.000000
vn -1.000000 -0.000054 0.000000
vn -1.000000 -0.000054 0.000000
vn -1.000000 -0.000054 0.000000
vn 0.000003 -0.702409 0.711773
vn 0.000003 -0.702409 0.711773
vn 0.000003 -0.702409 0.711773
vn 0.000003 -0.702409 0.711773
vn 0.925912 -0.264542 0.269637
vn 0.925912 -0.264542 0.269637
vn 0.925912 -0.264542 0.269637
vn 0.925912 -0.264542 0.269637
vn -1.000000 0.000000 0.000000
vn -1.000000 0.000000 0.000000
vn -1.000000 0.000000 0.000000
vn -1.000000 0.000000 0.000000
vn 1.000000 0.000000 0.000000
vn 1.000000 0.000000 0.000000
vn 1.000000 0.000000 0.000000
vn 1.000000 0.000000 0.000000
vn 1.000000 0.000000 0.000000
vn 1.000000 0.000000 0.000000
vn 1.000000 0.000000 0.000000
vn 1.000000 0.000000 0.000000
vn 1.000000 0.000000 0.000000
vn 1.000000 0.000000 0.000000
vn 1.000000 0.000000 0.000000
vn 1.000000 0.000000 0.000000
vn -0.000000 0.250047 0.968234
vn -0.000000 0.277657 0.960680
vn -0.944331 0.328997 -0.000006
vn -0.944328 0.329004 -0.000001
vn -0.947220 0.320584 -0.000001
vn -0.947218 0.320591 -0.000001
vn 0.000002 0.277662 -0.960679
vn 0.000002 0.250051 -0.968233
vn 1.000000 0.000042 0.000000
vn 1.000000 0.000042 0.000000
vn -0.000002 0.000000 1.000000
vn -0.000002 0.000000 1.000000
vn -1.000000 0.000000 0.000000
vn -1.000000 0.000000 0.000000
vn 0.000005 0.000000 -1.000000
vn 0.000005 0.000000 -1.000000
vn 1.000000 0.000000 0.000000
vn 1.000000 0.000000 0.000000
vn -1.000000 0.000006 -0.000012
vn -1.000000 0.000006 -0.000001
vn -1.000000 -0.000003 -0.000015
vn -1.000000 -0.000007 -0.000012
vn -1.000000 -0.000003 -0.000000
vn -1.000000 -0.000007 -0.000001
vn 0.000000 -1.000000 0.000000
vn 0.000000 -1.000000 0.000000
vn 0.000000 -1.000000 0.000000
vn 0.000000 -1.000000 0.000000
vn 0.000000 0.000000 1.000000
vn 0.000000 0.000000 1.000000
vn 0.000000 0.000000 1.000000
vn 0.000000 0.000000 1.000000
vn 0.000000 1.000000 0.000000
vn 0.000000 1.000000 0.000000
vn 0.000000 1.000000 0.000000
vn 0.000000 1.000000 0.000000
vn 0.000000 0.000000 -1.000000
vn 0.000000 0.000000 -1.000000
vn 0.000000 0.000000 -1.000000
vn 0.000000 0.000000 -1.000000
vn -1.000000 0.000004 0.000000
vn -1.000000 0.000004 0.000000
vn -1.000000 0.000004 0.000000
vn -1.000000 0.000004 0.000000
vn -1.000000 -0.000004 0.000000
vn -1.000000 -0.000004 0.000000
vn -1.000000 -0.000004 0.000000
vn -1.000000 -0.000004 0.000000
vn 0.000000 1.000000 0.000000
vn 0.000000 1.000000 0.000000
vn 0.000000 1.000000 0.000000
vn 0.000000 1.000000 0.000000
vn -0.000053 0.000000 -1.000000
vn -0.000053 0.000000 -1.000000
vn -0.000053 0.000000 -1.000000
vn -0.000053 0.000000 -1.000000
vn 0.000000 -1.000000 0.000000
vn 0.000000 -1.000000 0.000000
vn 0.000000 -1.000000 0.000000
vn 0.000000 -1.000000 0.000000
vn -0.000057 0.000000 1.000000
vn -0.000057 0.000000 1.000000
vn -0.000057 0.000000 1.000000
vn -0.000057 0.000000 1.000000
s 1
g House pCube250
usemtl lambert14SG
f 3862/7475/7022 3863/7476/7023 3865/7477/7024 3864/7478/7025
s off
usemtl lambert8SG
f 3882/7375/7026 3883/7376/7027 3884/7377/7028 3885/7378/7029
s 2
usemtl lambert14SG
f 3866/7483/7030 3867/7484/7031 3869/7485/7032 3868/7486/7033
s off
f 3922/7471/7034 3923/7472/7035 3924/7473/7036 3925/7474/7037
usemtl lambert15SG
f 3939/7447/7038 3938/7448/7039 3940/7449/7040 3941/7450/7041
s 3
usemtl lambert14SG
f 3868/7451/7042 3862/7452/7043 3864/7453/7044 3866/7454/7045
s 4
usemtl lambert8SG
f 3864/7395/7046 3865/7396/7047 3871/7397/7048 3870/7398/7049
f 3865/7396/7047 3867/7399/7050 3872/7400/7051 3871/7397/7048
f 3867/7399/7050 3866/7401/7052 3873/7402/7053 3872/7400/7051
f 3866/7401/7052 3864/7395/7046 3870/7398/7049 3873/7402/7053
s off
f 3870/7423/7054 3871/7424/7055 3875/7425/7056 3874/7426/7057
f 3871/7321/7058 3872/7322/7059 3876/7323/7060 3875/7324/7061
f 3872/7427/7062 3873/7428/7063 3877/7429/7064 3876/7430/7065
f 3873/7325/7066 3870/7326/7067 3874/7327/7068 3877/7328/7069
s 5
f 3874/7391/7070 3875/7392/7071 3879/7383/7072 3878/7387/7073
f 3875/7392/7071 3876/7393/7074 3880/7385/7075 3879/7383/7072
f 3876/7393/7074 3877/7394/7076 3881/7389/7077 3880/7385/7075
f 3877/7403/7076 3874/7404/7070 3878/7405/7073 3881/7406/7077
s off
usemtl blinn3SG
f 3902/7531/7078 3903/7534/7079 3904/7533/7080 3905/7532/7081
f 3906/7329/7082 3907/7330/7083 3908/7331/7084 3909/7332/7085
f 3911/7535/7086 3910/7538/7087 3912/7537/7088 3913/7536/7089
usemtl lambert8SG
f 3915/7333/7090 3914/7334/7091 3916/7335/7092 3917/7336/7093
s 6
f 3878/7387/7094 3879/7383/7095 3887/7384/7096 3886/7388/7097
f 3879/7383/7095 3883/7376/7098 3888/7380/7099 3887/7384/7096
f 3883/7376/7098 3882/7375/7100 3889/7379/7101 3888/7380/7099
f 3882/7407/7100 3878/7408/7094 3886/7409/7097 3889/7410/7101
s 7
f 3879/7345/7102 3880/7346/7103 3891/7347/7104 3890/7348/7105
f 3880/7346/7103 3884/7349/7106 3892/7350/7107 3891/7347/7104
f 3884/7349/7106 3883/7351/7108 3893/7352/7109 3892/7350/7107
f 3883/7351/7108 3879/7345/7102 3890/7348/7105 3893/7352/7109
s 8
f 3880/7385/7110 3881/7389/7111 3894/7390/7112 3895/7386/7113
f 3881/7353/7111 3885/7354/7114 3896/7355/7115 3894/7356/7112
f 3885/7378/7114 3884/7377/7116 3897/7381/7117 3896/7382/7115
f 3884/7377/7116 3880/7385/7110 3895/7386/7113 3897/7381/7117
s 9
f 3881/7344/7118 3878/7341/7119 3898/7337/7120 3899/7340/7121
f 3878/7341/7119 3882/7342/7122 3900/7338/7123 3898/7337/7120
f 3882/7342/7122 3885/7343/7124 3901/7339/7125 3900/7338/7123
f 3885/7343/7124 3881/7344/7118 3899/7340/7121 3901/7339/7125
s off
f 3886/7433/7126 3887/7434/7127 3903/7432/7128 3902/7431/7129
f 3887/7359/7130 3888/7360/7131 3904/7361/7132 3903/7362/7133
f 3888/7443/7134 3889/7444/7135 3905/7445/7136 3904/7446/7137
f 3889/7363/7138 3886/7364/7139 3902/7365/7140 3905/7366/7141
f 3890/7411/7142 3891/7412/7143 3907/7413/7144 3906/7414/7145
f 3891/7421/7146 3892/7415/7147 3908/7418/7148 3907/7422/7149
f 3892/7415/7150 3893/7416/7151 3909/7417/7152 3908/7418/7153
f 3893/7416/7154 3890/7419/7155 3906/7420/7156 3909/7417/7157
f 3895/7439/7158 3894/7440/7159 3910/7436/7160 3911/7435/7161
f 3894/7356/7162 3896/7355/7163 3912/7357/7164 3910/7358/7165
f 3896/7441/7166 3897/7442/7167 3913/7438/7168 3912/7437/7169
f 3897/7367/7170 3895/7368/7171 3911/7369/7172 3913/7370/7173
f 3899/7371/7174 3898/7372/7175 3914/7373/7176 3915/7374/7177
f 3898/7337/7178 3900/7338/7179 3916/7335/7180 3914/7334/7181
f 3900/7338/7182 3901/7339/7183 3917/7336/7184 3916/7335/7185
f 3901/7339/7186 3899/7340/7187 3915/7333/7188 3917/7336/7189
s 2
usemtl lambert14SG
f 3868/7486/7033 3869/7485/7032 3919/7487/7190 3918/7488/7191
s 10
f 3869/7459/7192 3863/7460/7193 3920/7461/7194 3919/7462/7195
s 1
f 3863/7476/7023 3862/7475/7022 3921/7479/7196 3920/7480/7197
s 3
f 3862/7452/7043 3868/7451/7042 3918/7455/7198 3921/7456/7199
s 2
f 3918/7488/7191 3919/7487/7190 3923/7489/7200 3922/7490/7201
s 10
f 3919/7462/7195 3920/7461/7194 3924/7465/7202 3923/7466/7203
s 1
f 3920/7480/7197 3921/7479/7196 3925/7481/7204 3924/7482/7205
s 3
f 3921/7456/7199 3918/7455/7198 3922/7457/7206 3925/7458/7207
s 10
f 3863/7460/7193 3869/7459/7192 3926/7463/7208 3927/7464/7209
f 3869/7459/7192 3867/7467/7210 3928/7468/7211 3926/7463/7208
f 3867/7467/7210 3865/7469/7212 3929/7470/7213 3928/7468/7211
f 3865/7469/7212 3863/7460/7193 3927/7464/7209 3929/7470/7213
s off
usemtl lambert8SG
f 3927/7499/7214 3926/7500/7215 3930/7501/7216 3931/7502/7217
f 3926/7515/7218 3928/7516/7219 3932/7517/7220 3930/7518/7221
f 3928/7503/7222 3929/7504/7223 3933/7505/7224 3932/7506/7225
f 3929/7519/7226 3927/7520/7227 3931/7521/7228 3933/7522/7229
s 11
f 3931/7491/7230 3930/7492/7231 3934/7493/7232 3935/7494/7233
f 3930/7492/7231 3932/7495/7234 3936/7496/7235 3934/7493/7232
f 3932/7495/7234 3933/7497/7236 3937/7498/7237 3936/7496/7235
f 3933/7497/7236 3931/7491/7230 3935/7494/7233 3937/7498/7237
s off
f 3935/7507/7238 3934/7508/7239 3938/7509/7240 3939/7510/7241
f 3934/7523/7242 3936/7524/7243 3940/7525/7244 3938/7526/7245
f 3936/7511/7246 3937/7512/7247 3941/7513/7248 3940/7514/7249
f 3937/7527/7250 3935/7528/7251 3939/7529/7252 3941/7530/7253
g default
v 3.196095 2.856923 -1.307419
v 2.429018 2.856923 -1.307415
v 3.196095 3.191522 -1.307419
v 2.429018 3.191522 -1.307415
v 3.196095 3.191522 -0.994707
v 2.429017 3.191522 -0.994705
v 3.196095 2.856923 -0.994707
v 2.429017 2.856923 -0.994705
v 3.196099 3.191522 -1.336080
v 2.398350 3.191522 -1.336079
v 2.398341 3.191522 -0.966040
v 3.196099 3.191522 -0.966041
v 3.196099 3.206220 -1.336080
v 2.398350 3.206220 -1.336079
v 2.398341 3.206220 -0.966040
v 3.196099 3.206220 -0.966041
v 3.196095 3.206220 -1.329914
v 2.404943 3.206220 -1.329914
v 2.404942 3.206220 -0.972210
v 3.196095 3.206220 -0.972210
v 3.196095 3.399132 -1.159032
v 2.509829 3.399132 -1.159030
v 2.509829 3.399132 -1.143092
v 3.196095 3.399132 -1.143094
v 3.196095 3.211454 -1.325277
v 2.417708 3.211454 -1.325275
v 2.515592 3.391505 -1.165787
v 3.196095 3.391505 -1.165788
v 2.407120 3.210230 -1.317991
v 2.407127 3.210230 -0.984130
v 2.505013 3.390280 -1.143624
v 2.505013 3.390280 -1.158496
v 3.196095 3.211454 -0.976847
v 2.417700 3.211454 -0.976846
v 3.196095 3.391505 -1.136336
v 2.515592 3.391505 -1.136334
v 3.196095 3.210230 -1.317991
v 3.196095 3.210230 -0.984134
v 3.196095 3.390280 -1.158500
v 3.196095 3.390280 -1.143624
v 3.196095 3.208337 -1.322204
v 2.417700 3.208337 -1.322203
v 2.515592 3.388390 -1.162712
v 3.196095 3.388390 -1.162714
v 2.411098 3.208066 -1.317991
v 2.411098 3.208066 -0.984133
v 2.508987 3.388118 -1.143624
v 2.508987 3.388118 -1.158496
v 3.196095 3.208337 -0.979919
v 2.417708 3.208337 -0.979916
v 3.196095 3.388390 -1.139410
v 2.515592 3.388390 -1.139408
v 3.196095 3.208066 -1.317991
v 3.196095 3.208066 -0.984134
v 3.196095 3.388118 -1.158500
v 3.196095 3.388118 -1.143624
v 3.196099 2.791541 -0.967994
v 2.394495 2.791541 -0.967995
v 2.394495 2.791541 -1.334131
v 3.196099 2.791541 -1.334127
v 3.196099 2.765086 -0.967994
v 2.394495 2.765086 -0.967995
v 2.394495 2.765086 -1.334131
v 3.196099 2.765086 -1.334127
v 2.429018 2.883607 -1.049409
v 2.429018 2.883607 -1.252712
v 2.429018 3.164838 -1.049409
v 2.429018 3.164838 -1.252712
v 2.419437 2.883607 -1.049409
v 2.419437 2.883607 -1.252712
v 2.419437 3.164838 -1.049409
v 2.419437 3.164838 -1.252712
v 2.419437 2.900189 -1.064804
v 2.419437 2.900189 -1.237318
v 2.419437 3.148258 -1.064804
v 2.419437 3.148258 -1.237318
v 2.453339 2.900189 -1.064806
v 2.453347 2.900189 -1.237316
v 2.453339 3.148258 -1.064806
v 2.453347 3.148258 -1.237316
vt -1.359731 1.379283
vt -1.359731 0.226720
vt -1.313951 0.226720
vt -1.313951 1.379283
vt -1.443029 1.379283
vt -1.443029 0.226720
vt -1.397249 0.226720
vt -1.397249 1.379283
vt 0.726061 0.638768
vt 0.273940 0.638768
vt 0.489928 0.361230
vt 0.510071 0.361230
vt -2.113176 1.303720
vt -2.113176 0.263858
vt -1.552372 0.760627
vt -1.552372 0.806956
vt -2.106436 0.263858
vt -1.545635 0.760627
vt -1.545635 0.806956
vt -2.106436 1.303720
vt -2.118925 0.226720
vt -1.518067 0.758970
vt -1.518067 0.808611
vt -2.118925 1.340859
vt -2.556958 2.479404
vt -2.556958 1.365265
vt -2.544472 1.402403
vt -2.544472 2.442266
vt -1.956100 1.897513
vt -1.983668 1.899167
vt -1.956100 1.947153
vt -1.983668 1.945496
vt 1.551643 2.999949
vt 1.019395 3.600809
vt 1.040442 3.577054
vt 1.537204 3.016251
vt 1.030870 3.567350
vt 1.527631 3.006545
vt 2.097760 3.009653
vt 1.600996 3.570457
vt 1.591421 3.560753
vt 2.088187 2.999949
vt 2.636376 3.618779
vt 2.139612 3.057976
vt 2.149184 3.048271
vt 2.645951 3.609076
vt 3.184565 3.618779
vt 2.687803 3.057976
vt 2.697376 3.048271
vt 3.194137 3.609076
vt -0.880622 1.579348
vt -0.880622 2.619211
vt -0.887358 2.619211
vt -0.887358 1.579348
vt 1.916454 0.190334
vt 1.916454 -2.271552
vt 1.966094 -2.271552
vt 1.966094 0.190334
vt 1.895409 0.190334
vt 1.895409 -2.253596
vt 1.987141 -2.253596
vt 1.987141 0.190334
vt 1.384203 -2.598226
vt 1.398645 -2.558486
vt 2.498342 -2.598226
vt 2.483902 -2.558486
vt 1.384203 0.190334
vt 1.398645 0.190334
vt 2.498342 0.190334
vt 2.483902 0.190334
vt 1.364993 0.190339
vt 1.364993 -2.618778
vt 2.517557 -2.618778
vt 2.517557 0.190339
vt 3.444070 3.023859
vt 3.444070 0.310269
vt 3.533351 0.214747
vt 3.533351 3.023865
vt 2.470071 0.310269
vt 2.380788 0.214747
vt 2.470071 3.023859
vt 2.380788 3.023865
vt -1.480544 1.379285
vt -1.480544 0.226722
vt -1.480549 0.245931
vt -1.480549 1.360070
vt 3.533349 3.048272
vt 3.533349 3.580522
vt 3.533349 3.566080
vt 3.533349 3.069316
vt -1.292068 1.579349
vt -1.292068 2.619211
vt -1.304460 2.619211
vt -1.304460 1.579349
vt -1.232486 2.076113
vt -1.232486 2.122442
vt -1.244875 2.122442
vt -1.244875 2.076113
vt -0.927590 2.619211
vt -0.939983 2.619211
vt -0.927590 1.579349
vt -0.939983 1.579349
vt 2.297490 3.023864
vt 2.297490 0.214746
vt 2.343270 0.214746
vt 2.343270 3.023864
vt 2.259975 0.214747
vt 2.259975 3.023865
vt 2.214195 3.023865
vt 2.214195 0.214747
vt 1.679911 2.963567
vt 1.679911 0.214747
vt 1.670338 2.963567
vt 1.670338 0.214747
vt 1.623251 0.226722
vt 1.623251 2.975542
vt 1.126489 2.975542
vt 1.126489 0.531612
vt 1.632823 0.226722
vt 1.632823 2.975542
vt 1.136062 2.975542
vt 1.136062 0.531612
vt 1.088971 0.226722
vt 1.088971 2.670652
vt 1.079396 2.670652
vt 1.079396 0.226722
vt 0.000008 1.000000
vt 1.000008 1.000000
vt 1.000008 0.000000
vt 0.000008 0.000000
vt 0.950784 0.969319
vt 1.389999 0.969319
vt 1.389999 1.439279
vt 0.950784 1.439279
vt 0.913266 0.877488
vt 1.427518 0.877488
vt 0.913266 0.840330
vt 1.427518 0.840330
vt 0.864271 0.969319
vt 0.425056 0.969319
vt 0.387538 0.877489
vt 0.901790 0.877489
vt 0.787440 1.006801
vt 0.501889 1.006801
vt 0.387538 0.840331
vt 0.901790 0.840331
vt 0.864271 1.439280
vt 0.787440 1.401798
vt 0.425056 1.439280
vt 0.501889 1.401798
vt 0.789672 0.832864
vt 0.789672 -0.439280
vt 1.303925 -0.439280
vt 1.303925 0.832864
vt -0.465853 -0.280125
vt 0.757813 -0.280125
vt 0.757813 0.189835
vt -0.465853 0.189835
vt -0.465856 -0.371957
vt 0.806288 -0.371957
vt -0.465856 -0.409114
vt 0.806288 -0.409114
vt -0.465853 0.203750
vt 0.757813 0.203750
vt 0.757813 0.673710
vt -0.465853 0.673710
vt 0.806288 0.765541
vt -0.465856 0.765541
vt 0.806288 0.802698
vt -0.465856 0.802698
vt -1.590760 -1.771007
vt 1.030538 -1.771007
vt 0.832033 -1.557232
vt -1.392255 -1.557232
vt 1.030538 1.855000
vt 0.832033 1.641232
vt -1.590760 1.855000
vt -1.392255 1.641232
vt 2.006740 0.850290
vt 2.006740 -1.771007
vt 2.130192 -1.771007
vt 2.130192 0.850290
vt 2.167262 0.850290
vt 2.167262 -1.771007
vt 2.290713 -1.771007
vt 2.290713 0.850290
vt 2.764851 -1.771007
vt 2.764851 0.453281
vt 2.327769 0.453281
vt 2.327769 -1.771007
vt 2.912744 0.472618
vt 2.912744 2.696906
vt 2.475662 2.696906
vt 2.475662 0.472618
vt -1.912744 1.855000
vt -1.912744 -1.771007
vt -1.789292 -1.771007
vt -1.789292 1.855000
vt -1.751281 1.855000
vt -1.751281 -1.771007
vt -1.627830 -1.771007
vt -1.627830 1.855000
vt 1.499599 -1.771007
vt 1.499599 1.427456
vt 1.062518 1.427456
vt 1.062518 -1.771007
vt 1.971703 -1.771007
vt 1.971703 1.427456
vt 1.534622 1.427456
vt 1.534622 -1.771007
vt 1.083826 0.167668
vt 1.083826 0.494786
vt -0.536311 0.494786
vt -0.714153 0.167668
vt 1.083826 0.505214
vt 0.905984 0.832332
vt -0.714153 0.832332
vt -0.714153 0.505214
vn -0.000005 0.067881 -0.997693
vn -0.000004 0.083402 -0.996516
vn -0.000006 0.000000 -1.000000
vn -0.000006 0.000000 -1.000000
vn 0.000000 1.000000 0.000000
vn 0.000000 1.000000 0.000000
vn 0.000000 1.000000 0.000000
vn 0.000000 1.000000 0.000000
vn 0.000003 0.000000 1.000000
vn 0.000003 0.000000 1.000000
vn 0.000003 0.083400 0.996516
vn 0.000003 0.067879 0.997694
vn 0.000000 -1.000000 0.000000
vn 0.000000 -1.000000 0.000000
vn 0.000000 -1.000000 0.000000
vn 0.000000 -1.000000 0.000000
vn -1.000000 0.000000 -0.000050
vn -1.000000 0.000000 -0.000050
vn -1.000000 0.000000 -0.000050
vn -1.000000 0.000000 -0.000050
vn 1.000000 0.000014 0.000000
vn 1.000000 0.000014 0.000000
vn 1.000000 0.000000 0.000000
vn 1.000000 0.000000 0.000000
vn 0.000000 -1.000000 -0.000006
vn 0.000000 -1.000000 -0.000004
vn 0.000000 -1.000000 -0.000004
vn 0.000000 -1.000000 -0.000006
vn 0.000000 -1.000000 0.000007
vn 0.000000 -1.000000 0.000007
vn 0.000000 -1.000000 0.000011
vn 0.000000 -1.000000 0.000011
vn -0.000001 0.000000 -1.000000
vn -0.000001 0.000000 -1.000000
vn -0.000001 0.000000 -1.000000
vn -0.000001 0.000000 -1.000000
vn -1.000000 0.000000 -0.000023
vn -1.000000 0.000000 -0.000023
vn -1.000000 0.000000 -0.000023
vn -1.000000 0.000000 -0.000023
vn 0.000001 0.000000 1.000000
vn 0.000001 0.000000 1.000000
vn 0.000001 0.000000 1.000000
vn 0.000001 0.000000 1.000000
vn 1.000000 0.000000 0.000000
vn 1.000000 0.000000 0.000000
vn 1.000000 0.000000 0.000000
vn 1.000000 0.000000 0.000000
vn 0.000000 1.000000 0.000014
vn 0.000000 1.000000 0.000009
vn 0.000000 1.000000 0.000009
vn 0.000000 1.000000 0.000014
vn 0.000000 1.000000 -0.000000
vn 0.000000 1.000000 -0.000000
vn 0.000000 1.000000 0.000000
vn 0.000000 1.000000 0.000000
vn -0.000001 0.663071 -0.748557
vn -0.000001 0.663071 -0.748557
vn -0.000001 0.663071 -0.748557
vn -0.000001 0.663071 -0.748557
vn -0.878554 0.477643 0.000000
vn -0.878554 0.477643 0.000000
vn -0.878554 0.477643 0.000000
vn -0.878554 0.477643 0.000000
vn 0.000002 0.663073 0.748555
vn 0.000002 0.663073 0.748555
vn 0.000002 0.663073 0.748555
vn 0.000002 0.663073 0.748555
vn 1.000000 0.000000 0.000000
vn 1.000000 0.000000 0.000000
vn 1.000000 0.000000 0.000000
vn 1.000000 0.000000 0.000000
vn -0.000001 0.663188 -0.748453
vn 0.000011 0.663141 -0.748494
vn 0.000009 0.663152 -0.748485
vn -0.000028 0.663186 -0.748455
vn 0.000006 0.663101 -0.748530
vn 0.000008 0.663099 -0.748532
vn -0.000002 0.663112 -0.748520
vn -0.000023 0.663110 -0.748522
vn -0.878421 0.477887 -0.000212
vn -0.878535 0.477678 -0.000049
vn -0.878518 0.477709 -0.000038
vn -0.878425 0.477881 -0.000172
vn -0.878563 0.477627 -0.000070
vn -0.878582 0.477592 -0.000078
vn -0.878410 0.477909 -0.000290
vn -0.878410 0.477908 -0.000325
vn -0.000015 0.663110 0.748522
vn 0.000000 0.663129 0.748506
vn 0.000032 0.663133 0.748502
vn -0.000011 0.663114 0.748518
vn 0.000003 0.663158 0.748479
vn 0.000028 0.663161 0.748477
vn -0.000007 0.663140 0.748496
vn -0.000009 0.663136 0.748499
vn 1.000000 -0.000024 0.000000
vn 1.000000 -0.000031 0.000000
vn 1.000000 -0.000046 0.000000
vn 1.000000 -0.000041 0.000000
vn 1.000000 0.000007 0.000000
vn 1.000000 0.000009 0.000000
vn 1.000000 0.000017 0.000000
vn 1.000000 0.000019 0.000000
vn 0.000001 0.702047 0.712131
vn 0.000001 0.702047 0.712131
vn 0.000001 0.702047 0.712131
vn 0.000001 0.702047 0.712131
vn 0.925962 -0.265843 -0.268183
vn 0.925962 -0.265843 -0.268183
vn 0.925962 -0.265843 -0.268183
vn 0.925962 -0.265843 -0.268183
vn -0.000002 -0.702520 -0.711664
vn -0.000002 -0.702520 -0.711664
vn -0.000002 -0.702520 -0.711664
vn -0.000002 -0.702520 -0.711664
vn -1.000000 0.000012 0.000000
vn -1.000000 0.000012 0.000000
vn -1.000000 0.000012 0.000000
vn -1.000000 0.000012 0.000000
vn 0.478200 0.878251 -0.000005
vn 0.478200 0.878251 -0.000005
vn 0.478200 0.878251 -0.000005
vn 0.478200 0.878251 -0.000005
vn -0.293903 -0.539270 -0.789182
vn -0.293903 -0.539270 -0.789182
vn -0.293903 -0.539270 -0.789182
vn -0.293903 -0.539270 -0.789182
vn -0.477806 -0.878465 0.000000
vn -0.477806 -0.878465 0.000000
vn -0.477806 -0.878465 0.000000
vn -0.477806 -0.878465 0.000000
vn -0.293481 -0.539524 0.789166
vn -0.293481 -0.539524 0.789166
vn -0.293481 -0.539524 0.789166
vn -0.293481 -0.539524 0.789166
vn -0.000001 0.701880 -0.712295
vn -0.000001 0.701880 -0.712295
vn -0.000001 0.701880 -0.712295
vn -0.000001 0.701880 -0.712295
vn -1.000000 -0.000054 0.000000
vn -1.000000 -0.000054 0.000000
vn -1.000000 -0.000054 0.000000
vn -1.000000 -0.000054 0.000000
vn 0.000003 -0.702409 0.711773
vn 0.000003 -0.702409 0.711773
vn 0.000003 -0.702409 0.711773
vn 0.000003 -0.702409 0.711773
vn 0.925912 -0.264542 0.269637
vn 0.925912 -0.264542 0.269637
vn 0.925912 -0.264542 0.269637
vn 0.925912 -0.264542 0.269637
vn -1.000000 0.000000 0.000000
vn -1.000000 0.000000 0.000000
vn -1.000000 0.000000 0.000000
vn -1.000000 0.000000 0.000000
vn 1.000000 0.000000 0.000000
vn 1.000000 0.000000 0.000000
vn 1.000000 0.000000 0.000000
vn 1.000000 0.000000 0.000000
vn 1.000000 0.000000 0.000000
vn 1.000000 0.000000 0.000000
vn 1.000000 0.000000 0.000000
vn 1.000000 0.000000 0.000000
vn 1.000000 0.000000 0.000000
vn 1.000000 0.000000 0.000000
vn 1.000000 0.000000 0.000000
vn 1.000000 0.000000 0.000000
vn -0.000000 0.250047 0.968234
vn -0.000000 0.277657 0.960680
vn -0.944331 0.328997 -0.000006
vn -0.944328 0.329004 -0.000001
vn -0.947220 0.320584 -0.000001
vn -0.947218 0.320591 -0.000001
vn 0.000002 0.277662 -0.960679
vn 0.000002 0.250051 -0.968233
vn 1.000000 0.000042 0.000000
vn 1.000000 0.000042 0.000000
vn -0.000002 0.000000 1.000000
vn -0.000002 0.000000 1.000000
vn -1.000000 0.000000 0.000000
vn -1.000000 0.000000 0.000000
vn 0.000005 0.000000 -1.000000
vn 0.000005 0.000000 -1.000000
vn 1.000000 0.000000 0.000000
vn 1.000000 0.000000 0.000000
vn -1.000000 0.000006 -0.000012
vn -1.000000 0.000006 -0.000001
vn -1.000000 -0.000003 -0.000015
vn -1.000000 -0.000007 -0.000012
vn -1.000000 -0.000003 -0.000000
vn -1.000000 -0.000007 -0.000001
vn 0.000000 -1.000000 0.000000
vn 0.000000 -1.000000 0.000000
vn 0.000000 -1.000000 0.000000
vn 0.000000 -1.000000 0.000000
vn 0.000000 0.000000 1.000000
vn 0.000000 0.000000 1.000000
vn 0.000000 0.000000 1.000000
vn 0.000000 0.000000 1.000000
vn 0.000000 1.000000 0.000000
vn 0.000000 1.000000 0.000000
vn 0.000000 1.000000 0.000000
vn 0.000000 1.000000 0.000000
vn 0.000000 0.000000 -1.000000
vn 0.000000 0.000000 -1.000000
vn 0.000000 0.000000 -1.000000
vn 0.000000 0.000000 -1.000000
vn -1.000000 0.000004 0.000000
vn -1.000000 0.000004 0.000000
vn -1.000000 0.000004 0.000000
vn -1.000000 0.000004 0.000000
vn -1.000000 -0.000004 0.000000
vn -1.000000 -0.000004 0.000000
vn -1.000000 -0.000004 0.000000
vn -1.000000 -0.000004 0.000000
vn 0.000000 1.000000 0.000000
vn 0.000000 1.000000 0.000000
vn 0.000000 1.000000 0.000000
vn 0.000000 1.000000 0.000000
vn -0.000053 0.000000 -1.000000
vn -0.000053 0.000000 -1.000000
vn -0.000053 0.000000 -1.000000
vn -0.000053 0.000000 -1.000000
vn 0.000000 -1.000000 0.000000
vn 0.000000 -1.000000 0.000000
vn 0.000000 -1.000000 0.000000
vn 0.000000 -1.000000 0.000000
vn -0.000057 0.000000 1.000000
vn -0.000057 0.000000 1.000000
vn -0.000057 0.000000 1.000000
vn -0.000057 0.000000 1.000000
s 1
g House pCube251
usemtl lambert14SG
f 3942/7693/7254 3943/7694/7255 3945/7695/7256 3944/7696/7257
s off
usemtl lambert8SG
f 3962/7593/7258 3963/7594/7259 3964/7595/7260 3965/7596/7261
s 2
usemtl lambert14SG
f 3946/7701/7262 3947/7702/7263 3949/7703/7264 3948/7704/7265
s off
f 4002/7689/7266 4003/7690/7267 4004/7691/7268 4005/7692/7269
usemtl lambert15SG
f 4019/7665/7270 4018/7666/7271 4020/7667/7272 4021/7668/7273
s 3
usemtl lambert14SG
f 3948/7669/7274 3942/7670/7275 3944/7671/7276 3946/7672/7277
s 4
usemtl lambert8SG
f 3944/7613/7278 3945/7614/7279 3951/7615/7280 3950/7616/7281
f 3945/7614/7279 3947/7617/7282 3952/7618/7283 3951/7615/7280
f 3947/7617/7282 3946/7619/7284 3953/7620/7285 3952/7618/7283
f 3946/7619/7284 3944/7613/7278 3950/7616/7281 3953/7620/7285
s off
f 3950/7641/7286 3951/7642/7287 3955/7643/7288 3954/7644/7289
f 3951/7539/7290 3952/7540/7291 3956/7541/7292 3955/7542/7293
f 3952/7645/7294 3953/7646/7295 3957/7647/7296 3956/7648/7297
f 3953/7543/7298 3950/7544/7299 3954/7545/7300 3957/7546/7301
s 5
f 3954/7609/7302 3955/7610/7303 3959/7601/7304 3958/7605/7305
f 3955/7610/7303 3956/7611/7306 3960/7603/7307 3959/7601/7304
f 3956/7611/7306 3957/7612/7308 3961/7607/7309 3960/7603/7307
f 3957/7621/7308 3954/7622/7302 3958/7623/7305 3961/7624/7309
s off
usemtl blinn3SG
f 3982/7749/7310 3983/7752/7311 3984/7751/7312 3985/7750/7313
f 3986/7547/7314 3987/7548/7315 3988/7549/7316 3989/7550/7317
f 3991/7753/7318 3990/7756/7319 3992/7755/7320 3993/7754/7321
usemtl lambert8SG
f 3995/7551/7322 3994/7552/7323 3996/7553/7324 3997/7554/7325
s 6
f 3958/7605/7326 3959/7601/7327 3967/7602/7328 3966/7606/7329
f 3959/7601/7327 3963/7594/7330 3968/7598/7331 3967/7602/7328
f 3963/7594/7330 3962/7593/7332 3969/7597/7333 3968/7598/7331
f 3962/7625/7332 3958/7626/7326 3966/7627/7329 3969/7628/7333
s 7
f 3959/7563/7334 3960/7564/7335 3971/7565/7336 3970/7566/7337
f 3960/7564/7335 3964/7567/7338 3972/7568/7339 3971/7565/7336
f 3964/7567/7338 3963/7569/7340 3973/7570/7341 3972/7568/7339
f 3963/7569/7340 3959/7563/7334 3970/7566/7337 3973/7570/7341
s 8
f 3960/7603/7342 3961/7607/7343 3974/7608/7344 3975/7604/7345
f 3961/7571/7343 3965/7572/7346 3976/7573/7347 3974/7574/7344
f 3965/7596/7346 3964/7595/7348 3977/7599/7349 3976/7600/7347
f 3964/7595/7348 3960/7603/7342 3975/7604/7345 3977/7599/7349
s 9
f 3961/7562/7350 3958/7559/7351 3978/7555/7352 3979/7558/7353
f 3958/7559/7351 3962/7560/7354 3980/7556/7355 3978/7555/7352
f 3962/7560/7354 3965/7561/7356 3981/7557/7357 3980/7556/7355
f 3965/7561/7356 3961/7562/7350 3979/7558/7353 3981/7557/7357
s off
f 3966/7651/7358 3967/7652/7359 3983/7650/7360 3982/7649/7361
f 3967/7577/7362 3968/7578/7363 3984/7579/7364 3983/7580/7365
f 3968/7661/7366 3969/7662/7367 3985/7663/7368 3984/7664/7369
f 3969/7581/7370 3966/7582/7371 3982/7583/7372 3985/7584/7373
f 3970/7629/7374 3971/7630/7375 3987/7631/7376 3986/7632/7377
f 3971/7639/7378 3972/7633/7379 3988/7636/7380 3987/7640/7381
f 3972/7633/7382 3973/7634/7383 3989/7635/7384 3988/7636/7385
f 3973/7634/7386 3970/7637/7387 3986/7638/7388 3989/7635/7389
f 3975/7657/7390 3974/7658/7391 3990/7654/7392 3991/7653/7393
f 3974/7574/7394 3976/7573/7395 3992/7575/7396 3990/7576/7397
f 3976/7659/7398 3977/7660/7399 3993/7656/7400 3992/7655/7401
f 3977/7585/7402 3975/7586/7403 3991/7587/7404 3993/7588/7405
f 3979/7589/7406 3978/7590/7407 3994/7591/7408 3995/7592/7409
f 3978/7555/7410 3980/7556/7411 3996/7553/7412 3994/7552/7413
f 3980/7556/7414 3981/7557/7415 3997/7554/7416 3996/7553/7417
f 3981/7557/7418 3979/7558/7419 3995/7551/7420 3997/7554/7421
s 2
usemtl lambert14SG
f 3948/7704/7265 3949/7703/7264 3999/7705/7422 3998/7706/7423
s 10
f 3949/7677/7424 3943/7678/7425 4000/7679/7426 3999/7680/7427
s 1
f 3943/7694/7255 3942/7693/7254 4001/7697/7428 4000/7698/7429
s 3
f 3942/7670/7275 3948/7669/7274 3998/7673/7430 4001/7674/7431
s 2
f 3998/7706/7423 3999/7705/7422 4003/7707/7432 4002/7708/7433
s 10
f 3999/7680/7427 4000/7679/7426 4004/7683/7434 4003/7684/7435
s 1
f 4000/7698/7429 4001/7697/7428 4005/7699/7436 4004/7700/7437
s 3
f 4001/7674/7431 3998/7673/7430 4002/7675/7438 4005/7676/7439
s 10
f 3943/7678/7425 3949/7677/7424 4006/7681/7440 4007/7682/7441
f 3949/7677/7424 3947/7685/7442 4008/7686/7443 4006/7681/7440
f 3947/7685/7442 3945/7687/7444 4009/7688/7445 4008/7686/7443
f 3945/7687/7444 3943/7678/7425 4007/7682/7441 4009/7688/7445
s off
usemtl lambert8SG
f 4007/7717/7446 4006/7718/7447 4010/7719/7448 4011/7720/7449
f 4006/7733/7450 4008/7734/7451 4012/7735/7452 4010/7736/7453
f 4008/7721/7454 4009/7722/7455 4013/7723/7456 4012/7724/7457
f 4009/7737/7458 4007/7738/7459 4011/7739/7460 4013/7740/7461
s 11
f 4011/7709/7462 4010/7710/7463 4014/7711/7464 4015/7712/7465
f 4010/7710/7463 4012/7713/7466 4016/7714/7467 4014/7711/7464
f 4012/7713/7466 4013/7715/7468 4017/7716/7469 4016/7714/7467
f 4013/7715/7468 4011/7709/7462 4015/7712/7465 4017/7716/7469
s off
f 4015/7725/7470 4014/7726/7471 4018/7727/7472 4019/7728/7473
f 4014/7741/7474 4016/7742/7475 4020/7743/7476 4018/7744/7477
f 4016/7729/7478 4017/7730/7479 4021/7731/7480 4020/7732/7481
f 4017/7745/7482 4015/7746/7483 4019/7747/7484 4021/7748/7485
